PC4,City,Benchmark,AVR,dist_per_car_month,hours_per_car_month,hours_per_person_month,car_per_active_user,own_petrol,own_diesel,own_hybrid,own_electric,shared_petrol,shared_electric,share_train,share_bus_btm,share_tram_btm,share_metro_btm,non_carsharing_time
1011,Amsterdam,0,4.72620553066609,1583.81531588795,160.822550643978,5.7661772333937,0.0358542829367171,0.467027715833069,0.0484230646702771,0.318254221089518,0.166294998407136,0.811992577165637,0.188007422834363,0.132785914761032,0.567567567567568,0.324324324324324,0.108108108108108,132.473822766606
1012,Amsterdam,0,7.78013146650974,1428.41109367019,150.90485132282,8.52338566199614,0.0564818532159888,0.67764705882353,0.072156862745098,0.170980392156862,0.0792156862745098,0.856445999596678,0.143554000403322,0.132785914761032,0.558823529411765,0.323529411764706,0.117647058823529,129.716614338004
1013,Amsterdam,0,5.91577852814331,1539.60577443803,150.701535878491,6.05769313078269,0.0401966250408154,0.696646341463416,0.0871080139372822,0.126959930313588,0.0892857142857142,0.654341925138202,0.345658074861798,0.132785914761032,1,0,0,132.182306869217
1014,Amsterdam,0,2.28383407778544,1553.58977222069,156.256767228436,10.7182983262155,0.0685941384576713,0.482304124969491,0.0734683915059799,0.147180864046863,0.297046619477666,0.557038727767629,0.442961272232371,0.132785914761032,0.875,0,0.125,127.521701673785
1015,Amsterdam,0,6.08539441215455,1633.46345361304,148.785011034327,5.08619738565684,0.0341848775646048,0.741525423728815,0.0570404172099087,0.13070404172099,0.0707301173402868,0.769260093762973,0.230739906237027,0.132785914761032,0.540540540540541,0.45945945945946,0,133.153802614343
1016,Amsterdam,0,5.67231682254013,1632.8427258456,144.588593290594,5.62805937151247,0.0389246429709791,0.671255060728745,0.0765182186234817,0.157894736842105,0.094331983805668,0.760821430919532,0.239178569080468,0.132785914761032,0.472727272727273,0.509090909090909,0.0181818181818182,132.611940628488
1017,Amsterdam,0,5.33351357049368,1411.67976017567,135.582912818115,5.90103135386347,0.0435234147962268,0.634196586227194,0.0541494997057092,0.175397292525014,0.136256621542083,0.726569459632181,0.273430540367819,0.132785914761032,0.452380952380952,0.476190476190476,0.0714285714285714,132.338968646137
1018,Amsterdam,0,6.17347798647394,1658.02831072439,155.947814694254,6.10954730697923,0.0391768702816221,0.714344856137446,0.0790726557648519,0.134754709169944,0.0718277789277582,0.645803013854603,0.354196986145397,0.132785914761032,0.459459459459459,0.540540540540541,0,132.130452693021
1019,Amsterdam,0,4.36299008663794,1628.83987795576,153.00971659805,6.85001355816422,0.0447684873252783,0.698540145985402,0.0720802919708029,0.157481751824817,0.0718978102189781,0.646034555627317,0.353965444372683,0.132785914761032,0.705882352941176,0.294117647058824,0,131.389986441836
1021,Amsterdam,0,4.68873032299555,1615.01144520597,162.342359398586,7.29333633710352,0.044925651962448,0.775644541963796,0.0910586944596818,0.0943499725726823,0.0389467910038398,0.662886293711902,0.337113706288098,0.132785914761032,0.833333333333333,0.111111111111111,0.0555555555555556,130.946663662897
1022,Amsterdam,0,5.27741015453193,1547.76571448452,152.915706703488,7.09494887452343,0.0463977770987314,0.716967509025271,0.0779783393501805,0.133574007220216,0.0714801444043321,0.570186105504989,0.429813894495011,0.132785914761032,0.9375,0,0.0625,131.145051125477
1023,Amsterdam,0,2.22029687817339,1468.02043655033,148.852328089792,11.9176768263461,0.0800637583522174,0.78820697954272,0.0601684717208182,0.105294825511432,0.04632972322503,0.50005202905994,0.49994797094006,0.132785914761032,1,0,0,126.322323173654
1024,Amsterdam,0,4.79647281305329,1477.02340105939,159.736385630306,4.34291397895041,0.0271880070518288,0.760929303022733,0.0804396702473145,0.111416437671746,0.0472145890582063,0.320509477050263,0.679490522949737,0.132785914761032,1,0,0,133.89708602105
1025,Amsterdam,0,4.61778902352736,1554.584365845,156.794980846399,4.59127756764449,0.0292820442520558,0.780752365566583,0.0648511423955689,0.106854373413339,0.0475421186245095,0.417092368254394,0.582907631745606,0.132785914761032,0.947368421052632,0,0.0526315789473684,133.648722432356
1031,Amsterdam,0,5.16317311116533,1612.82440266579,158.649846168486,6.05311873360037,0.0381539527442842,0.696878525761565,0.0710793531402782,0.145543437382474,0.0864986837156825,0.607968673228221,0.392031326771779,0.132785914761032,1,0,0,132.1868812664
1032,Amsterdam,0,3.51842473540587,1717.70556332022,161.911510572589,7.33774822478114,0.0453194970439822,0.754677754677755,0.0717255717255717,0.11018711018711,0.0634095634095634,0.489209340396981,0.510790659603019,0.132785914761032,1,0,0,130.902251775219
1033,Amsterdam,0,4.99338381296393,1858.54492194664,164.995177686108,4.40536506782216,0.0266999625661973,0.747121951219513,0.0542439024390243,0.134829268292682,0.0638048780487804,0.52594956325125,0.47405043674875,0.132785914761032,1,0,0,133.834634932178
1034,Amsterdam,0,3.80601628568006,1478.02865646643,150.50215595338,5.20622302881534,0.0345923485004961,0.747701013911814,0.0917236500825277,0.115067201131808,0.0455081348738505,0.412472882720857,0.587527117279143,0.132785914761032,1,0,0,133.033776971185
1035,Amsterdam,0,3.70954959090558,1538.10471743295,152.90408782083,5.05801714228193,0.0330796724559046,0.735340729001585,0.0668251452720549,0.138140517696777,0.0596936080295826,0.59900882246798,0.40099117753202,0.132785914761032,1,0,0,133.181982857718
1036,Amsterdam,0,5.60434517161148,1745.58585339245,163.056858575847,3.04502279452772,0.01867460725739,0.711180124223603,0.067287784679089,0.135610766045548,0.0859213250517598,0.484795216257761,0.515204783742239,0.132785914761032,1,0,0,135.194977205472
1043,Amsterdam,0,0.983061073791316,1451.09679661542,146.680589822329,5.28644246582897,0.0360405045564128,0.34170522141441,0.0799735624586913,0.201586252478519,0.37673496364838,0.664682680551971,0.335317319448029,0.132785914761032,1,0,0,132.953557534171
1051,Amsterdam,0,5.8247736971247,1725.20680110561,155.241064202988,5.99940901123963,0.0386457606564395,0.714394807178313,0.0675830469644902,0.090110729285987,0.12791141657121,0.644070646149693,0.355929353850307,0.132785914761032,0.621621621621622,0.378378378378378,0,132.24059098876
1052,Amsterdam,0,6.77157778924863,1724.16462910451,152.404133591888,5.33293439612892,0.0349920587482857,0.784122562674095,0.0696378830083565,0.0974930362116991,0.0487465181058495,0.696479894980131,0.303520105019869,0.132785914761032,0.555555555555556,0.444444444444444,0,132.907065603871
1053,Amsterdam,0,6.9377508422538,1634.45316056707,145.796567621358,4.30426432975218,0.02952239822909,0.78898756660746,0.0674955595026643,0.0984014209591474,0.0451154529307282,0.611866431671259,0.388133568328741,0.132785914761032,0.468085106382979,0.531914893617021,0,133.935735670248
1054,Amsterdam,0,7.29582616366344,1503.25105291728,142.55542891154,3.7669161630515,0.0264242210332725,0.679353778751369,0.0533953997809419,0.195235487404162,0.0720153340635268,0.546943846317993,0.453056153682007,0.132785914761032,0.475,0.525,0,134.473083836949
1055,Amsterdam,0,7.56742567878877,1627.58743964504,154.593886404783,4.09592289790011,0.0264947275287167,0.768241469816273,0.0879265091863517,0.0979002624671916,0.0459317585301837,0.551101886389667,0.448898113610333,0.132785914761032,0.666666666666667,0.305555555555556,0.0277777777777778,134.1440771021
1056,Amsterdam,0,7.02024314390852,1675.92464711337,149.447498957666,4.32199977849492,0.0289198535180519,0.794303797468355,0.0796892980437284,0.0911967779056386,0.0348101265822784,0.576171726462649,0.423828273537351,0.132785914761032,0.645833333333333,0.354166666666667,0,133.918000221505
1057,Amsterdam,0,5.99017540504755,1604.00405838871,146.240554851676,5.85236899858737,0.0400187827824034,0.767195767195767,0.0943043884220354,0.0961718020541549,0.0423280423280423,0.536783174906049,0.463216825093951,0.132785914761032,0.558823529411765,0.441176470588235,0,132.387631001413
1058,Amsterdam,0,6.87162150285432,1587.49931609153,151.376003148153,5.50374780797463,0.0363581260801824,0.760818713450293,0.0576023391812865,0.124561403508771,0.0570175438596491,0.477209507606276,0.522790492393724,0.132785914761032,0.487179487179487,0.487179487179487,0.0256410256410256,132.736252192025
1059,Amsterdam,0,7.72199172152335,1561.04452656177,149.119675415533,5.01802622628286,0.0336510001936348,0.742227979274612,0.0615284974093264,0.1360103626943,0.0602331606217616,0.443708067702674,0.556291932297326,0.132785914761032,0.666666666666667,0.3,0.0333333333333333,133.221973773717
1060,Amsterdam,0,4.85837849301315,1332.23325593016,146.661065715232,3.68472152365565,0.0251240607429526,0.483370642788615,0.0410937000319795,0.406459865685961,0.0690757914934442,0.45482182018688,0.54517817981312,0.132785914761032,0.6875,0.3125,0,134.555278476344
1061,Amsterdam,0,7.08280048788214,1625.45256316396,153.586469546236,5.23335589919494,0.0340743290385972,0.717512376237625,0.116027227722772,0.119430693069306,0.047029702970297,0.526808040971082,0.473191959028918,0.132785914761032,0.594594594594595,0.351351351351351,0.0540540540540541,133.006644100805
1062,Amsterdam,0,9.25452149397356,1630.9134150652,156.041425854323,3.81172798647592,0.0244276669839871,0.72811534500515,0.0906282183316168,0.126673532440782,0.054582904222451,0.442384322841536,0.557615677158464,0.132785914761032,0.666666666666667,0.242424242424242,0.0909090909090909,134.428272013524
1063,Amsterdam,0,6.21428384681862,1451.10621695198,147.33349499656,5.62989396893403,0.0382119080869254,0.76597836774828,0.101278269419862,0.101278269419862,0.031465093411996,0.52061023605,0.47938976395,0.132785914761032,0.666666666666667,0.296296296296296,0.037037037037037,132.610106031066
1064,Amsterdam,0,5.23830038140603,1426.40462027965,150.627199900002,6.40947727318718,0.04255192473499,0.707927087749047,0.145188639253921,0.108096651123357,0.0387876218736752,0.449577700315212,0.550422299684788,0.132785914761032,0.454545454545455,0.545454545454545,0,131.830522726813
1065,Amsterdam,0,4.37648816596731,1562.66518097702,152.6130068223,6.52527457736978,0.0427570016031969,0.764536970567122,0.0947595118449389,0.100143575017946,0.0405599425699928,0.490275547006398,0.509724452993602,0.132785914761032,0.695652173913044,0.173913043478261,0.130434782608696,131.71472542263
1066,Amsterdam,0,4.64891886283636,1696.65136822197,155.974322875562,6.02992258185608,0.0386597131546249,0.707789284106259,0.0805943268797838,0.151733453399369,0.059882935614588,0.548294009006008,0.451705990993992,0.132785914761032,0.833333333333333,0.166666666666667,0,132.210077418144
1067,Amsterdam,0,4.65418527571538,1300.7677183743,146.583316768853,5.09968304477668,0.0347903373807428,0.724589117600128,0.10276049146322,0.127333652465294,0.0453167384713579,0.258548460548742,0.741451539451258,0.132785914761032,1,0,0,133.140316955223
1068,Amsterdam,0,7.58953985725424,1579.06509512426,157.098828785864,2.99840678816127,0.0190861180273234,0.750903251706143,0.0893215576073866,0.123444399839421,0.0363307908470493,0.508486212878087,0.491513787121913,0.132785914761032,0.714285714285714,0.285714285714286,0,135.241593211839
1069,Amsterdam,0,6.70564072172947,1465.81665679085,159.640678834634,3.91565976236966,0.0245279573536877,0.734594796464584,0.0988422756130959,0.124859952695132,0.0417029752271878,0.529245263642275,0.470754736357725,0.132785914761032,0.625,0.375,0,134.32434023763
1071,Amsterdam,0,3.60814532355586,1419.47764819266,136.224603381731,7.67404497466595,0.0563337663253209,0.617468573905506,0.0409622886866059,0.256176853055916,0.0853922843519722,0.55578753748639,0.44421246251361,0.132785914761032,0.5,0.475,0.025,130.565955025334
1072,Amsterdam,0,8.63712810910395,1480.18701612286,142.98136745942,3.94032600163535,0.0275583180637412,0.767217630853995,0.0596877869605142,0.119375573921028,0.0537190082644628,0.583352294365965,0.416647705634035,0.132785914761032,0.428571428571429,0.523809523809524,0.0476190476190476,134.299673998365
1073,Amsterdam,0,6.61966643038103,1510.48378417348,144.639654383253,4.58791594429384,0.0317196273999466,0.672082717872969,0.0904726735598227,0.16506646971935,0.0723781388478582,0.576650507492794,0.423349492507207,0.132785914761032,0.365853658536585,0.560975609756098,0.0731707317073171,133.652084055706
1074,Amsterdam,0,6.51041522259016,1524.96408104804,146.584752541059,5.32982468746546,0.0363600210463401,0.743333333333333,0.0706666666666666,0.12,0.066,0.549989582914557,0.450010417085443,0.132785914761032,0.371428571428571,0.542857142857143,0.0857142857142857,132.910175312535
1075,Amsterdam,0,4.55030638406935,1455.61528803851,142.493802970809,8.32715907671097,0.0584387454268229,0.671812080536914,0.0936241610738255,0.158053691275167,0.0765100671140939,0.479767410127903,0.520232589872097,0.132785914761032,0.540540540540541,0.45945945945946,0,129.912840923289
1076,Amsterdam,0,5.24552359326016,1405.32783784352,136.215293363754,5.77979631356024,0.0424313318338322,0.73826247689464,0.0573012939001848,0.142698706099815,0.0617375231053604,0.444557434722386,0.555442565277614,0.132785914761032,0.642857142857143,0.321428571428571,0.0357142857142857,132.46020368644
1077,Amsterdam,0,3.16086090083423,1357.81567766841,130.838088669336,10.8907565535345,0.0832384259377132,0.626060771968246,0.0517382972898987,0.223104297837393,0.099096632904462,0.474820441066859,0.525179558933141,0.132785914761032,0.533333333333333,0.433333333333333,0.0333333333333333,127.349243446466
1078,Amsterdam,0,6.93523429897019,1518.05525428628,150.318488366904,4.96550866636918,0.0330332530636494,0.752369306022624,0.0550290431060837,0.130235402017731,0.0623662488535615,0.502342667743978,0.497657332256022,0.132785914761032,0.431818181818182,0.5,0.0681818181818182,133.274491333631
1079,Amsterdam,0,7.58342938784627,1551.68315231745,151.206492577363,5.15784870496908,0.0341112912352631,0.776768941765812,0.0585472761427676,0.111145898559799,0.0535378835316217,0.476761084004156,0.523238915995844,0.132785914761032,0.433333333333333,0.5,0.0666666666666667,133.082151295031
1081,Amsterdam,0,1.94552614455927,1483.1498983209,131.471682158163,9.48101998800507,0.0721145408073445,0.231168831168831,0.0152380952380952,0.714112554112554,0.0394805194805194,0.321616559693071,0.678383440306929,0.132785914761032,0.8,0.133333333333333,0.0666666666666667,128.758980011995
1082,Amsterdam,0,5.73738774956745,1405.1070049078,126.017934064514,3.38473016645553,0.0268591148679103,0.528328950513986,0.0317953621802534,0.140329906765479,0.299545780540282,0.296376358229391,0.703623641770609,0.132785914761032,0.833333333333333,0.166666666666667,0,134.855269833544
1083,Amsterdam,0,4.95650260062909,1302.63059845121,119.286383764894,5.47168609469276,0.04587016490899,0.711475409836066,0.0407494145199063,0.180327868852459,0.067447306791569,0.310936823272494,0.689063176727506,0.132785914761032,0.875,0.0833333333333333,0.0416666666666667,132.768313905307
1086,Amsterdam,0,3.73488770004896,1613.14858894767,142.560306675473,5.99884763005259,0.0420793681631766,0.643020594965676,0.0747520976353928,0.151029748283752,0.131197559115179,0.378059670853955,0.621940329146046,0.132785914761032,0.666666666666667,0.333333333333333,0,132.241152369947
1087,Amsterdam,0,4.61686384600534,1740.46361370847,161.243044252944,4.14525250297671,0.0257081012218673,0.641737891737893,0.0829772079772079,0.167735042735042,0.107549857549857,0.3710212111103,0.6289787888897,0.132785914761032,0.6,0.4,0,134.094747497023
1091,Amsterdam,0,7.23183828511968,1584.06360269162,149.977089395847,5.07082301701965,0.0338106509297284,0.766826923076923,0.0714285714285714,0.101304945054945,0.0604395604395604,0.521311427735736,0.478688572264265,0.132785914761032,0.405405405405405,0.540540540540541,0.0540540540540541,133.16917698298
1092,Amsterdam,0,6.37764166859627,1602.6314573733,155.450834809792,5.77276552323065,0.0371356353942656,0.752179327521794,0.0846824408468244,0.107098381070983,0.0560398505603985,0.535343230896968,0.464656769103032,0.132785914761032,0.421052631578947,0.552631578947369,0.0263157894736842,132.467234476769
1093,Amsterdam,0,6.74599821638174,1623.59362507703,157.639263866364,6.06364526868368,0.0384653234223678,0.74927113702624,0.0787172011661807,0.117784256559766,0.0542274052478134,0.539994490158964,0.460005509841036,0.132785914761032,0.51219512195122,0.487804878048781,0,132.176354731316
1094,Amsterdam,0,8.18047901263376,1641.67292923137,158.980077628737,3.31538204138519,0.0208540723519304,0.782254196642686,0.0906474820143884,0.0839328537170263,0.0431654676258992,0.552085543010117,0.447914456989883,0.132785914761032,0.547619047619048,0.452380952380952,0,134.924617958615
1095,Amsterdam,0,5.26715078876813,1646.08980799467,154.206164216037,5.27352944188615,0.0341979159438668,0.739441195581547,0.0925925925925925,0.113060428849902,0.0549057829759584,0.565540229969537,0.434459770030463,0.132785914761032,0.5,0.5,0,132.966470558114
1096,Amsterdam,0,6.75181876288609,1560.578983328,139.969804855161,4.70204273113743,0.03359326489026,0.453886010362696,0.044041450777202,0.134715025906735,0.367357512953367,0.448541620411529,0.551458379588471,0.132785914761032,0.5,0,0.5,133.537957268863
1097,Amsterdam,0,4.74960432505729,1559.12103759266,148.215731117416,7.74670695419255,0.0522664287777634,0.744147157190636,0.0875139353400222,0.11984392419175,0.0484949832775919,0.446400353422256,0.553599646577744,0.132785914761032,0.785714285714286,0.142857142857143,0.0714285714285714,130.493293045807
1098,Amsterdam,0,5.65373206804416,1508.53821840536,147.004212308675,4.98043123455844,0.0338795137659095,0.713936430317849,0.0613963596848682,0.157022548220592,0.0676446617766911,0.542191228597318,0.457808771402682,0.132785914761032,0.875,0.125,0,133.259568765442
1101,Amsterdam,0,0.356360924355187,1523.58814293493,142.332908699403,21.7271693964945,0.152650357496598,0.22436323366556,0.0143964562569213,0.244739756367663,0.516500553709856,0.385675551233778,0.614324448766222,0.132785914761032,0.925925925925926,0,0.0740740740740741,116.512830603506
1102,Amsterdam,0,5.24794943992732,1568.97314627264,146.989119744029,3.38257755535367,0.0230124349424242,0.490727837924751,0.0301211276664165,0.0935791617536713,0.385571872655161,0.475429158792757,0.524570841207243,0.132785914761032,0.888888888888889,0,0.111111111111111,134.857422444646
1103,Amsterdam,0,4.77225874315195,1538.3207622702,154.905042460764,5.38598540688075,0.0347695938190325,0.749292877346363,0.0807405502699922,0.131396245821547,0.0385703265620982,0.460165521096038,0.539834478903962,0.132785914761032,0.888888888888889,0,0.111111111111111,132.854014593119
1104,Amsterdam,0,3.98001597657158,1444.32216993956,136.932970670201,3.93765542942173,0.0287560797823152,0.786395889405433,0.0579887448005872,0.10986053339858,0.0457548323954,0.468065147089544,0.531934852910456,0.132785914761032,0.863636363636364,0,0.136363636363636,134.302344570578
1105,Amsterdam,0,5.61445500635953,1602.1683938834,135.999241660983,2.42196332821543,0.0178086531853822,0.465827338129498,0.0404676258992805,0.367805755395683,0.125899280575539,0.596038416463434,0.403961583536566,0.132785914761032,0.888888888888889,0,0.111111111111111,135.818036671785
1106,Amsterdam,0,3.66702477750405,1591.93615824624,159.688684544699,4.12627688298229,0.0258395070054403,0.78918806094761,0.0484241285744103,0.127113337507827,0.0352744729701523,0.449372847359356,0.550627152640644,0.132785914761032,0.882352941176471,0,0.117647058823529,134.113723117018
1107,Amsterdam,0,5.077240979216,1631.77626371753,176.878160111415,3.26454403997119,0.0184564563421219,0.793674698795182,0.0457831325301204,0.13222891566265,0.0283132530120481,0.404640942528492,0.595359057471509,0.132785914761032,0.8,0,0.2,134.975455960029
1108,Amsterdam,0,3.13704367829372,1440.42771955518,155.793118775007,7.06690839196548,0.0453608506430336,0.78941798941799,0.0507936507936507,0.122751322751322,0.037037037037037,0.420455006966207,0.579544993033793,0.132785914761032,0.888888888888889,0,0.111111111111111,131.173091608035
1111,Diemen,0,3.86168663250749,1341.37002019464,132.880611649331,4.44657038098115,0.0334628982045594,0.738154613466334,0.0579800498753117,0.153366583541147,0.0504987531172069,0.519831981384198,0.480168018615802,0.132785914761032,1,0,0,133.793429619019
1112,Diemen,0,4.98372179458581,1455.93830929982,152.519775662216,4.48470725860295,0.0294041034294149,0.677039132484677,0.0608203677510608,0.182225365393682,0.0799151343705799,0.518028386101914,0.481971613898086,0.132785914761032,0.909090909090909,0,0.0909090909090909,133.755292741397
1113,Diemen,0,4.84540719598138,1200.06980313615,135.052460283815,2.30769573894815,0.01708740243679,0.709183673469389,0.0502915451895043,0.174198250728862,0.0663265306122449,0.520857012182266,0.479142987817734,0.132785914761032,1,0,0,135.932304261052
1114,Ouder-Amstel,0,0.207189160966074,1320.48034319891,112.680055579872,195.431918377382,1.73439671618597,0.376445846477393,0.0152471083070452,0.273922187171398,0.334384858044164,0.529898965332921,0.470101034667079,0.132785914761032,0.666666666666667,0,0.333333333333333,0
1115,Ouder-Amstel,0,4.21693793728827,1387.39717144938,132.654231786744,5.45916632129851,0.0411533521981772,0.754125412541255,0.0566556655665566,0.144664466446644,0.0445544554455445,0.686899146761259,0.313100853238741,0.132785914761032,0.8,0,0.2,132.780833678702
1121,Landsmeer,0,3.04778738675135,1366.7327824153,131.286619338652,4.24957986369885,0.0323687203243243,0.729342327150085,0.0499578414839797,0.16252107925801,0.0581787521079257,0.271496601119627,0.728503398880373,0.132785914761032,1,0,0,133.990420136301
1131,Edam-Volendam,0,1.32232449750425,0,0,0,0,0.698275862068966,0.0301724137931034,0.219558189655172,0.0519935344827586,0,1,0.132785914761032,1,0,0,138.24
1132,Edam-Volendam,0,1.61821505023635,1588.08333333333,271.373428541666,0.303926646968808,0.00111995728027641,0.685616713539575,0.0291281639212535,0.251908396946564,0.0333467255926074,1,0,0.132785914761032,1,0,0,137.936073353031
1135,Edam-Volendam,0,1.15973161163399,1588.08333333333,271.373428541666,6.25417677870326,0.0230463859793223,0.731301939058172,0.0630963373345644,0.157894736842105,0.0477069867651585,1,0,0.132785914761032,1,0,0,131.985823221297
1141,Waterland,0,1.23519911113968,0,0,0,0,0.746976744186047,0.0590697674418604,0.150465116279069,0.0434883720930232,0,1,0.132785914761032,1,0,0,138.24
1161,Haarlemmermeer,0,3.65809635803778,0,0,0,0,0.777585781288571,0.0498642310540607,0.128363367069859,0.0441866205875092,0,1,0.132785914761032,1,0,0,138.24
1171,Haarlemmermeer,0,8.3744015320801,1328.25497114738,143.727465366513,2.36285533717015,0.0164398316713144,0.711294150495603,0.0478849644003908,0.168085997487086,0.0727348876169202,0.429740447997011,0.570259552002989,0.132785914761032,1,0,0,135.87714466283
1181,Amstelveen,0,4.05739721656768,1358.97486544196,133.29490169871,3.56044980315941,0.0267110726500792,0.672350293275133,0.0440594734688309,0.19915427636066,0.0844359568953758,0.614336237531992,0.385663762468008,0.132785914761032,0.896551724137931,0.103448275862069,0,134.679550196841
1182,Amstelveen,0,1.40876459044995,1309.15931976635,125.358996483862,11.7917449182704,0.0940638107276844,0.546441495778047,0.0321672698029754,0.247687977482911,0.173703256936067,0.54821145421142,0.45178854578858,0.132785914761032,1,0,0,126.44825508173
1183,Amstelveen,0,4.79517259206489,1321.61859790341,127.425070462629,5.36561298883561,0.0421079852603199,0.703625730994153,0.0439766081871345,0.169122807017543,0.0832748538011695,0.455816274049878,0.544183725950122,0.132785914761032,1,0,0,132.874387011164
1185,Amstelveen,0,2.53689203582208,1274.0459144799,129.558817482513,5.4344141631333,0.0419455369285599,0.661254728877681,0.0367276166456494,0.172446406052963,0.129571248423707,0.537856004787084,0.462143995212916,0.132785914761032,0.95,0.05,0,132.805585836867
1186,Amstelveen,0,2.62529015353515,1222.25286921456,128.267652149272,4.17509873528287,0.0325498959817561,0.711119120562265,0.0387457199495404,0.189043070823571,0.0610920886646242,0.435362731171054,0.564637268828946,0.132785914761032,0.909090909090909,0.0909090909090909,0,134.064901264717
1187,Amstelveen,0,4.22185937414024,1223.8844013471,135.465347693222,3.51531245935099,0.0259499017218178,0.671574178935448,0.0364917578960614,0.196048823455391,0.0958852397130992,0.51289016367222,0.48710983632778,0.132785914761032,0.8,0.2,0,134.724687540649
1188,Amstelveen,0,3.0765969897558,1369.56913699362,137.455749354928,4.81610134859573,0.0350374674846081,0.727487352445194,0.0394603709949409,0.171669477234401,0.0613827993254637,0.300746650826827,0.699253349173173,0.132785914761032,1,0,0,133.423898651404
1211,Hilversum,0,7.08227825787761,1683.62707355605,171.336328557853,3.73725578864666,0.0218123956553951,0.525724785626787,0.171090240914659,0.0884034299714169,0.214781543487137,0.798079734119496,0.201920265880504,0.132785914761032,1,0,0,134.502744211353
1212,Hilversum,0,7.52381892073052,1824.1758196058,173.248978829379,4.80745350584684,0.027748812941526,0.796212121212122,0.0636363636363636,0.121212121212121,0.0189393939393939,0.793282149128585,0.206717850871415,0.132785914761032,1,0,0,133.432546494153
1213,Hilversum,0,3.20944066673458,1781.79268827851,161.815998081177,5.79195329548609,0.0357934528363536,0.648604269293925,0.0667761357416529,0.197591680350301,0.0870279146141215,0.741317041330362,0.258682958669638,0.132785914761032,1,0,0,132.448046704514
1214,Hilversum,0,6.75246524209701,1793.53225196942,163.235300585178,3.23788033094891,0.019835662502789,0.801912568306012,0.0461065573770491,0.111338797814207,0.0406420765027322,0.71071524263842,0.289284757361581,0.132785914761032,1,0,0,135.002119669051
1215,Hilversum,0,6.80740897695529,1684.35676728454,159.245858782427,3.65988824236219,0.0229826274312263,0.755476190476191,0.0471428571428571,0.148095238095238,0.0492857142857142,0.600541049428927,0.399458950571073,0.132785914761032,1,0,0,134.580111757638
1216,Hilversum,0,4.11560818771224,1386.11398679571,152.962547323018,3.92544102137904,0.0256627592183694,0.760530602746103,0.0528275541075168,0.143123109145915,0.0435187340004654,0.433151559793787,0.566848440206213,0.132785914761032,1,0,0,134.314558978621
1217,Hilversum,0,2.27156481925366,1522.79096481414,157.388545428771,10.6625287734444,0.0677465360925515,0.647735273409999,0.057263553156536,0.184933114292419,0.110068059141046,0.745468505381901,0.254531494618099,0.132785914761032,1,0,0,127.577471226556
1221,Hilversum,0,7.01449691670837,1644.89621754793,172.143318852925,6.01065645160607,0.0349165828314338,0.783577533577535,0.0653235653235653,0.119963369963369,0.0311355311355311,0.740235999533606,0.259764000466394,0.132785914761032,1,0,0,132.229343548394
1222,Hilversum,0,5.22911538729319,1473.48376475562,157.190813391895,5.57330086075824,0.0354556398080551,0.800138953219084,0.0539601667438629,0.114173228346456,0.0317276516905975,0.614418270483817,0.385581729516183,0.132785914761032,1,0,0,132.666699139242
1223,Hilversum,0,5.74660939388485,1567.05794814422,156.564645644702,5.26648051660066,0.0336377379127602,0.768930843422943,0.0613585060537656,0.129694233531705,0.0400164169915862,0.618410445745943,0.381589554254057,0.132785914761032,1,0,0,132.973519483399
1251,Laren,0,3.67893514978479,1252.64898750318,130.136662864842,6.17220024338377,0.0474286039576266,0.686505507955937,0.056609547123623,0.182986536107711,0.0738984088127295,0.56635551638517,0.433644483614831,0.132785914761032,1,0,0,132.067799756616
1252,Laren,0,4.60966976349989,0,0,0,0,0.734567901234569,0,0.19753086419753,0.0679012345679012,0,1,0.132785914761032,1,0,0,138.24
1261,Blaricum,0,2.66284686258408,741.982712347627,95.8442054047324,4.2616806138402,0.0444646663389185,0.688305709023942,0.0560159607120933,0.184008594229588,0.0716697360343769,0.887040239052653,0.112959760947348,0.132785914761032,1,0,0,133.97831938616
1262,Blaricum,0,8.19022954053247,1240.20659745085,116.506286381701,1.87672511423807,0.0161083592355651,0.596923076923078,0.043076923076923,0.206153846153846,0.153846153846153,0.408668710688072,0.591331289311928,0.132785914761032,1,0,0,136.363274885762
1271,Huizen,0,2.81858689341077,800.574601748308,95.9560649151932,4.84415654567889,0.0504830679536536,0.718023864350011,0.0558928197613565,0.16077035796525,0.0653129579233828,0.732366772586726,0.267633227413274,0.132785914761032,1,0,0,133.395843454321
1272,Huizen,0,1.94578736365952,920.232741549071,115.346420224092,11.8924974006164,0.103102440262229,0.687931951089847,0.0624667729930887,0.168527379053694,0.0810738968633705,0.69086764951385,0.30913235048615,0.132785914761032,1,0,0,126.347502599384
1273,Huizen,0,2.53541822413662,968.811542814031,84.5320496743064,2.97546835926272,0.0351992927029086,0.777031886837689,0.0453128746104051,0.138815631742987,0.0388396068089187,0.681105377084531,0.318894622915469,0.132785914761032,1,0,0,135.264531640737
1274,Huizen,0,4.93690282901793,1217.91819431653,105.686485639368,2.17342077494233,0.0205647937084279,0.781138211382115,0.0549593495934959,0.129756097560975,0.0341463414634146,0.673952435544387,0.326047564455613,0.132785914761032,1,0,0,136.066579225058
1275,Huizen,0,4.36622610279591,1187.77629809432,97.2870973019225,9.09327682612972,0.0934684770983503,0.792964824120604,0.0552763819095477,0.11859296482412,0.0331658291457286,0.832763125115314,0.167236874884686,0.132785914761032,1,0,0,129.14672317387
1276,Huizen,0,2.61985834167524,962.503795193434,85.2000474811247,2.60856799463727,0.0306169781796797,0.78135541245017,0.067770622508433,0.116528672186445,0.0343452928549524,0.748702021046486,0.251297978953514,0.132785914761032,1,0,0,135.631432005363
1277,Huizen,0,3.23528017041052,1240.68225704452,110.270056752127,4.45415641700017,0.0403931633681167,0.704109589041097,0.0484018264840182,0.178082191780821,0.0694063926940639,0.583712683144907,0.416287316855093,0.132785914761032,1,0,0,133.785843583
1311,Almere,0,4.72855364444928,1539.40038752789,180.60944917786,6.41263217047347,0.0355055186739342,0.728260869565218,0.0602766798418972,0.163043478260869,0.0484189723320158,0.770681555384892,0.229318444615109,0.132785914761032,1,0,0,131.827367829527
1312,Almere,0,3.7896783381501,1743.66080343579,157.546050196866,5.75673427236599,0.0365400101441611,0.72358591248666,0.0522945570971184,0.171113482746353,0.0530060476698683,0.39347751631235,0.60652248368765,0.132785914761032,1,0,0,132.483265727634
1313,Almere,0,0.800317145862907,1758.20397493933,144.882003457625,2.53699196284172,0.0175107460022372,0.725862068965518,0.0574712643678161,0.167241379310344,0.0494252873563218,0.340787657944,0.659212342056,0.132785914761032,1,0,0,135.703008037158
1314,Almere,0,4.29517828839517,1762.71536031267,162.141447817726,5.47687728094391,0.0337783913654258,0.743634767339772,0.0680421422300263,0.147497805092186,0.0408252853380158,0.330553570249169,0.669446429750831,0.132785914761032,1,0,0,132.763122719056
1315,Almere,0,6.94194589684073,1895.66944254051,175.639566449121,3.24463255868504,0.0184732439522671,0.688849970811442,0.0502043199065966,0.162288382953882,0.0986573263280794,0.198457464696128,0.801542535303872,0.132785914761032,1,0,0,134.995367441315
1316,Almere,0,2.65231438891543,1662.33126574687,171.340263858948,5.96863617957133,0.0348349888411803,0.523820699366348,0.0293358366580614,0.291480873034498,0.155362590941093,0.384122837695651,0.615877162304349,0.132785914761032,1,0,0,132.271363820429
1317,Almere,0,0.823089534425837,1651.86744629557,174.988325791411,3.4082730532942,0.0194771453345803,0.768020969855833,0.0563564875491481,0.134338138925294,0.0412844036697247,0.199572317858216,0.800427682141784,0.132785914761032,1,0,0,134.831726946706
1318,Almere,0,4.04530428800896,1728.51619726972,162.089441255563,4.76698405262494,0.0294095902589295,0.712934631432546,0.066481223922114,0.16606397774687,0.05452016689847,0.162453113403833,0.837546886596167,0.132785914761032,1,0,0,133.473015947375
1321,Almere,0,6.37952312969584,1418.74316439354,221.682147408662,3.89923475324042,0.0175893043207144,0.68269733403032,0.0514898065865133,0.190799790904338,0.075013068478829,0.826372152438914,0.173627847561086,0.132785914761032,1,0,0,134.34076524676
1323,Almere,0,4.73386455034358,1651.66829550205,182.217023105658,7.42690327974858,0.0407585589598954,0.726376335250617,0.0566967953985209,0.169268693508627,0.047658175842235,0.492400630738219,0.507599369261781,0.132785914761032,1,0,0,130.813096720251
1324,Almere,0,3.06854132552843,1625.46443115638,166.017025995072,7.85182751600697,0.0472953148566825,0.765845557708276,0.0722391364517022,0.13230002767783,0.029615278162192,0.277357386093546,0.722642613906454,0.132785914761032,1,0,0,130.388172483993
1325,Almere,0,4.38545706344384,1540.13447625173,143.58642382069,3.65789387946375,0.0254752070713294,0.698397280233123,0.0541525012141816,0.19208353569694,0.0553666828557552,0.243716332139601,0.756283667860399,0.132785914761032,1,0,0,134.582106120536
1326,Almere,0,3.97844870548394,1717.88423637216,153.520800312437,5.18296054065216,0.0337606404480962,0.713691026827013,0.05527289546716,0.176688251618871,0.0543478260869565,0.173052055602453,0.826947944397547,0.132785914761032,1,0,0,133.057039459348
1327,Almere,0,0.766080208573216,1409.70158147433,132.203782813094,58.1595515165055,0.439923505053784,0.25923107677625,0.0046558417271754,0.254149631788694,0.481963449707881,0.288010296545223,0.711989703454778,0.132785914761032,1,0,0,80.0804484834946
1328,Almere,0,4.617787019418,1623.58790612755,130.848768651047,3.62387308109544,0.0276951255900599,0.684901531728665,0.0680768295647945,0.174568441526866,0.0724531971796742,0.243509157434907,0.756490842565093,0.132785914761032,1,0,0,134.616126918905
1333,Almere,0,4.48917623097278,1423.19275619432,156.076813317434,4.53559422072996,0.029060012979028,0.726835138387485,0.0776173285198555,0.15222623345367,0.0433212996389891,0.266091451388873,0.733908548611127,0.132785914761032,1,0,0,133.70440577927
1334,Almere,0,6.70490418080137,1416.08255100083,154.855140009984,5.48390549265525,0.035413131861827,0.770083102493075,0.0470914127423822,0.149584487534626,0.0332409972299169,0.31015172056836,0.68984827943164,0.132785914761032,1,0,0,132.756094507345
1335,Almere,0,4.60844110935651,1430.68713284342,156.120583661871,6.23860636433664,0.0399601783314386,0.709910261412408,0.0706203667577058,0.150994927818962,0.0684744440109247,0.303620738971206,0.696379261028794,0.132785914761032,1,0,0,132.001393635663
1336,Almere,0,7.21083520521394,1382.71271493807,175.350438086413,5.18771426797452,0.0295848377944628,0.677650810523519,0.0690938081318097,0.163167685357427,0.0900876959872442,0.230534873704016,0.769465126295984,0.132785914761032,1,0,0,133.052285732026
1338,Almere,0,4.70740464307963,1610.37360065449,152.480857878558,3.66545403832784,0.0240387815842901,0.729033902625543,0.0558246240122355,0.166199337241906,0.048942136120316,0.415392537422547,0.584607462577453,0.132785914761032,1,0,0,134.574545961672
1339,Almere,0,5.43853965820346,1722.04375238214,180.039253367241,6.34876375963371,0.0352632197750988,0.707610993657506,0.0723044397463002,0.15137420718816,0.0687103594080338,0.512830289322158,0.487169710677842,0.132785914761032,1,0,0,131.891236240366
1351,Almere,0,1.42206842403691,1069.42858826988,123.877549961519,17.3757920084723,0.140265867494715,0.686511627906977,0.0669767441860465,0.160930232558139,0.0855813953488372,0.852523212985483,0.147476787014517,0.132785914761032,1,0,0,120.864207991528
1352,Almere,0,0.677179348690294,1115.7712394552,130.860197044012,4.57879498859855,0.0349899747366159,0.742785445420327,0.0652446675031367,0.148055207026348,0.0439146800501882,1,0,0.132785914761032,1,0,0,133.661205011401
1353,Almere,0,0.778915151179312,1190.35556095676,138.494012211564,0.781110655088851,0.00564003195961731,0.793484262838212,0.0601877415792379,0.117614577581446,0.0287134180011043,1,0,0.132785914761032,1,0,0,137.458889344911
1354,Almere,0,0.874352072152863,1045.84065764934,123.702698989222,1.51107200345496,0.0122153519349373,0.803605313092979,0.0711574952561669,0.0986717267552182,0.0265654648956356,1,0,0.132785914761032,1,0,0,136.728927996545
1355,Almere,0,0.69056888502882,998.304458727263,118.8615923119,2.03482337470496,0.0171192673354523,0.791282481139984,0.055322715842414,0.11986588432523,0.0335289186923721,0.996975269365752,0.00302473063424813,0.132785914761032,1,0,0,136.205176625295
1356,Almere,0,0.626090486342037,920.25,110.848310185185,0.67560601853096,0.00609486980362878,0.776006711409397,0.0654362416107382,0.118288590604026,0.0402684563758389,1,0,0.132785914761032,1,0,0,137.564393981469
1357,Almere,0,0.68662736681412,920.25,110.848310185185,0.259855750163596,0.00234424638255176,0.762259466170081,0.0521415270018621,0.142768466790813,0.0428305400372439,1,0,0.132785914761032,1,0,0,137.980144249836
1361,Almere,0,4.27849258825089,1650.80686827138,136.208102779852,6.5901606790869,0.0483830296773044,0.610243902439025,0.064390243902439,0.212682926829268,0.112682926829268,0.501674107258649,0.498325892741351,0.132785914761032,1,0,0,131.649839320913
1362,Almere,0,0.21342850635204,1602.90059890887,139.72380157659,7.96790115033293,0.0570260833188489,0.673338670936751,0.10248198558847,0.134507606084867,0.0896717373899119,0.50312242232063,0.49687757767937,0.132785914761032,1,0,0,130.272098849667
1363,Almere,0,7.27249559005854,1562.73661173764,125.658396166007,2.48172635398689,0.0197497853681682,0.667677573822826,0.0601755786113328,0.175897845171588,0.0962490023942537,0.429147355018488,0.570852644981512,0.132785914761032,1,0,0,135.758273646013
1381,Amsterdam,0,3.94847989991955,1635.17684081915,176.048789368664,4.77693982271687,0.0271341816086759,0.711555555555556,0.0635555555555555,0.141777777777777,0.0831111111111111,0.679600052840289,0.320399947159711,0.132785914761032,1,0,0,133.463060177283
1382,Amsterdam,0,3.39653787166524,1743.32167593187,174.217953032564,4.40712741225147,0.0252966318082483,0.483234095894705,0.0424631776872453,0.095894703854591,0.378408022563459,0.445313465556597,0.554686534443403,0.132785914761032,1,0,0,133.832872587749
1383,Amsterdam,0,2.99834771167636,1404.98726161993,127.27111699018,3.60966067063344,0.0283619783969677,0.760994263862334,0.0439770554493307,0.1440407903123,0.0509878903760356,0.791924654087261,0.208075345912739,0.132785914761032,1,0,0,134.630339329367
1384,Amsterdam,0,4.11921834085196,1705.26170517512,147.596047446195,3.98775412973253,0.0270180279128832,0.592105263157896,0.0521442495126705,0.208576998050682,0.147173489278752,0.240972980058755,0.759027019941245,0.132785914761032,1,0,0,134.252245870267
1401,Gooise Meren,0,3.89138794860561,1313.88054324679,148.598712664456,8.66534702077259,0.0583137421946542,0.69407441433165,0.0638493339457969,0.15480018373909,0.0872760679834634,0.705563915696708,0.294436084303292,0.132785914761032,1,0,0,129.574652979227
1402,Gooise Meren,0,4.96038817804135,1425.93513055005,151.015887204527,4.937014375802,0.0326920198079266,0.728339985912186,0.0490725522423104,0.147687250528293,0.0749002113172106,0.632812275054673,0.367187724945328,0.132785914761032,1,0,0,133.302985624198
1403,Gooise Meren,0,5.22081931505411,1413.98041526011,139.526791185223,3.28587821201613,0.0235501596797571,0.796825396825398,0.0424908424908424,0.126495726495726,0.0341880341880341,0.720803698997603,0.279196301002397,0.132785914761032,1,0,0,134.954121787984
1404,Gooise Meren,0,5.97616842208017,1410.90491319624,165.011608569486,6.07447233806417,0.0368123939323107,0.750748951467946,0.0641102456560814,0.124026363091671,0.0611144397843019,0.722244290499399,0.277755709500601,0.132785914761032,1,0,0,132.165527661936
1405,Gooise Meren,0,3.6353344316029,1293.3077168202,162.353763126079,7.75169330053801,0.0477456952723559,0.675487465181059,0.0772980501392757,0.18175487465181,0.0654596100278551,0.808397622886559,0.191602377113441,0.132785914761032,1,0,0,130.488306699462
1406,Gooise Meren,0,3.47185647847011,1410.23747275009,165.33357927571,6.69692505510727,0.040505534837176,0.700555555555557,0.0488888888888888,0.158888888888888,0.0916666666666666,0.723794659049289,0.276205340950711,0.132785914761032,1,0,0,131.543074944893
1412,Gooise Meren,0,4.27113728604159,1175.41856468038,141.120716650475,3.85587221364166,0.0273232187673182,0.69549795361528,0.0532060027285129,0.176807639836289,0.0744884038199181,0.968546989474615,0.0314530105253855,0.132785914761032,1,0,0,134.384127786358
1421,Uithoorn,0,6.26553049446188,1617.49882727392,152.929417211297,1.62797548790683,0.0106452736013341,0.75026988125225,0.0460597337171644,0.151133501259445,0.0525368837711406,1,0,0.132785914761032,0.904761904761905,0.0952380952380952,0,136.612024512093
1422,Uithoorn,0,6.0968099444541,1641.01748919291,153.322894082125,1.66907700173277,0.010886025937123,0.72411909314395,0.0452062278066102,0.163070199399071,0.0676044796503687,1,0,0.132785914761032,0.928571428571429,0.0714285714285714,0,136.570922998267
1423,Uithoorn,0,5.88210439755085,1553.45919921445,152.13209732353,0.539442307246648,0.00354588095962057,0.735636235459993,0.0415932322876277,0.152273528375044,0.0704970038773352,1,0,0.132785914761032,1,0,0,137.700557692753
1427,De Ronde Venen,0,4.7581043468828,1424.44444444444,135.800061728395,13.6832192340093,0.100760036923814,0.705992509363296,0.0692883895131086,0.144194756554307,0.0805243445692883,1,0,0.132785914761032,0.923076923076923,0.0769230769230769,0,124.556780765991
1431,Aalsmeer,0,1.43032230780048,0,0,0,0,0.742065142065143,0.0482328482328482,0.146638946638946,0.063063063063063,0,1,0.132785914761032,1,0,0,138.24
1441,Purmerend,0,4.0338187526314,1188.45747336539,118.289708384478,3.55439105678026,0.0300481851322804,0.77848475880438,0.0393607576205978,0.142201834862385,0.0399526487126368,0.659155474721567,0.340844525278433,0.132785914761032,1,0,0,134.68560894322
1442,Purmerend,0,5.21200329199782,1877.74119545155,159.038571585406,5.63190511974489,0.03541219632195,0.798578199052133,0.0528097494922139,0.118821936357481,0.0297901150981719,0.193838335551943,0.806161664448057,0.132785914761032,1,0,0,132.608094880255
1443,Purmerend,0,4.87314763589926,1672.33986554186,155.126505308944,3.94550268928351,0.0254340976832154,0.817685216797543,0.0392625469443496,0.118129054284738,0.0249231819733697,0.348982632168472,0.651017367831528,0.132785914761032,1,0,0,134.294497310717
1444,Purmerend,0,4.2013957695806,1954.91656713243,154.668814884218,3.47612867954784,0.0224746577527603,0.785094763893351,0.0491487311275297,0.134275618374558,0.0314808866045615,0.000350061178032973,0.999649938821967,0.132785914761032,1,0,0,134.763871320452
1445,Purmerend,0,4.82312052606876,1279.54440306887,132.244029882145,4.27798024764555,0.0323491370571364,0.791099476439792,0.0476439790575916,0.136387434554973,0.0248691099476439,0.474911240156171,0.525088759843829,0.132785914761032,1,0,0,133.962019752354
1446,Purmerend,0,2.46938691586039,1213.8952783732,129.75457505818,4.44358491054881,0.0342460750116624,0.675641025641026,0.0746794871794871,0.185576923076923,0.0641025641025641,0.953276964818436,0.0467230351815643,0.132785914761032,1,0,0,133.796415089451
1447,Purmerend,0,4.73149040842364,831.265171642314,106.157507757227,2.21750177155698,0.0208887889175791,0.742857142857144,0.0469135802469135,0.165255731922398,0.0449735449735449,0.425466552772036,0.574533447227964,0.132785914761032,1,0,0,136.022498228443
1448,Purmerend,0,3.66626344272799,1123.15763444089,129.314237978512,3.74603437867441,0.0289684603739991,0.713644633110977,0.0382049727107337,0.187750151607034,0.0604002425712553,0.407265636723145,0.592734363276855,0.132785914761032,1,0,0,134.493965621326
1461,Purmerend,0,3.44553162298455,2068.11419203849,153.309090317111,6.04072802407857,0.0394022820928861,0.6744920993228,0.0713318284424379,0.173814898419864,0.0803611738148984,0.0447197022331848,0.955280297766815,0.132785914761032,1,0,0,132.199271975921
1501,Zaanstad,0,6.30782899053866,1456.28287457019,146.121453474714,4.01171012670968,0.027454627854519,0.817612874385338,0.0509611086276262,0.103710326329906,0.02771569065713,0.365471076775247,0.634528923224753,0.132785914761032,1,0,0,134.22828987329
1502,Zaanstad,0,5.69793858036145,1523.08956497547,156.664324042542,5.36242590497809,0.0342287622772491,0.778816199376947,0.0579439252336448,0.129595015576324,0.0336448598130841,0.528905034240544,0.471094965759456,0.132785914761032,1,0,0,132.877574095022
1503,Zaanstad,0,4.7651936688408,1300.67314462461,132.659382500366,4.49618994091875,0.0338927398588362,0.794160231660232,0.0752895752895752,0.104971042471042,0.0255791505791505,0.485832503553113,0.514167496446887,0.132785914761032,1,0,0,133.743810059081
1504,Zaanstad,0,3.68580907376099,1123.06544617245,109.84742738134,3.74583654615132,0.0341003575181373,0.776226279985679,0.079484425349087,0.115646258503401,0.0286430361618331,0.379512516521284,0.620487483478716,0.132785914761032,1,0,0,134.494163453849
1505,Zaanstad,0,3.41668611689739,1351.65958713982,122.505133016097,2.77502272157634,0.0226522975262735,0.761325966850829,0.0626151012891344,0.126335174953959,0.0497237569060773,0.172610878306961,0.827389121693039,0.132785914761032,1,0,0,135.464977278424
1506,Zaanstad,0,4.90256848026934,1594.07392340678,151.57932508194,4.89424599339806,0.0322883479706243,0.749909779862866,0.0535907614579574,0.141104294478527,0.0553951642006495,0.489277345168895,0.510722654831105,0.132785914761032,1,0,0,133.345754006602
1507,Zaanstad,0,4.11691481328101,1550.82083028676,133.951844604539,3.72926133538183,0.0278403134080878,0.731823599523243,0.0539758215562744,0.167035586582666,0.0471649923378171,0.588052522926471,0.411947477073529,0.132785914761032,1,0,0,134.510738664618
1508,Zaanstad,0,4.59919835282853,1712.12339673845,154.938373968866,6.30559606531348,0.0406974457249729,0.775618374558304,0.0786219081272084,0.109982332155477,0.0357773851590106,0.380241632516762,0.619758367483238,0.132785914761032,1,0,0,131.934403934687
1511,Oostzaan,0,2.00397196510125,867.489613774284,95.0360801613185,9.59911294945463,0.101004933422766,0.735929853181077,0.0499592169657422,0.163539967373572,0.0505709624796084,0.667464145986415,0.332535854013585,0.132785914761032,1,0,0,128.640887050545
1521,Zaanstad,0,3.89978722031134,1094.06902774908,148.20423951362,4.42648539565333,0.0298674680979456,0.700943396226415,0.0357142857142857,0.197708894878706,0.065633423180593,1,0,0.132785914761032,1,0,0,133.813514604347
1531,Wormerland,0,3.25506957735513,906.670317156571,115.533515885432,5.98778921356082,0.0518272915670512,0.76830076184167,0.0525008280887711,0.134481616429281,0.0447167936402782,1,0,0.132785914761032,1,0,0,132.252210786439
1541,Zaanstad,0,5.17482283253249,1624.92788340676,148.376691723093,3.1448657326437,0.0211951465969654,0.786749041329357,0.0428206220707285,0.137835534725181,0.0325948018747337,0.3407427895344,0.6592572104656,0.132785914761032,1,0,0,135.095134267356
1544,Zaanstad,0,3.81242434909258,852.524787992857,119.341359944495,1.19963813046955,0.0100521573662936,0.799355358581789,0.037604082728982,0.127585280687617,0.0354552780016116,1,0,0.132785914761032,1,0,0,137.04036186953
1561,Zaanstad,0,4.96342417724306,1102.64002122907,131.208857635051,5.53206338263504,0.0421622707669792,0.817509948834566,0.0520181921546333,0.105741898806139,0.0247299602046617,1,0,0.132785914761032,1,0,0,132.707936617365
1562,Zaanstad,0,3.95315439774798,1130.34799229741,127.232368121997,4.09979500826382,0.0322228931896695,0.799652863873048,0.0414083808579221,0.12496900570295,0.0339697495660798,1,0,0.132785914761032,1,0,0,134.140204991736
1567,Zaanstad,0,7.5062501421735,1014.96538605987,125.469249768972,2.96885300844412,0.0236619969746428,0.72011139844838,0.050925004973145,0.156554605132285,0.0724089914461905,1,0,0.132785914761032,1,0,0,135.271146991556
1601,Enkhuizen,0,2.32051271962786,1483.66666666666,122.09556511574,9.21798671167604,0.0754981288873014,0.773037542662117,0.0784982935153583,0.115472127417519,0.0329920364050056,1,0,0.132785914761032,1,0,0,129.022013288324
1602,Enkhuizen,0,4.17074600123617,1483.66666666666,122.09556511574,0.192445084591335,0.00157618406867528,0.785652549697494,0.0732497839239412,0.107173725151253,0.033923941227312,1,0,0.132785914761032,1,0,0,138.047554915409
1611,Stede Broec,0,1.02832110927104,0,0,0,0,0.79199832425639,0.0609551738583996,0.11834939254294,0.0286971093422706,0,1,0.132785914761032,1,0,0,138.24
1613,Stede Broec,0,1.15770119031857,0,0,0,0,0.755587748344372,0.0585678807947019,0.135761589403973,0.0500827814569536,0,1,0.132785914761032,1,0,0,138.24
1621,Hoorn,0,14.4701686692959,2002.93680593722,220.031508401493,3.96757563479222,0.0180318521816092,0.758862485391508,0.0771328398909232,0.122321776392676,0.0416828983248928,1,0,0.132785914761032,1,0,0,134.272424365208
1622,Hoorn,0,5.09807057922763,1488.76810095491,165.840355351759,9.48619839405131,0.0572007842960203,0.804971319311664,0.0650095602294455,0.10101975780752,0.0289993626513702,1,0,0.132785914761032,1,0,0,128.753801605949
1623,Hoorn,0,4.15700951568516,1997.02299341137,209.20759792633,7.04657871476535,0.0336822313558933,0.788374205267939,0.0544959128065395,0.119891008174386,0.0372388737511353,1,0,0.132785914761032,1,0,0,131.193421285235
1624,Hoorn,0,5.45323934417964,1812.61395882453,205.05155622322,15.9170456817519,0.0776246031726019,0.744592346089851,0.074459234608985,0.133111480865224,0.0478369384359401,1,0,0.132785914761032,1,0,0,122.322954318248
1625,Hoorn,0,5.05656372767563,1549.76858100979,199.713753557978,5.77039950157083,0.0288933506018936,0.77924142630025,0.0608675902793549,0.124687712923007,0.0352032704973881,1,0,0.132785914761032,1,0,0,132.469600498429
1628,Hoorn,0,4.99899870066384,1082.65442175513,123.436067590752,3.68626015013963,0.0298637199166236,0.756937001309992,0.0603787066809574,0.135405501964987,0.0472787900440633,1,0,0.132785914761032,1,0,0,134.55373984986
1671,Medemblik,0,1.10862499790889,0,0,0,0,0.760171306209851,0.0668570068998334,0.128717582679038,0.0442541042112776,0,1,0.132785914761032,1,0,0,138.24
1689,Hoorn,0,3.10725002898587,769.003821255604,114.335005806406,3.44483640660041,0.0301293237561317,0.73723506743738,0.0579238921001926,0.148121387283237,0.0567196531791907,1,0,0.132785914761032,1,0,0,134.7951635934
1695,Hoorn,0,3.82617951689185,989.351784936671,115.102784642909,6.99539373694816,0.0607751911359089,0.738025055268976,0.0622697126013264,0.147383935151068,0.0523212969786293,1,0,0.132785914761032,1,0,0,131.244606263052
1701,Dijk en Waard,0,4.93779764749614,725.878665034642,89.111459774141,1.19026178266563,0.013357000162296,0.789193118488006,0.0545190210806881,0.118488005815362,0.0377998546159437,1,0,0.132785914761032,1,0,0,137.049738217334
1702,Dijk en Waard,0,4.76488367280408,758.16969617846,92.9628112263342,2.87324971628436,0.0309075175156755,0.799475065616798,0.04750656167979,0.121259842519685,0.031758530183727,1,0,0.132785914761032,1,0,0,135.366750283716
1703,Dijk en Waard,0,4.8669728186817,704.103918692277,86.2828440932392,3.27944323308487,0.0380080567295746,0.745254901960784,0.0655686274509804,0.136313725490196,0.0528627450980392,1,0,0.132785914761032,1,0,0,134.960556766915
1705,Dijk en Waard,0,2.73561001299317,85.7964732891122,30.755801201416,0.64927202351796,0.0211105546971759,0.733676754668385,0.0512556342562781,0.156471345782356,0.0585962652929813,1,0,0.132785914761032,1,0,0,137.590727976482
1722,Dijk en Waard,0,4.376173364299,0,0,0,0,0.75280252946249,0.0675481460189709,0.128772635814889,0.0508766887036504,0,1,0.132785914761032,1,0,0,138.24
1723,Dijk en Waard,0,4.64698676389483,0,0,0,0,0.814276885043264,0.0621137206427688,0.095797280593325,0.0278121137206427,0,1,0.132785914761032,1,0,0,138.24
1741,Schagen,0,3.66252827505552,686.351870710425,120.758488582566,9.34826447710945,0.0774128973195767,0.780142970611597,0.0565528196981731,0.122954725972994,0.0403494837172359,0.641576278960782,0.358423721039218,0.132785914761032,1,0,0,128.891735522891
1781,Den Helder,0,1.7299459603404,1280.08333333333,133.791470833333,4.89289068917644,0.0365710209978304,0.823333333333334,0.063076923076923,0.092051282051282,0.0215384615384615,1,0,0.132785914761032,1,0,0,133.347109310824
1782,Den Helder,0,1.68773236349883,1280.08333333333,133.791470833333,5.18529161798393,0.0387565185260828,0.833098260460743,0.0423131170662905,0.0989656793606017,0.0256229431123648,1,0,0.132785914761032,1,0,0,133.054708382016
1783,Den Helder,0,1.42349012412959,1280.08333333333,133.791470833333,0.872904872090626,0.00652436860626208,0.844385499557914,0.0344827586206896,0.0946065428824049,0.026525198938992,1,0,0.132785914761032,1,0,0,137.367095127909
1784,Den Helder,0,1.39311050253034,1280.08333333333,133.791470833333,0.530712890810211,0.00396671691778718,0.801518438177874,0.0593817787418655,0.11117136659436,0.0279284164859002,1,0,0.132785914761032,1,0,0,137.70928710919
1785,Den Helder,0,0.934836751948023,0,0,0,0,0.798668885191349,0.0415973377703827,0.132398383646303,0.0273353933919657,0,1,0.132785914761032,1,0,0,138.24
1788,Den Helder,0,1.14551247925285,0,0,0,0,0.754828150572833,0.0617021276595744,0.146644844517184,0.0368248772504091,0,1,0.132785914761032,1,0,0,138.24
1811,Alkmaar,0,13.9140222659447,1474.83228589224,194.398690119974,3.732314532755,0.0191992781970474,0.78636779505947,0.0558096980786825,0.111619396157365,0.046203110704483,0.891781261923334,0.108218738076666,0.132785914761032,1,0,0,134.507685467245
1813,Alkmaar,0,9.00196284626349,1813.96670479879,203.123889769133,8.11044164617602,0.0399285463437817,0.799654576856649,0.0656303972366148,0.104202648244099,0.0305123776626367,0.590563233126942,0.409436766873058,0.132785914761032,1,0,0,130.129558353824
1814,Alkmaar,0,6.85132312090422,1810.36249834364,204.896792737662,10.2545451783831,0.0500473679522767,0.769061381778145,0.0605560143132397,0.129094412331406,0.0412881915772089,0.699766317623596,0.300233682376404,0.132785914761032,1,0,0,127.985454821617
1815,Alkmaar,0,6.38817125892615,1692.24638464985,194.954325665997,8.18733702685845,0.0419961803816823,0.74982864976011,0.0675119945167923,0.129883481836874,0.0527758738862234,0.754141004213582,0.245858995786418,0.132785914761032,1,0,0,130.052662973142
1816,Alkmaar,0,6.6567069229914,1665.23354256608,172.263131356905,8.72193189971356,0.0506314487087951,0.821286283437678,0.0429709732498577,0.106715993170176,0.0290267501422879,0.558013976918202,0.441986023081798,0.132785914761032,1,0,0,129.518068100286
1817,Alkmaar,0,5.05978219852961,1700.03134962912,191.154663996726,10.4686536450421,0.0547653581982253,0.725202429149798,0.0470647773279352,0.156376518218623,0.0713562753036437,0.485853592632321,0.514146407367679,0.132785914761032,1,0,0,127.771346354958
1821,Alkmaar,0,3.21870029276335,1321.9489489497,170.564756433977,32.8391982017038,0.192532143734015,0.776939655172415,0.0495689655172413,0.122844827586206,0.0506465517241379,0.652190335267123,0.347809664732877,0.132785914761032,1,0,0,105.400801798296
1822,Alkmaar,0,2.7681398007792,1355.67899841529,169.914085585235,3.44426659011345,0.0202706360585137,0.547305389221558,0.0380838323353293,0.248383233532934,0.166227544910179,0.969117891998287,0.0308821080017128,0.132785914761032,1,0,0,134.795733409887
1823,Alkmaar,0,3.17265341578006,1382.59974529886,174.364981999571,14.8772738910224,0.085322601593587,0.637163691224542,0.111390495348252,0.164445561981393,0.0870002514458134,0.591163449229532,0.408836550770468,0.132785914761032,1,0,0,123.362726108978
1824,Alkmaar,0,6.5876707465232,1462.22680274209,163.93850837779,3.18710823944584,0.0194408761613304,0.808654496281272,0.0537525354969574,0.111223799864773,0.0263691683569979,0.61508047066214,0.38491952933786,0.132785914761032,1,0,0,135.052891760554
1825,Alkmaar,0,5.09940354258873,1156.40274385291,137.281069913082,3.71935702165172,0.0270930072442369,0.828618511397969,0.0458665201867618,0.10244438341115,0.0230705850041197,0.861501493114868,0.138498506885132,0.132785914761032,1,0,0,134.520642978348
1826,Alkmaar,0,4.27172120236257,1193.97674772691,146.506213413896,4.23639554350349,0.0289161493208155,0.820143884892087,0.0424081787201817,0.109806891329042,0.0276410450586898,0.948520769272796,0.0514792307272043,0.132785914761032,1,0,0,134.003604456497
1827,Alkmaar,0,4.34765214849246,1145.37338318278,160.210696619754,2.78226995538653,0.0173663183176215,0.786458333333334,0.0460069444444444,0.131510416666666,0.0360243055555555,1,0,0.132785914761032,1,0,0,135.457730044613
1829,Alkmaar,0,3.82407459812461,1376.04139864163,162.784418855212,22.0621669004164,0.135529966906965,0.76410835214447,0.0626410835214447,0.132618510158013,0.0406320541760722,0.34192282507716,0.65807717492284,0.132785914761032,1,0,0,116.177833099584
1831,Alkmaar,0,2.54245353987671,1144.05494374883,161.128932720506,4.27849191524808,0.0265532194808833,0.825199645075422,0.0709849157054126,0.0771960958296362,0.0266193433895297,1,0,0.132785914761032,1,0,0,133.961508084752
1834,Dijk en Waard,0,4.95990121786751,1334.27137193513,175.025868422969,0.101640538882569,0.000580717237962469,0.776226279985679,0.0622986036519871,0.111349803079126,0.050125313283208,1,0,0.132785914761032,1,0,0,138.138359461117
1851,Heiloo,0,6.97317098437438,1948.08049028597,183.538111375627,4.61215673104112,0.0251291499976369,0.719430092375138,0.0696727728197902,0.144042586503835,0.0668545483012369,0.712570100239277,0.287429899760723,0.132785914761032,1,0,0,133.627843268959
1852,Heiloo,0,4.34688958956073,1911.33333333333,186.080049143518,2.83617444861456,0.015241690131042,0.740807354116707,0.0569544364508393,0.15167865707434,0.0505595523581135,1,0,0.132785914761032,1,0,0,135.403825551385
1853,Heiloo,0,8.35245233796365,1911.33333333333,186.080049143518,4.70271070053473,0.0252725142871586,0.694394213381555,0.0452079566003616,0.179023508137432,0.081374321880651,1,0,0.132785914761032,1,0,0,133.537289299465
1861,Bergen (NH.),0,1.66861465527332,842.167737054907,97.7000397823703,6.82095336710078,0.0698152568033202,0.696282121377802,0.0708037178786221,0.160196828868234,0.0727173318753417,1,0,0.132785914761032,1,0,0,131.419046632899
1862,Bergen (NH.),0,1.82828475353921,899.433273869401,105.605429567322,4.92245591361175,0.0466117692412184,0.739888194672806,0.0703715882933245,0.131864518250575,0.0578756987832949,1,0,0.132785914761032,1,0,0,133.317544086388
1901,Castricum,0,5.26339258210748,1621.76833952078,180.107160937274,4.77874460683741,0.0265327851595068,0.741785446361591,0.0579144786196549,0.144336084021005,0.0559639909977494,1,0,0.132785914761032,1,0,0,133.461255393163
1902,Castricum,0,5.51245281773933,1538.15330163835,173.014978108461,3.69647375264271,0.0213650505468112,0.75958365067276,0.0441736481340441,0.153592282305153,0.0426504188880426,1,0,0.132785914761032,1,0,0,134.543526247357
1911,Uitgeest,0,1.33327436623873,1170.91666666666,121.195481180555,0.868771439298247,0.00716834844695213,0.768166615992703,0.0460626330191547,0.135755548799027,0.0500152021891152,1,0,0.132785914761032,1,0,0,137.371228560702
1931,Bergen (NH.),0,3.04551549014736,0,0,0,0,0.807692307692308,0.0657423971377459,0.0992844364937388,0.0272808586762075,0,1,0.132785914761032,1,0,0,138.24
1941,Beverwijk,0,2.76392763492757,1041.6905753277,155.935943056152,2.45927620421256,0.0157710669908026,0.850187265917603,0.0324594257178526,0.0917602996254681,0.0255930087390761,0.330965112206854,0.669034887793146,0.132785914761032,1,0,0,135.780723795787
1942,Beverwijk,0,1.60721679222037,945.704030573083,160.214989112846,12.1673617473962,0.0759439663839834,0.726917057902974,0.0453834115805946,0.172143974960876,0.0555555555555555,0.300418587377618,0.699581412622382,0.132785914761032,1,0,0,126.072638252604
1943,Beverwijk,0,1.98109175157959,940.268897550547,132.040946900234,3.23526702914424,0.0245019980929757,0.781174577634755,0.0466613032984714,0.131536604987932,0.0406275140788415,0.699671009500303,0.300328990499697,0.132785914761032,1,0,0,135.004732970856
1944,Beverwijk,0,2.22903541854861,929.398601790164,126.351078584893,4.70395933040377,0.0372292772098757,0.80571249215317,0.0458254865034526,0.118330194601381,0.0301318267419962,0.967618931210221,0.0323810687897793,0.132785914761032,1,0,0,133.536040669596
1945,Beverwijk,0,1.96022075405245,1185.88012672023,148.205247099488,1.7271256887184,0.0116536068899032,0.795483061480553,0.041405269761606,0.134567126725219,0.0285445420326223,1,0,0.132785914761032,1,0,0,136.512874311282
1946,Beverwijk,0,2.12932770616633,1624.9082938873,187.618869336686,3.15174007277384,0.0167986305637413,0.835804503020319,0.0450302031850631,0.101592531576057,0.0175727622185612,1,0,0.132785914761032,1,0,0,135.088259927226
1947,Beverwijk,0,1.97986662496438,1023.85619768569,144.733108520063,1.53978751321486,0.0106388063447239,0.801466096518021,0.0580329871716554,0.119120342089187,0.0213805742211362,0.599170709227376,0.400829290772624,0.132785914761032,1,0,0,136.700212486785
1948,Beverwijk,0,0.9764624797494,1304.19909484024,190.633115877625,6.41277110102764,0.0336393342337449,0.686090775988288,0.0568081991215226,0.175695461200585,0.0814055636896046,0.593220534612396,0.406779465387604,0.132785914761032,1,0,0,131.827228898972
1951,Velsen,0,3.68852728279302,709.210068025202,162.953699830208,13.5848817914229,0.0833665133444523,0.798065764023212,0.0599613152804642,0.111798839458413,0.030174081237911,0.392318446940765,0.607681553059235,0.132785914761032,1,0,0,124.655118208577
1961,Heemskerk,0,2.06561725827528,0,0,0,0,0.742296918767508,0.0476190476190476,0.170868347338935,0.0392156862745098,0,1,0.132785914761032,1,0,0,138.24
1962,Heemskerk,0,1.80249239603444,0,0,0,0,0.812158054711247,0.0410334346504559,0.122188449848024,0.0246200607902735,0,1,0.132785914761032,1,0,0,138.24
1963,Heemskerk,0,1.4134151694411,0,0,0,0,0.776410998552822,0.0390738060781476,0.146888567293777,0.0376266280752532,0,1,0.132785914761032,1,0,0,138.24
1964,Heemskerk,0,1.8392122143857,774.333333333333,82.7214351851851,0.049513607928318,0.000598558376283897,0.781193490054251,0.0427968655816757,0.140446051838456,0.0355635925256178,1,0,0.132785914761032,1,0,0,138.190486392072
1965,Heemskerk,0,1.66931994224109,1361.47691346874,164.403127190775,2.18639530829862,0.013298988563408,0.743252139565505,0.0467412771560237,0.16425279789335,0.0457537853851217,1,0,0.132785914761032,1,0,0,136.053604691701
1966,Heemskerk,0,2.34786593169883,1640.5,188.960645763888,7.75119689088472,0.0410201651224778,0.822128851540617,0.0457516339869281,0.106442577030812,0.0256769374416433,1,0,0.132785914761032,1,0,0,130.488803109115
1967,Heemskerk,0,1.28971334693723,1640.5,188.960645763888,8.71478261882566,0.0461195641219127,0.68581616481775,0.0515055467511885,0.190966719492868,0.0717115689381933,1,0,0.132785914761032,1,0,0,129.525217381174
1969,Heemskerk,0,0.806502098530631,774.333333333333,82.7214351851851,0,0,0.680399500624221,0.0873907615480649,0.151061173533083,0.0811485642946317,1,0,0.132785914761032,1,0,0,138.24
1971,Velsen,0,5.8496304536516,1360.18399340548,127.813942913993,4.76942301763086,0.0373153578466807,0.831269725661569,0.0422432629278951,0.107307598931779,0.0191794124787569,0.153998521370299,0.846001478629701,0.132785914761032,1,0,0,133.470576982369
1972,Velsen,0,6.82109820952488,1200.68412045533,140.23034861549,4.58531895062624,0.0326984778680051,0.847157772621811,0.0321925754060324,0.101508120649651,0.0191415313225058,0.225596085111835,0.774403914888165,0.132785914761032,1,0,0,133.654681049374
1973,Velsen,0,8.50288328596268,1094.15061821053,151.402315117254,6.25653811668114,0.0413239263338592,0.827931172468988,0.0396158463385354,0.113245298119247,0.0192076830732292,0.250686637946251,0.749313362053749,0.132785914761032,1,0,0,131.983461883319
1974,Velsen,0,4.79842091508634,1011,158.974212962962,1.44259663049755,0.00907440649404972,0.815729483282675,0.0391337386018237,0.114361702127659,0.0307750759878419,0,1,0.132785914761032,1,0,0,136.797403369502
1975,Velsen,0,4.15566050514192,1302.28376069423,144.079586192828,11.9839557775275,0.0831759452826912,0.832672482157018,0.0531324345757335,0.0872323552735923,0.0269627279936558,0.127782751036422,0.872217248963578,0.132785914761032,1,0,0,126.256044222473
1976,Velsen,0,1.60165801153616,1049.63030005357,156.512091019695,17.53457007286,0.1120333257234,0.536624203821657,0.0652866242038216,0.226114649681528,0.171974522292993,0.0727471169156525,0.927252883084348,0.132785914761032,1,0,0,120.70542992714
1991,Velsen,0,4.67488386254465,1141.82883884687,200.872829954043,9.49943445633018,0.0472907881991981,0.753042445829624,0.0365093499554763,0.162362718907687,0.0480854853072128,0.289176697759845,0.710823302240155,0.132785914761032,1,0,0,128.74056554367
1992,Velsen,0,3.84002551471332,1276.28913411566,265.947189913483,4.24167300630076,0.0159493056034194,0.75583864118896,0.0360934182590233,0.16348195329087,0.0445859872611464,0,1,0.132785914761032,1,0,0,133.998326993699
2011,Haarlem,0,7.98532487245402,1847.45658829446,179.897964524467,3.7489261224396,0.0208391803228531,0.505475668983907,0.0299019141034187,0.251023712027425,0.213598704885249,0.898865136876004,0.101134863123996,0.132785914761032,1,0,0,134.49107387756
2012,Haarlem,0,6.31312787790508,1665.77896692922,167.519871294644,6.28240155468717,0.037502425868256,0.705023013808286,0.054032419451671,0.167300380228136,0.0736441865119071,0.695913406223578,0.304086593776422,0.132785914761032,1,0,0,131.957598445313
2013,Haarlem,0,10.3064785429284,1825.52750340394,176.723160226425,3.25595674768966,0.0184240523059796,0.782287822878229,0.0464944649446494,0.128782287822878,0.0424354243542435,0.918063243328188,0.0819367566718118,0.132785914761032,1,0,0,134.98404325231
2014,Haarlem,0,5.29024603175613,1587.92469949797,156.233722898142,5.59621087305927,0.0358194810265628,0.731601731601733,0.0544217687074829,0.160791589363017,0.0531849103277674,0.676353041644895,0.323646958355105,0.132785914761032,1,0,0,132.643789126941
2015,Haarlem,0,3.23234447052479,1398.65799507405,135.019915165383,8.77080407750034,0.06495933630796,0.702417582417583,0.0707692307692307,0.179340659340659,0.0474725274725274,0.696995856315034,0.303004143684966,0.132785914761032,1,0,0,129.4691959225
2019,Haarlem,0,4.01411582989707,1817.14069488711,178.647574667909,7.45693526081626,0.0417410383246349,0.784313725490197,0,0.215686274509803,0,0.894291089521997,0.105708910478003,0.132785914761032,1,0,0,130.783064739184
2021,Haarlem,0,12.3883601100846,1846.364209713,173.943164753519,2.43336882707369,0.0139894478206248,0.790167438546492,0.0523690773067331,0.122907018168863,0.0345564659779123,0.708255278299767,0.291744721700233,0.132785914761032,1,0,0,135.806631172926
2022,Haarlem,0,8.75322041466613,1713.37270281372,157.817080052454,4.13669814139797,0.0262119799708818,0.7998123240538,0.0325304973412574,0.1285580231467,0.0390991554582421,0.618621624522152,0.381378375477848,0.132785914761032,1,0,0,134.103301858602
2023,Haarlem,0,6.5499885629302,1740.09219949319,165.91009072514,5.56448407438561,0.0335391539481718,0.730777903043969,0.049379932356257,0.16347237880496,0.0563697857948139,0.658253720933649,0.341746279066351,0.132785914761032,1,0,0,132.675515925614
2024,Haarlem,0,4.8371572371512,1575.29783929634,151.874350155835,8.07533673800202,0.0531711689940802,0.773201856148492,0.0417633410672853,0.141241299303944,0.0437935034802784,0.603035480732828,0.396964519267172,0.132785914761032,1,0,0,130.164663261998
2025,Haarlem,0,11.4467583433336,1439.04033760032,136.729279891811,3.01186894726862,0.0220279734498112,0.815175097276265,0.0419677598665925,0.11645358532518,0.0264035575319622,0.651638807891087,0.348361192108913,0.132785914761032,1,0,0,135.228131052731
2026,Haarlem,0,3.66509700357286,1308.34074739904,131.630978881671,4.49207754103598,0.0341262944270445,0.805991440798859,0.0423204945316214,0.124583927722301,0.0271041369472182,0.598037275662092,0.401962724337908,0.132785914761032,1,0,0,133.747922458964
2031,Haarlem,0,1.23036994682216,1677.14190608784,154.564769296525,29.7478085086332,0.192461766313406,0.53762793497893,0.10776640577965,0.194461167971101,0.160144491270319,0.620164155475389,0.379835844524611,0.132785914761032,1,0,0,108.492191491367
2032,Haarlem,0,9.10082466858177,1575.76768188527,149.496373601697,2.96441041220439,0.0198293131852312,0.802522522522523,0.0432432432432432,0.122162162162162,0.032072072072072,0.634022540053973,0.365977459946028,0.132785914761032,1,0,0,135.275589587796
2033,Haarlem,0,4.46082073357696,1446.51569464216,137.338775394678,4.6793867846596,0.0340718545888602,0.758356676003736,0.0539682539682539,0.140056022408963,0.0476190476190476,0.640164546693887,0.359835453306113,0.132785914761032,1,0,0,133.56061321534
2034,Haarlem,0,5.66816535964569,1541.20879138467,155.10563646134,6.61144983177413,0.0426254647001305,0.804647392596596,0.0564712239935152,0.110780870035125,0.0281005133747635,0.66108928815426,0.33891071184574,0.132785914761032,1,0,0,131.628550168226
2035,Haarlem,0,5.8693643635897,1471.73650204632,149.025903871611,4.89347956123048,0.0328364360430004,0.763909774436091,0.065563909774436,0.130526315789473,0.0399999999999999,0.694223449081833,0.305776550918167,0.132785914761032,1,0,0,133.34652043877
2036,Haarlem,0,6.68592438285093,1388.6235658233,150.102073510824,2.19396984854633,0.0146165192607291,0.809678467034752,0.0431958428061058,0.123741474504709,0.0233842156544332,0.775763397118024,0.224236602881976,0.132785914761032,1,0,0,136.046030151454
2037,Haarlem,0,6.57259723404002,1423.80781670435,148.367430528107,4.7857605288276,0.0322561394491561,0.80500457735734,0.0634726884345437,0.106805004577357,0.0247177296307598,0.657165396473748,0.342834603526252,0.132785914761032,1,0,0,133.454239471172
2041,Zandvoort,0,4.14619024531124,1672.9015229469,157.029010466604,5.40396299187282,0.0344137874639547,0.794524669073406,0.049338146811071,0.126955475330926,0.0291817087845968,1,0,0.132785914761032,1,0,0,132.836037008127
2042,Zandvoort,0,3.73117434170301,1484.96714976802,147.229340489025,3.85956103720859,0.0262146188007702,0.75773855205935,0.0552570990023023,0.139933486825275,0.0470708621130724,1,0,0.132785914761032,1,0,0,134.380438962791
2051,Bloemendaal,0,2.53790228755853,1190.62859629649,127.687640635004,8.37436716912043,0.0655847905676213,0.679683638161147,0.060306475531389,0.181908057340583,0.0781018289668808,0.818403339974734,0.181596660025266,0.132785914761032,1,0,0,129.86563283088
2061,Bloemendaal,0,2.4125118249891,1482.0131908306,148.786605712476,5.71706148461026,0.0384245709298473,0.696545562835021,0.0562835020845741,0.16617033948779,0.0810005955926146,0.691447810292686,0.308552189707314,0.132785914761032,1,0,0,132.52293851539
2071,Velsen,0,3.68034953202342,1104.20530281945,142.586244134835,5.62550747887282,0.0394533674198833,0.751745322535605,0.0550125663222563,0.145769338173694,0.0474727729684445,0.890207646645708,0.109792353354292,0.132785914761032,1,0,0,132.614492521127
2082,Velsen,0,2.54054788975185,1240.05195683755,128.90551290026,6.42731139226449,0.0498606401515006,0.717418546365915,0.0557644110275689,0.156641604010025,0.0701754385964912,0.742472181634891,0.25752781836511,0.132785914761032,1,0,0,131.812688607736
2101,Heemstede,0,6.47543713599549,1271.95820692631,182.661550492802,4.30077180900871,0.0235450306723318,0.741935483870968,0.041312959818902,0.160158460667798,0.0565930956423316,0.869966660863872,0.130033339136128,0.132785914761032,1,0,0,133.939228190991
2102,Heemstede,0,4.75443595341758,1311.09414528788,160.034380544614,4.07438098224144,0.0254594104615264,0.639889196675901,0.0453601108033241,0.221606648199445,0.0931440443213296,0.712560418392739,0.287439581607261,0.132785914761032,1,0,0,134.165619017759
2103,Heemstede,0,4.19405799524643,1127.75788506436,166.14297341076,0.798295165049589,0.00480486865415573,0.735825545171341,0.0461059190031152,0.149532710280373,0.0685358255451713,1,0,0.132785914761032,1,0,0,137.44170483495
2105,Heemstede,0,3.64741953536925,982.90369193837,175.09836021415,3.73461636143833,0.0213286769611708,0.759574468085107,0.0430851063829787,0.153723404255319,0.0436170212765957,1,0,0.132785914761032,1,0,0,134.505383638562
2106,Heemstede,0,5.46244609433666,1277.08967259858,185.527023569105,5.3752135794521,0.0289726718838345,0.686011904761905,0.056547619047619,0.186755952380952,0.0706845238095238,0.878756080329654,0.121243919670347,0.132785914761032,1,0,0,132.864786420548
2131,Haarlemmermeer,0,2.27181643586172,938.917593872607,116.172857616632,5.20249316457442,0.0447823465076717,0.722065196909743,0.0510646316186169,0.165441869229319,0.0614283022423214,0.836791265759672,0.163208734240328,0.132785914761032,1,0,0,133.037506835426
2132,Haarlemmermeer,0,1.78037092948276,1285.81780528155,154.551043675576,5.59438107935107,0.0361976273100714,0.25515806752894,0.012771346899499,0.299875470523306,0.432195115048255,0.277798300652828,0.722201699347172,0.132785914761032,1,0,0,132.645618920649
2133,Haarlemmermeer,0,2.63245812392291,1142.33846449409,131.750994897125,7.54749525773017,0.0572860589297521,0.739018087855297,0.0393339075509618,0.171691070915877,0.0499569336778639,0.689873783685811,0.310126216314189,0.132785914761032,1,0,0,130.69250474227
2134,Haarlemmermeer,0,3.77716570200132,872.102883916591,121.439003478456,3.51246870407205,0.028923727990696,0.724177071509648,0.0436192638235771,0.16239662720934,0.0698070374574347,0.490919452619454,0.509080547380546,0.132785914761032,1,0,0,134.727531295928
2135,Haarlemmermeer,0,5.56658212255799,1297.63026602216,155.758620757726,3.84023469801181,0.024655037899861,0.725180722891567,0.0332530120481927,0.183614457831325,0.0579518072289156,0.699524946363279,0.300475053636721,0.132785914761032,1,0,0,134.399765301988
2144,Haarlemmermeer,0,2.37564398380838,0,0,0,0,0.786339754816113,0.0542907180385289,0.120840630472854,0.0385288966725043,0,1,0.132785914761032,1,0,0,138.24
2151,Haarlemmermeer,0,4.80830388456178,1304.73692880037,122.110464495908,3.64061132190016,0.0298140813478124,0.764122759369908,0.0414177077675176,0.14394350896252,0.0505160239000543,1,0,0.132785914761032,1,0,0,134.5993886781
2152,Haarlemmermeer,0,4.23152351796958,1512.51882120938,135.886960573578,5.38460196415235,0.0396255971980238,0.743862660944207,0.0437768240343347,0.1531330472103,0.0592274678111587,0.940194927028786,0.0598050729712137,0.132785914761032,1,0,0,132.855398035848
2153,Haarlemmermeer,0,2.02382933430742,1155.84883842285,121.098037535687,2.94340115067665,0.024305936005026,0.716799329702557,0.0611646418098031,0.149141181399245,0.0728948470883954,1,0,0.132785914761032,1,0,0,135.296598849323
2161,Lisse,0,1.34385195305131,0,0,0,0,0.771498068393189,0.0446415796251252,0.13220775504364,0.0516525969380455,0,1,0.132785914761032,1,0,0,138.24
2162,Lisse,0,1.27313666031957,0,0,0,0,0.806353591160221,0.0337016574585635,0.129281767955801,0.0306629834254143,0,1,0.132785914761032,1,0,0,138.24
2163,Lisse,0,0.99914426264853,0,0,0,0,0.792553191489362,0.0285904255319148,0.140292553191489,0.038563829787234,0,1,0.132785914761032,1,0,0,138.24
2165,Haarlemmermeer,0,2.08852214387529,0,0,0,0,0.765443567115653,0.0427310729215048,0.13144449605202,0.0603808639108221,0,1,0.132785914761032,1,0,0,138.24
2171,Teylingen,0,4.49242345556893,1066.41666666666,139.512499004629,0.0778068115154144,0.000557704951674852,0.634424102638029,0.032867233674499,0.186824275623468,0.145884388064004,1,0,0.132785914761032,1,0,0,138.162193188485
2172,Teylingen,0,7.67153522533907,0,0,0,0,0.786230505895778,0.0403195131228604,0.136173449980981,0.0372765310003803,0,1,0.132785914761032,1,0,0,138.24
2181,Hillegom,0,1.56304040732869,0,0,0,0,0.764976958525346,0.0430775395712282,0.130034061310358,0.0619114405930675,0,1,0.132785914761032,1,0,0,138.24
2182,Hillegom,0,1.35733549835334,0,0,0,0,0.769556333917105,0.0532691185055458,0.124489200233508,0.0526853473438412,0,1,0.132785914761032,1,0,0,138.24
2201,Noordwijk,0,5.01693960425374,1068.41666666666,124.286087337962,1.69695801759568,0.0136536442166794,0.74887544594385,0.046378160384675,0.14751046998604,0.057235923685435,1,0,0.132785914761032,1,0,0,136.543041982404
2202,Noordwijk,0,5.51155469951685,1068.41666666666,124.286087337962,1.33709362660699,0.0107581922904301,0.721858944418497,0.0553479682391405,0.16020551144325,0.0625875758991125,1,0,0.132785914761032,1,0,0,136.902906373393
2203,Noordwijk,0,6.13274955591643,1512.125,192.782365578703,0.322790358440059,0.00167437699745561,0.779090113735784,0.0288713910761154,0.152230971128608,0.0398075240594925,1,0,0.132785914761032,1,0,0,137.91720964156
2211,Noordwijk,0,2.2978895304047,911.626264976729,86.1801556885969,4.98065548248115,0.057793530803985,0.771224886584576,0.054698639014906,0.126117952041477,0.0479585223590408,1,0,0.132785914761032,1,0,0,133.259344517519
2212,Noordwijk,0,7.01647191712481,618.370157849315,56.1550398334083,1.22282555283606,0.0217758825648373,0.716272600834493,0.0375521557719054,0.151599443671766,0.0945757997218358,1,0,0.132785914761032,1,0,0,137.017174447164
2215,Teylingen,0,7.85591651374643,1500.17511632116,191.305453302603,5.39821759922579,0.0282177925722117,0.737921128231915,0.0464873335074432,0.156698876991381,0.0588926612692609,1,0,0.132785914761032,1,0,0,132.841782400774
2216,Teylingen,0,8.02406536235781,1512.125,192.782365578703,4.87362069982889,0.025280427933328,0.768996960486323,0,0.173252279635258,0.0577507598784194,1,0,0.132785914761032,1,0,0,133.366379300171
2221,Katwijk,0,6.44464787612374,1112.39581154893,137.04812511123,4.73829229240227,0.0345739300596532,0.800282144296655,0.0286174929463925,0.141878274889157,0.0292220878677952,1,0,0.132785914761032,1,0,0,133.501707707598
2222,Katwijk,0,2.40225576275955,0,0,0,0,0.394833948339484,0.088560885608856,0.261992619926199,0.254612546125461,0,1,0.132785914761032,1,0,0,138.24
2223,Katwijk,0,6.06204998954441,0,0,0,0,0.779327317473339,0.0401968826907301,0.141509433962264,0.0389663658736669,0,1,0.132785914761032,1,0,0,138.24
2224,Katwijk,0,6.78526357100379,1172.87234504037,164.286076181323,6.94101351473708,0.0422495544118801,0.783374621524911,0.0338563170933113,0.140655105973025,0.0421139554087531,1,0,0.132785914761032,1,0,0,131.298986485263
2225,Katwijk,0,5.29937994790799,968.784073757969,130.453258231802,6.6293930559447,0.050818148552219,0.789005339133874,0.034407751631402,0.146331817282974,0.03025509195175,1,0,0.132785914761032,1,0,0,131.610606944055
2231,Katwijk,0,4.69149028081779,1324.92607899672,151.88685892376,3.55422042770372,0.0234004472334751,0.741238082449309,0.036390492815899,0.172149859003625,0.0502215657311669,0.724018985801214,0.275981014198786,0.132785914761032,1,0,0,134.685779572296
2232,Katwijk,0,5.66863854595141,0,0,0,0,0.679411764705883,0,0.238235294117647,0.0823529411764705,0,1,0.132785914761032,1,0,0,138.24
2235,Katwijk,0,5.20090455808024,1409.03670517944,155.614572668477,4.95655453780157,0.0318514805702745,0.737087378640777,0.0353398058252427,0.167766990291262,0.0598058252427184,0.634304121720437,0.365695878279563,0.132785914761032,1,0,0,133.283445462198
2241,Wassenaar,0,5.75942876780953,1611.4445759233,194.558837095507,4.60117959803301,0.0236492963605366,0.782133676092546,0.0409168808911739,0.132176520994001,0.0447729220222793,1,0,0.132785914761032,1,0,0,133.638820401967
2242,Wassenaar,0,6.40456359905546,1618.56495914083,210.066722363559,3.48844000229832,0.0166063427993175,0.727209785368106,0.0401569351488576,0.162243249480729,0.0703900300023078,1,0,0.132785914761032,1,0,0,134.751559997702
2251,Voorschoten,0,4.88390200300172,1248.39328609752,144.720150205394,5.87382017921397,0.0405874383828206,0.770659957422103,0.0361912134700986,0.144958389781304,0.048190439326495,1,0,0.132785914761032,1,0,0,132.366179820786
2252,Voorschoten,0,5.01825199097472,1346.12305636029,147.784055557069,3.85664044197971,0.0260964582914049,0.76800344976283,0.0426908150064683,0.141009055627425,0.0482966796032772,1,0,0.132785914761032,1,0,0,134.38335955802
2253,Voorschoten,0,4.19042211388375,1164.38098568742,144.903745463393,5.17385769551883,0.0357054793785569,0.781674208144797,0.0359162895927601,0.149886877828054,0.0325226244343891,0.955836111630477,0.0441638883695227,0.132785914761032,1,0,0,133.066142304481
2254,Voorschoten,0,3.18771255878172,1452.99369570403,150.702341307092,27.0168352615901,0.179272830317459,0.725910064239829,0.0342612419700214,0.143468950749464,0.0963597430406852,1,0,0.132785914761032,1,0,0,111.22316473841
2261,Leidschendam-Voorburg,0,2.56553576912705,1264.12025412487,146.536652458613,2.20802116457814,0.015068046987096,0.734240362811792,0.0353741496598639,0.170975056689342,0.0594104308390022,0.625275793789029,0.374724206210971,0.132785914761032,0.625,0.375,0,136.031978835422
2262,Leidschendam-Voorburg,0,4.63305260021859,1273.428014039,150.978612983162,2.55305176859293,0.016910022672401,0.816344463971881,0.0281195079086115,0.12829525483304,0.0272407732864674,0.76827727649294,0.23172272350706,0.132785914761032,0.545454545454545,0.454545454545455,0,135.686948231407
2263,Leidschendam-Voorburg,0,3.2937394320387,1433.62237798271,166.234041216735,2.04518082318566,0.0123030205378883,0.809639727361247,0.0335929892891918,0.125608568646543,0.0311587147030184,0.860210133867809,0.139789866132191,0.132785914761032,0.818181818181818,0.181818181818182,0,136.194819176814
2264,Leidschendam-Voorburg,0,5.42132802292913,1303.15019090459,150.320144845613,3.40392585023538,0.0226445088496382,0.756845013815624,0.0359206229590555,0.15950766139161,0.0477267018337101,0.834002635314022,0.165997364685978,0.132785914761032,0.769230769230769,0.230769230769231,0,134.836074149765
2265,Leidschendam-Voorburg,0,6.26612838741722,1296.81738315904,146.776848172918,3.89401456149044,0.0265301688240566,0.737360754070267,0.0389888603256212,0.171808054841473,0.0518423307626392,0.860095983408264,0.139904016591736,0.132785914761032,1,0,0,134.34598543851
2266,Leidschendam-Voorburg,0,2.05019072628679,1035.44185544432,131.101081322479,11.5426461853256,0.0880438671358728,0.780766852195424,0.0504019789734075,0.129251700680272,0.0395794681508967,0.775388267299061,0.224611732700939,0.132785914761032,1,0,0,126.697353814674
2267,Leidschendam-Voorburg,0,2.165390354075,1614.43249031623,161.95383475313,6.36251221775802,0.0392859621228269,0.650205761316873,0.0411522633744856,0.176954732510288,0.131687242798353,0.938346936511824,0.0616530634881761,0.132785914761032,1,0,0,131.877487782242
2271,Leidschendam-Voorburg,0,5.31856664665861,1445.11020966294,159.403981533776,3.89985435371953,0.0244652254993592,0.735518777848505,0.0429662635264163,0.15786123488224,0.0636537237428389,0.621785198573718,0.378214801426282,0.132785914761032,1,0,0,134.340145646281
2272,Leidschendam-Voorburg,0,3.76527016427508,1312.66220733629,135.66423975538,6.37878205768771,0.047018890675903,0.744757174392936,0.0353200883002207,0.173289183222958,0.0466335540838852,0.582772504754456,0.417227495245544,0.132785914761032,0.315789473684211,0.473684210526316,0.210526315789474,131.861217942312
2273,Leidschendam-Voorburg,0,5.50377981534443,1411.26582195411,144.084275153539,5.69376718401645,0.0395169228421981,0.79931071049841,0.03101802757158,0.134676564156945,0.0349946977730646,0.576805125837542,0.423194874162458,0.132785914761032,0.5,0.375,0.125,132.546232815984
2274,Leidschendam-Voorburg,0,8.34153845735812,1513.8304058438,160.079036252756,4.03869770845366,0.0252293979461294,0.794623395495278,0.0426253330104141,0.121821264228626,0.0409300072656817,0.711791386805275,0.288208613194725,0.132785914761032,0.766666666666667,0.166666666666667,0.0666666666666667,134.201302291546
2275,Leidschendam-Voorburg,0,5.46740259325956,1458.71786587012,158.844354535523,4.01199541898348,0.0252574001179643,0.713329902213074,0.0422027792074112,0.170869788986103,0.0735975295934122,0.743528124809247,0.256471875190753,0.132785914761032,1,0,0,134.228004581017
2281,Rijswijk,0,6.02748136544815,1261.05075633728,135.572869045298,3.45906779942436,0.0255144545054114,0.760212201591513,0.0503978779840848,0.141644562334217,0.0477453580901856,0.578561997079804,0.421438002920196,0.132785914761032,0.583333333333333,0.416666666666667,0,134.780932200576
2282,Rijswijk,0,4.45974146391377,1166.1201185423,131.036676864575,4.95203122316169,0.0377911844351758,0.794495884773663,0.0396090534979423,0.12988683127572,0.0360082304526748,0.525356601562841,0.474643398437159,0.132785914761032,0.5,0.5,0,133.287968776838
2283,Rijswijk,0,3.68010630513009,1109.30351702862,144.432503618876,8.05816906672875,0.0557919364743022,0.801438274071115,0.031162604874151,0.134238913304035,0.0331602077506991,0.515592447224143,0.484407552775857,0.132785914761032,0.785714285714286,0.214285714285714,0,130.181830933271
2284,Rijswijk,0,5.40483339220547,1114.6036213896,153.935279092953,4.87712113047468,0.0316829329781489,0.795024337479719,0.0292049756625202,0.149269875608437,0.0265008112493239,0.581116651637353,0.418883348362647,0.132785914761032,0.869565217391304,0.130434782608696,0,133.362878869525
2285,Rijswijk,0,4.37037726962604,1166.46685582819,131.620212384334,6.970395455288,0.0529583969590801,0.746486486486487,0.0332432432432432,0.177027027027027,0.0432432432432432,0.4630203287606,0.5369796712394,0.132785914761032,1,0,0,131.269604544712
2286,Rijswijk,0,4.36149271863367,1282.21161042776,132.390400042676,7.35004472437504,0.055517958416968,0.730701237477903,0.0377136122569239,0.169514830092319,0.062070320172854,0.527385545093354,0.472614454906646,0.132785914761032,0.555555555555556,0.444444444444444,0,130.889955275625
2287,Rijswijk,0,4.97391345684853,1263.50497733676,153.803392658707,6.67867663335331,0.043423467570533,0.821835231078366,0.0375083724045545,0.119223040857334,0.0214333556597454,0.429252346534676,0.570747653465324,0.132785914761032,0.736842105263158,0.263157894736842,0,131.561323366647
2288,Rijswijk,0,2.8716122079409,1197.67960556676,157.918231297149,10.8927352525659,0.068977059602887,0.537913340935007,0.0763968072976054,0.260262257696693,0.125427594070695,0.526733758146561,0.473266241853439,0.132785914761032,0.7,0.3,0,127.347264747434
2289,Rijswijk,0,1.17191854253367,1222.87711697355,143.902065762933,10.1894819017582,0.0708084477296145,0.430540827147403,0.0227995758218451,0.178685047720042,0.36797454931071,0.583460419598528,0.416539580401472,0.132785914761032,0,1,0,128.050518098242
2291,Westland,0,5.06215458728439,1205.2183526282,131.325238327802,5.97777620300699,0.0455188681103766,0.743857980662546,0.0402599461087335,0.165636392455222,0.0502456807734981,0.892626125720995,0.107373874279005,0.132785914761032,0.8,0.2,0,132.262223796993
2292,Westland,0,4.75037195585486,1108.10556025433,122.821835648166,3.6213980744664,0.0294849694710655,0.74164677804296,0.0369928400954653,0.153341288782816,0.0680190930787589,1,0,0.132785914761032,0.428571428571429,0.571428571428571,0,134.618601925534
2311,Leiden,0,9.63212691087781,1497.88874737731,159.088444074214,3.15862643807526,0.0198545309589034,0.739541160593793,0.0548807917228969,0.147548358074673,0.0580296896086369,0.942746196605484,0.0572538033945161,0.132785914761032,1,0,0,135.081373561925
2312,Leiden,0,10.3515795223454,1560.90180899178,165.658382814071,3.81728853527524,0.0230431353393062,0.764434998228835,0.0641161884520014,0.127878143818632,0.0435706695005313,0.889440148139624,0.110559851860376,0.132785914761032,1,0,0,134.422711464725
2313,Leiden,0,5.17198102276676,1506.02035553458,155.384907839656,5.82686218589378,0.0374995375477946,0.762503020053153,0.0430055568978014,0.150036240637835,0.0444551824112104,0.916323405915638,0.0836765940843625,0.132785914761032,1,0,0,132.413137814106
2314,Leiden,0,3.35260701006085,1394.2788709803,133.692938949292,7.19337956062478,0.0538052317284545,0.726523887973642,0.0350082372322899,0.168863261943986,0.0696046128500823,0.830178530784355,0.169821469215645,0.132785914761032,1,0,0,131.046620439375
2315,Leiden,0,5.42388127593105,1449.210461323,155.646334146403,5.94825043913691,0.0382164505946019,0.832521543649307,0.0457100037467216,0.099288122892469,0.0224803297115024,0.900610412602808,0.0993895873971917,0.132785914761032,1,0,0,132.291749560863
2316,Leiden,0,5.63440096452604,1594.6558395019,174.067365440459,6.42557847308415,0.0369143202508116,0.761794019933555,0.06843853820598,0.121926910299003,0.0478405315614617,0.804809936080577,0.195190063919424,0.132785914761032,1,0,0,131.814421526916
2317,Leiden,0,4.38998047190775,1432.49477542119,167.850169123221,5.09554581880874,0.0303577044064104,0.771774193548388,0.0411290322580645,0.148924731182795,0.0381720430107526,0.752101985800345,0.247898014199655,0.132785914761032,1,0,0,133.144454181191
2318,Leiden,0,3.19086650368221,1360.63567420907,169.387735920123,4.48660137515425,0.0264871677443636,0.728019720624487,0.0435497124075595,0.174198849630238,0.0542317173377156,0.803008661434989,0.196991338565011,0.132785914761032,1,0,0,133.753398624846
2321,Leiden,0,6.92394198455438,1421.92157935726,151.352936091033,3.77042986451887,0.0249115079092427,0.770412080880472,0.0629639109291016,0.124904018428461,0.0417199897619657,0.87153670940134,0.12846329059866,0.132785914761032,1,0,0,134.469570135481
2323,Leiden,0,1.15357656309284,1170.71707772937,139.489531644151,18.0456324110173,0.129369080233585,0.894736842105264,0.105263157894736,0,0,0.619711633187886,0.380288366812114,0.132785914761032,1,0,0,120.194367588983
2324,Leiden,0,5.42361323926129,1244.98552181331,144.458930237653,3.90422364651622,0.0270265302400709,0.820214105793451,0.0340050377833753,0.123425692695214,0.0223551637279596,0.817754626106694,0.182245373893306,0.132785914761032,1,0,0,134.335776353484
2331,Leiden,0,3.76891652555012,1205.08154358462,140.27867160967,5.95742014326031,0.042468467051335,0.778386098547965,0.0328493215900976,0.156391335396334,0.0323732444656034,0.999727898851944,0.000272101148055759,0.132785914761032,1,0,0,132.28257985674
2332,Leiden,0,4.12233049388352,1328.14643374012,137.794249060217,4.88774099210958,0.0354712988781818,0.768782760629004,0.0375655212580081,0.142399534071054,0.0512521840419336,0.920620270797324,0.079379729202676,0.132785914761032,1,0,0,133.35225900789
2333,Leiden,0,9.58750742602151,1561.39139385038,155.044725072315,5.18685712853717,0.0334539412812526,0.665116279069768,0.0360465116279069,0.153488372093023,0.145348837209302,0.796754255905972,0.203245744094028,0.132785914761032,1,0,0,133.053142871463
2334,Leiden,0,4.3879528017055,1622.49779279453,168.662796131095,10.5651959314524,0.0626409390440821,0.730179028132993,0.0613810741687979,0.150895140664961,0.057544757033248,0.705038267850676,0.294961732149324,0.132785914761032,1,0,0,127.674804068548
2341,Oegstgeest,0,3.56905158372906,1322.15041036496,146.054172125941,4.01768417516787,0.0275081780731567,0.7259116155518,0.0434677614102873,0.163004105288577,0.0676165177493359,0.811458470006779,0.188541529993221,0.132785914761032,1,0,0,134.222315824832
2342,Oegstgeest,0,5.07821186472952,1430.1736672844,140.058418271916,6.40660036815343,0.0457423441389674,0.655764966740578,0.0437915742793791,0.201219512195121,0.0992239467849224,0.770334777442267,0.229665222557733,0.132785914761032,1,0,0,131.833399631847
2343,Oegstgeest,0,3.40869125707658,1096.04446414756,130.892621658423,4.33033344167056,0.03308309809067,0.74837793998378,0.0421735604217356,0.15632603406326,0.0531224655312246,0.756774942154527,0.243225057845473,0.132785914761032,1,0,0,133.909666558329
2351,Leiderdorp,0,3.46094389383172,1324.32293764694,126.697709108501,7.74261791794057,0.0611109543528524,0.730490748189864,0.0631536604987932,0.144408688656476,0.0619469026548672,0.678242520029068,0.321757479970932,0.132785914761032,1,0,0,130.497382082059
2352,Leiderdorp,0,3.41589543328858,1384.97899942629,135.678595447972,7.97192631187477,0.058755961362614,0.770876288659795,0.0319587628865979,0.157474226804123,0.0396907216494845,0.68977586355044,0.31022413644956,0.132785914761032,1,0,0,130.268073688125
2353,Leiderdorp,0,3.97550306060183,1370.12319044061,132.045704959526,4.83004076102853,0.0365785525739668,0.74659593280283,0.0323607427055702,0.172060123784261,0.0489832007073386,0.531502882125708,0.468497117874292,0.132785914761032,1,0,0,133.409959238971
2371,Kaag en Braassem,0,2.92909638621942,709.916666666666,67.6643749999999,4.6126476563695,0.0681695154410205,0.765357698289269,0.0371306376360808,0.128888024883359,0.0686236391912908,1,0,0.132785914761032,1,0,0,133.627352343631
2382,Zoeterwoude,0,2.97480287708537,1155.72052938704,121.083278965613,5.8653661743379,0.0484407609741361,0.724685020998601,0.0443303779748016,0.168455436304246,0.0625291647223518,0.804511851136731,0.195488148863269,0.132785914761032,1,0,0,132.374633825662
2401,Alphen aan den Rijn,0,4.61270396990364,891.340067193362,134.43402420101,2.96403635021245,0.0220482602364155,0.758361018826136,0.0451827242524916,0.151273532668881,0.0451827242524916,0.712861775774485,0.287138224225515,0.132785914761032,1,0,0,135.275963649788
2402,Alphen aan den Rijn,0,3.85375590195797,1042.49124015219,112.413175676552,3.6286477789067,0.0322795593760954,0.789322033898305,0.0466101694915254,0.124915254237288,0.0391525423728813,0.934903158195639,0.0650968418043614,0.132785914761032,1,0,0,134.611352221093
2403,Alphen aan den Rijn,0,3.83478456214552,1029.87954598561,95.173243782284,2.39617063200436,0.0251769356257919,0.785298072613179,0.0421335723890632,0.136485880770954,0.0360824742268041,0.962652836113959,0.0373471638860406,0.132785914761032,1,0,0,135.843829367996
2404,Alphen aan den Rijn,0,8.49787515151937,1339.65601358,265.096216179758,14.9048970046153,0.0562244803769982,0.756693830034925,0.042685292976329,0.141249514939852,0.059371362048894,0.315824247491186,0.684175752508814,0.132785914761032,1,0,0,123.335102995385
2405,Alphen aan den Rijn,0,7.66285463432013,1407.99517696917,186.882465771471,8.04917972156389,0.0430708129215655,0.771581359816655,0.0445632798573975,0.133435192258721,0.0504201680672268,0.666523441919849,0.333476558080151,0.132785914761032,1,0,0,130.190820278436
2406,Alphen aan den Rijn,0,4.01849868649164,1331.76014145889,136.333314907862,9.62027555744692,0.0705643779288179,0.771253683971889,0.041713897075493,0.134663341645885,0.0523690773067331,0.672558827579201,0.327441172420799,0.132785914761032,1,0,0,128.619724442553
2408,Alphen aan den Rijn,0,6.99949410983012,1501.36192681596,202.634612732113,6.84178775507736,0.0337641613287575,0.678100263852243,0.0432957543775485,0.192612137203166,0.0859918445670424,0.87159305484031,0.12840694515969,0.132785914761032,1,0,0,131.398212244923
2411,Bodegraven-Reeuwijk,0,3.11855554698465,946.297111176225,111.429398733217,4.12766502733729,0.0370428726553546,0.773256511823311,0.0524546873124474,0.135397911415196,0.0388908894490457,1,0,0.132785914761032,1,0,0,134.112334972663
2491,'s-Gravenhage,0,0.221142032924041,1289.64108418637,145.937726893784,45.9158525504374,0.314626337738258,0.491468183434058,0.0133309633842872,0.265552790615001,0.229648062566654,0.610049249193689,0.389950750806312,0.132785914761032,0,0.333333333333333,0.666666666666667,92.3241474495626
2492,'s-Gravenhage,0,4.05808463859412,841.492955896634,109.572302675015,2.43322002630731,0.0222065245222061,0.717096466093601,0.0406876790830945,0.179560649474689,0.062655205348615,0.421837279889873,0.578162720110127,0.132785914761032,0.571428571428571,0.285714285714286,0.142857142857143,135.806779973693
2493,'s-Gravenhage,0,4.00081289297183,1028.46774634699,132.139294935332,6.03637800236752,0.0456819298553218,0.663379355687048,0.0529257067718606,0.192307692307692,0.091387245233399,0.584680741286298,0.415319258713702,0.132785914761032,0.666666666666667,0.2,0.133333333333333,132.203621997633
2495,'s-Gravenhage,0,0.27342810376092,1382.8604563144,151.027722461413,217.064034960318,1.43724629771715,0.609489051094891,0.0912408759124087,0.182481751824817,0.116788321167883,0.803580423480716,0.196419576519284,0.132785914761032,1,0,0,0
2496,'s-Gravenhage,0,5.41769314064969,1213.20193819763,139.614179413907,4.97322532912947,0.0356212051670311,0.687693898655637,0.0490175801447776,0.18841778697001,0.074870734229576,0.618840960480763,0.381159039519237,0.132785914761032,0.625,0.375,0,133.266774670871
2497,'s-Gravenhage,0,3.36895161999215,1126.06886395217,141.660321640838,5.20983077141607,0.0367769232137206,0.686444652908068,0.0499530956848029,0.191838649155722,0.0717636022514071,0.303985021853168,0.696014978146832,0.132785914761032,0.555555555555556,0.444444444444444,0,133.030169228584
2498,'s-Gravenhage,0,1.78159085212547,1260.55745600184,125.70104674478,0.830806443674298,0.00660938365422799,0.687554776511832,0.0482033304119193,0.177475898334794,0.0867659947414548,1,0,0.132785914761032,1,0,0,137.409193556326
2511,'s-Gravenhage,0,4.28730086691306,1388.22159187006,149.506885412236,3.63348341376099,0.0243031175704207,0.307356399059457,0.121263016459523,0.149143432986227,0.422237151494793,0.609130943426982,0.390869056573018,0.132785914761032,0.5,0.473684210526316,0.0263157894736842,134.606516586239
2512,'s-Gravenhage,0,6.29410709174017,1367.55510854573,153.936323882051,4.02168793134058,0.0261256591681511,0.812794612794613,0.0649831649831649,0.0946127946127946,0.0276094276094276,0.56780607453192,0.43219392546808,0.132785914761032,0.344827586206897,0.655172413793103,0,134.218312068659
2513,'s-Gravenhage,0,5.60917219556554,1436.36199363685,161.021510239809,6.04575862388191,0.0375462794683641,0.781423523472994,0.0560323069156991,0.121655729429581,0.0408884401817263,0.567063011339607,0.432936988660393,0.132785914761032,0.382352941176471,0.617647058823529,0,132.194241376118
2514,'s-Gravenhage,0,1.88019149967167,1386.8133596484,147.112253847968,7.29147503295267,0.0495640223178688,0.346774193548388,0.351713709677419,0.140625,0.160887096774193,0.591414788419123,0.408585211580877,0.132785914761032,0.428571428571429,0.571428571428571,0,130.948524967047
2515,'s-Gravenhage,0,5.23485429852695,1406.66461781345,149.627047752086,4.51103667171458,0.0301485375771687,0.636912936006592,0.0609722603680307,0.072232903048613,0.229881900576764,0.633966204738619,0.366033795261381,0.132785914761032,0.552631578947369,0.421052631578947,0.0263157894736842,133.728963328285
2516,'s-Gravenhage,1,5.04226106312712,1500.60019847048,152.303109457409,5.66302722242109,0.0371826106676091,0.421178582111876,0.0297138298933094,0.295842058031708,0.253265529963107,0.67511470321635,0.32488529678365,0.132785914761032,0.736842105263158,0.263157894736842,0,132.576972777579
2517,'s-Gravenhage,0,5.65799883856513,1369.3363634022,149.97764279022,7.69143660151839,0.0512838877743713,0.706413994169097,0.0600583090379008,0.15801749271137,0.0755102040816326,0.570107068242013,0.429892931757987,0.132785914761032,0.535714285714286,0.464285714285714,0,130.548563398482
2518,'s-Gravenhage,0,8.70888636143348,1381.27780316003,155.673336380954,3.65590732482612,0.0234844798076378,0.757009345794393,0.0650744202146071,0.122533748701973,0.0553824852890273,0.587206516262104,0.412793483737896,0.132785914761032,0.36,0.64,0,134.584092675174
2521,'s-Gravenhage,0,5.78086785592385,1373.48189534955,146.910655174413,3.80450415731001,0.0258967203760223,0.669076751946609,0.0617352614015572,0.112903225806451,0.156284760845383,0.584744121080803,0.415255878919197,0.132785914761032,0.612903225806452,0.387096774193548,0,134.43549584269
2522,'s-Gravenhage,0,6.98593981038895,1373.40899805463,142.368063631174,2.56509107641381,0.0180173208161282,0.816193181818182,0.0636363636363636,0.109375,0.0107954545454545,0.537406471593669,0.462593528406331,0.132785914761032,0.607142857142857,0.392857142857143,0,135.674908923586
2523,'s-Gravenhage,0,7.98768364306329,1375.76025283239,146.823201616136,2.46734081628926,0.0168048427573459,0.808618504435995,0.0595690747782002,0.11787072243346,0.0139416983523447,0.499017525798298,0.500982474201702,0.132785914761032,0.6,0.4,0,135.772659183711
2524,'s-Gravenhage,0,7.22104530112882,1336.89408690394,151.169925381201,2.92384414402623,0.0193414406777886,0.801110550227159,0.0494699646643109,0.121150933871781,0.0282685512367491,0.476794453636422,0.523205546363578,0.132785914761032,0.7,0.3,0,135.316155855974
2525,'s-Gravenhage,0,5.12645238927705,1265.59356708693,148.508990788288,8.02690625681566,0.0540499683837909,0.757377787790043,0.108132462266276,0.120297364271232,0.0141923856724487,0.582830842438749,0.417169157561251,0.132785914761032,0.620689655172414,0.379310344827586,0,130.213093743184
2526,'s-Gravenhage,0,4.63769510522617,1313.849448272,150.440437666233,6.45604903370948,0.0429143196726991,0.772525849335304,0.112998522895125,0.101550960118168,0.0129246676514032,0.576957891213043,0.423042108786957,0.132785914761032,0.44,0.56,0,131.783950966291
2531,'s-Gravenhage,0,7.40718659848791,1218.09903185374,150.060367823677,3.38564674885356,0.0225618982410581,0.798976608187135,0.0625,0.122807017543859,0.0157163742690058,0.517289408609518,0.482710591390482,0.132785914761032,0.65,0.35,0,134.854353251146
2532,'s-Gravenhage,0,5.46793941592429,1252.20338107037,145.582829515564,2.26589535218744,0.015564303563321,0.782297965915339,0.0753161077515118,0.121495327102803,0.0208905992303463,0.254525748841202,0.745474251158798,0.132785914761032,0.533333333333333,0.466666666666667,0,135.974104647813
2533,'s-Gravenhage,0,3.87813494277786,1331.86174600834,153.336320003133,13.0039844512548,0.0848069423538345,0.825012607160868,0.0640443772062531,0.0973272818961169,0.0136157337367624,0.497922185306039,0.502077814693961,0.132785914761032,0.76,0.24,0,125.236015548745
2541,'s-Gravenhage,0,7.07530477874554,1212.27611861406,148.425095601502,4.36181369182758,0.0293873059279569,0.812414422638065,0.0638977635782747,0.107256960292104,0.0164308534915563,0.469027881753792,0.530972118246209,0.132785914761032,0.76,0.24,0,133.878186308172
2542,'s-Gravenhage,0,6.07156391835365,999.437339474705,132.895871357168,3.82046748964014,0.0287478267806555,0.780623973727423,0.0666666666666666,0.131691297208538,0.0210180623973727,0.645077712808314,0.354922287191686,0.132785914761032,0.75,0.25,0,134.41953251036
2543,'s-Gravenhage,0,4.44028621107744,820.437205500131,129.038121279253,3.94347145353878,0.0305605150977413,0.785751161590088,0.0800206504904491,0.115126484254001,0.019101703665462,0.745857740638961,0.25414225936104,0.132785914761032,0.681818181818182,0.318181818181818,0,134.296528546461
2544,'s-Gravenhage,0,3.77311367458536,961.172572905217,132.811672932679,6.48288715810761,0.0488126308098967,0.695994887089903,0.0807413719642096,0.154239454622922,0.0690242863229654,0.651206888684577,0.348793111315423,0.132785914761032,0.666666666666667,0.333333333333333,0,131.757112841892
2545,'s-Gravenhage,0,6.17103839195297,1204.84920546511,155.999462797362,6.36220886103071,0.0407835305772495,0.758589714799013,0.0653492027846395,0.147990119020884,0.0280709633954637,0.520561096540375,0.479438903459625,0.132785914761032,0.68,0.32,0,131.877791138969
2546,'s-Gravenhage,0,9.43151707224269,1332.13938191993,156.634075532228,2.77106172034839,0.0176913082988652,0.802487562189056,0.044776119402985,0.129850746268656,0.0228855721393034,0.663046465766002,0.336953534233998,0.132785914761032,0.739130434782609,0.260869565217391,0,135.468938279652
2547,'s-Gravenhage,0,7.09527797214875,1316.49521144377,152.641887684282,5.29025445082345,0.0346579469835016,0.809851088201604,0.0358915616647575,0.13516609392898,0.0190912562046582,0.628563678638291,0.371436321361709,0.132785914761032,0.703703703703704,0.296296296296296,0,132.949745549177
2548,'s-Gravenhage,0,6.44948724237253,1271.43702247864,137.788721726897,4.39855972767596,0.0319224946174774,0.695992676973149,0.0494304312449145,0.189686737184703,0.0648901545972335,0.520153312263052,0.479846687736948,0.132785914761032,0.769230769230769,0.230769230769231,0,133.841440272324
2551,'s-Gravenhage,0,3.56398941991162,1190.13037160041,135.265916934258,4.36752105446655,0.0322884075564228,0.811716551547711,0.032233307751343,0.129700690713737,0.026349449987209,0.707659380810061,0.292340619189939,0.132785914761032,0.6,0.4,0,133.872478945533
2552,'s-Gravenhage,0,3.31693128459627,1228.89876175529,139.894368029749,7.30043766429733,0.0521853579033637,0.774073417272567,0.0370633090973576,0.155169356268841,0.0336939173612342,0.641963151749608,0.358036848250392,0.132785914761032,0.761904761904762,0.238095238095238,0,130.939562335703
2553,'s-Gravenhage,0,3.69626530477353,1235.76516966788,124.845659815142,4.07651161269678,0.0326524095329613,0.677443609022557,0.0404135338345864,0.183646616541353,0.0984962406015037,0.790063272553122,0.209936727446878,0.132785914761032,1,0,0,134.163488387303
2554,'s-Gravenhage,0,2.75123526314045,1358.2620798501,143.835290035658,8.73282603160898,0.0607140711395933,0.667174409748668,0.0517897943640517,0.223153084539223,0.0578827113480578,0.902760040962173,0.0972399590378267,0.132785914761032,0.875,0.125,0,129.507173968391
2555,'s-Gravenhage,0,4.05613793304015,1295.98750878016,144.291146696576,5.34642106512657,0.0370530083621093,0.782850779510023,0.0384187082405345,0.149498886414253,0.0292316258351893,0.710184906614333,0.289815093385667,0.132785914761032,0.6875,0.3125,0,132.893578934873
2561,'s-Gravenhage,0,9.04726500942831,1322.42139091145,141.503416320316,3.23424851530892,0.0228563281326556,0.799315068493152,0.0623287671232876,0.106164383561643,0.0321917808219178,0.583080145651507,0.416919854348493,0.132785914761032,0.36,0.64,0,135.005751484691
2562,'s-Gravenhage,0,6.40845305876613,1307.83996330517,142.527899927669,5.18182693394085,0.0363565795649171,0.807888970051133,0.0704894083272461,0.089481373265157,0.0321402483564645,0.571705518410774,0.428294481589226,0.132785914761032,0.241379310344828,0.758620689655172,0,133.058173066059
2563,'s-Gravenhage,0,6.30955801605332,1364.17109079636,144.445359456596,4.87061690378048,0.033719441885179,0.815909890883492,0.0542062653995072,0.101724744808166,0.0281590989088349,0.582604844458014,0.417395155541986,0.132785914761032,0.318181818181818,0.681818181818182,0,133.36938309622
2564,'s-Gravenhage,0,5.38615548263131,1359.2539071603,149.129959170838,4.48439379242605,0.0300703749760227,0.77678336404317,0.0339563042906027,0.148986575414582,0.0402737562516451,0.605058930484122,0.394941069515878,0.132785914761032,0.526315789473684,0.473684210526316,0,133.755606207574
2565,'s-Gravenhage,0,4.86380485267229,1375.91908394408,143.860154587759,5.19907413353186,0.0361397785817077,0.765208893232349,0.0491082335695089,0.141216711458587,0.0444661617395553,0.602661642223591,0.397338357776409,0.132785914761032,0.529411764705882,0.470588235294118,0,133.040925866468
2566,'s-Gravenhage,0,1.5256718087732,1379.5810239192,141.922269836538,13.9777063552737,0.098488463941373,0.692361111111112,0.0579861111111111,0.169444444444444,0.0802083333333333,0.597061520723765,0.402938479276235,0.132785914761032,0.538461538461538,0.461538461538462,0,124.262293644726
2571,'s-Gravenhage,0,4.90858623443829,1294.87738541232,146.192193723956,7.02544173052602,0.0480562029446774,0.777412280701755,0.0756578947368421,0.125365497076023,0.0215643274853801,0.585351587651044,0.414648412348956,0.132785914761032,0.304347826086957,0.695652173913044,0,131.214558269474
2572,'s-Gravenhage,0,6.43080690160411,1230.3017067559,143.046531004198,5.88846085643273,0.0411646533131231,0.74764054164957,0.107919573245794,0.122691834222404,0.0217480508822322,0.640199206222731,0.359800793777269,0.132785914761032,0.571428571428571,0.428571428571429,0,132.351539143567
2573,'s-Gravenhage,0,8.19427378355861,1330.21031810213,148.17001194067,3.00035635536351,0.0202494169776062,0.794389204545455,0.0685369318181818,0.12109375,0.0159801136363636,0.59736968157705,0.40263031842295,0.132785914761032,0.434782608695652,0.565217391304348,0,135.239643644637
2574,'s-Gravenhage,0,5.62406029470218,1363.60728660612,150.275089515357,5.07307653661633,0.0337585993325787,0.805742485419471,0.0623598026020637,0.114401076716016,0.0174966352624495,0.629869441563308,0.370130558436692,0.132785914761032,0.476190476190476,0.523809523809524,0,133.166923463384
2581,'s-Gravenhage,0,7.99720763518972,1397.78810905845,149.116079798077,3.86544213456212,0.0259223696049175,0.764373232799247,0.0461828463713477,0.144203581526861,0.0452403393025447,0.541607239555599,0.458392760444401,0.132785914761032,0.681818181818182,0.318181818181818,0,134.374557865438
2582,'s-Gravenhage,0,5.9448944805146,1367.18689297136,147.210773749611,3.50707901733572,0.0238235213904987,0.690932311621968,0.0635376756066411,0.171136653895274,0.0743933588761174,0.518084590529788,0.481915409470212,0.132785914761032,0.555555555555556,0.444444444444444,0,134.732920982664
2583,'s-Gravenhage,0,4.47527984953074,1334.20203149611,146.503173673224,7.11569767921348,0.0485702630243702,0.760864566567027,0.0501264658542193,0.141641756725684,0.0473672108530696,0.556364873156289,0.443635126843711,0.132785914761032,0.636363636363636,0.363636363636364,0,131.124302320787
2584,'s-Gravenhage,0,6.03186806303404,1374.18235941788,148.122625801558,5.0442963313762,0.0340548670676019,0.757506824385806,0.0700636942675159,0.131028207461328,0.0414012738853503,0.555020252496846,0.444979747503154,0.132785914761032,0.461538461538462,0.538461538461538,0,133.195703668624
2585,'s-Gravenhage,0,4.18748098581405,1282.08492330701,132.30191809471,5.82238309214635,0.0440083044599424,0.710795040116704,0.0474106491611962,0.170678336980306,0.0711159737417943,0.617227441366535,0.382772558633465,0.132785914761032,0.5625,0.4375,0,132.417616907854
2586,'s-Gravenhage,0,5.27670070349096,1413.08973921931,149.063307478764,5.8845106450092,0.0394765871262284,0.753316600932234,0.067766224453209,0.133739691645751,0.045177482968806,0.653745060858975,0.346254939141025,0.132785914761032,0.642857142857143,0.357142857142857,0,132.355489354991
2587,'s-Gravenhage,0,6.02063592851751,1384.61126922537,139.495300966254,4.23278689260707,0.030343580488285,0.708051420838973,0.0581867388362652,0.172192151556156,0.0615696887686062,0.634714038856999,0.365285961143001,0.132785914761032,0.68421052631579,0.315789473684211,0,134.007213107393
2591,'s-Gravenhage,0,5.57633509945663,1253.34567127256,121.71662051748,1.95410560250729,0.0160545502676577,0.765427053534941,0.0453616673477727,0.134041683694319,0.0551695954229669,0.532197944458235,0.467802055541765,0.132785914761032,0.625,0.375,0,136.285894397493
2592,'s-Gravenhage,0,4.25593758290848,1327.8981693994,130.567859373662,4.81560116901231,0.0368819799306881,0.790106951871658,0.0387700534759358,0.134135472370766,0.0369875222816399,0.540107372248388,0.459892627751612,0.132785914761032,0.68421052631579,0.315789473684211,0,133.424398830988
2593,'s-Gravenhage,0,8.25426166059547,1466.20199213314,144.19733069525,3.50229292575221,0.0242881952728656,0.738691588785048,0.079626168224299,0.137943925233644,0.0437383177570093,0.624044334546627,0.375955665453373,0.132785914761032,0.676470588235294,0.264705882352941,0.0588235294117647,134.737707074248
2594,'s-Gravenhage,0,1.91695135053635,1400.77014636446,138.405942960827,46.5705061631686,0.336477648046872,0.681087762669964,0.0494437577255871,0.168108776266996,0.101359703337453,0.594731516756844,0.405268483243156,0.132785914761032,0.833333333333333,0.166666666666667,0,91.6694938368314
2595,'s-Gravenhage,0,5.82313412559539,1504.09273301776,149.652357136679,4.61067946260322,0.0308092672298655,0.555205949656752,0.0429061784897025,0.12929061784897,0.272597254004576,0.65951990418328,0.34048009581672,0.132785914761032,0.714285714285714,0.214285714285714,0.0714285714285714,133.629320537397
2596,'s-Gravenhage,0,3.14916491801068,1274.51194798967,127.496932207198,5.51666707503081,0.0432690181601041,0.624859075535514,0.0442502818489289,0.166854565952649,0.164036076662908,0.628298518225391,0.371701481774609,0.132785914761032,0.789473684210526,0.210526315789474,0,132.723332924969
2597,'s-Gravenhage,0,2.72879382509482,1158.57803428906,117.806833234761,3.55725622192874,0.0301956696759684,0.708792617277622,0.042040502435273,0.17867213534991,0.0704947449371955,0.775063477117956,0.224936522882044,0.132785914761032,1,0,0,134.682743778071
2611,Delft,0,11.6203313844585,1653.99537086206,170.116098933626,3.27558980268797,0.0192550253810252,0.732606132075472,0.0663325471698113,0.134728773584905,0.0663325471698113,0.663229632321334,0.336770367678667,0.132785914761032,0.888888888888889,0.111111111111111,0,134.964410197312
2612,Delft,0,6.44845109676477,1609.19982229345,169.683508976441,4.81100031672123,0.0283527865833396,0.77729980145599,0.0519523494374586,0.128060886829913,0.0426869622766379,0.681084091305227,0.318915908694773,0.132785914761032,0.923076923076923,0.0769230769230769,0,133.428999683279
2613,Delft,0,7.29124508403825,1580.53647326285,161.730440429884,3.40503178972475,0.0210537470909872,0.792218543046358,0.0532560706401766,0.114790286975717,0.0397350993377483,0.639177719038934,0.360822280961066,0.132785914761032,0.842105263157895,0.157894736842105,0,134.834968210275
2614,Delft,0,6.77578091036059,1491.28861515408,147.884447958278,5.99997573827374,0.0405720535263213,0.726264418811003,0.0483584738243123,0.164596273291925,0.0607808340727595,0.53251863412088,0.46748136587912,0.132785914761032,1,0,0,132.240024261726
2616,Delft,0,0.43300857253657,1665.56029440567,161.950775354757,313.308367796686,1.93459010684189,0.576923076923077,0,0,0.423076923076923,0.651086396637653,0.348913603362347,0.132785914761032,1,0,0,0
2622,Delft,0,4.4212883190282,1135.9473105596,119.723548913429,3.1539997345368,0.0263440213989767,0.759106933019977,0.0355464159811985,0.174500587544065,0.0308460634547591,0.339193520876361,0.660806479123639,0.132785914761032,0.333333333333333,0.666666666666667,0,135.086000265463
2623,Delft,0,5.2130459142453,1301.89906587564,133.486722737451,2.428396307381,0.0181920438046659,0.788846317581951,0.0357598978288633,0.14218816517667,0.0332056194125159,0.386779418630851,0.613220581369149,0.132785914761032,0.833333333333333,0.166666666666667,0,135.811603692619
2624,Delft,0,8.57722903622377,1603.74510287413,153.922451076182,2.4655657656075,0.0160182335219389,0.783672347443651,0.0459043430456294,0.1390874106652,0.0313358988455195,0.452501981547689,0.547498018452312,0.132785914761032,0.642857142857143,0.357142857142857,0,135.774434234393
2625,Delft,0,4.22930158641653,1379.81609748808,135.219207115664,3.64359081786763,0.0269458081850086,0.709236477250537,0.0419839875024409,0.16481156024214,0.0839679750048818,0.286323876176311,0.713676123823689,0.132785914761032,0.4,0.6,0,134.596409182132
2626,Delft,0,0.605215527639508,1170.58675729328,117.596628797311,75.702196583263,0.643744615449333,1,0,0,0,0.413236706055685,0.586763293944315,0.132785914761032,0.8,0.2,0,62.5378034167371
2627,Delft,0,2.88461892307061,1671.60099113192,165.439846270041,8.93251628606107,0.0539925325576093,0.657534246575342,0.0639269406392694,0.197869101978691,0.0806697108066971,0.649236716094739,0.350763283905261,0.132785914761032,1,0,0,129.307483713939
2628,Delft,0,10.5733884955797,1829.91150470455,171.159378417814,2.99603981865282,0.017504385949213,0.748757763975156,0.0537267080745341,0.140372670807453,0.0571428571428571,0.531449711642324,0.468550288357677,0.132785914761032,1,0,0,135.243960181347
2631,Pijnacker-Nootdorp,0,3.53422262106488,1109.29049838748,142.561719114851,6.58740093134689,0.0462073617816009,0.701713281593206,0.0480304583394347,0.176599794991946,0.0736564650754136,0.619534753360197,0.380465246639803,0.132785914761032,0.818181818181818,0,0.181818181818182,131.652599068653
2632,Pijnacker-Nootdorp,0,4.60056431824541,1284.22317875416,149.798509708313,2.77856954945619,0.0185487129001925,0.708232445520582,0.0484261501210653,0.180387409200968,0.0629539951573849,0.848074214694202,0.151925785305798,0.132785914761032,0.764705882352941,0.235294117647059,0,135.461430450544
2635,Midden-Delfland,0,3.36912617048057,1273.97571186075,121.039568921377,6.70656612887522,0.055408047043125,0.71455730581206,0.0545898967952199,0.175991309071156,0.0548614883215643,0.346663641379812,0.653336358620188,0.132785914761032,1,0,0,131.533433871125
2641,Pijnacker-Nootdorp,0,2.8258871687076,888.117335023005,112.847959408222,5.06666997802286,0.0448981975801124,0.728862973760934,0.0441690962099125,0.162973760932944,0.0639941690962099,0.485929340717391,0.514070659282609,0.132785914761032,0.818181818181818,0,0.181818181818182,133.173330021977
2642,Pijnacker-Nootdorp,0,3.32454185198695,889.889212497852,97.3231860638399,2.69329036814284,0.0276736765109205,0.691451694486597,0.0361659079413252,0.200556398583712,0.0718259989883662,0.539106779245677,0.460893220754323,0.132785914761032,0.8,0,0.2,135.546709631857
2643,Pijnacker-Nootdorp,0,6.04631065489917,1016.89050384185,93.1427052707016,1.73550063700565,0.0186327059318467,0.692924872355945,0.0331874544128373,0.195477753464624,0.0784099197665937,0.296141448014207,0.703858551985793,0.132785914761032,0.8,0,0.2,136.504499362994
2645,Pijnacker-Nootdorp,0,4.11854003356081,1760.18115406343,175.124441096725,4.48844083679172,0.0256300080598839,0.688209176122349,0.0503206709422792,0.185249136655155,0.076221016280217,0.515764384479853,0.484235615520147,0.132785914761032,1,0,0,133.751559163208
2651,Lansingerland,0,2.87434843689974,929.791311882458,131.617410466298,8.00315607318536,0.0608062113122538,0.740423223005969,0.0493760173629951,0.14877916440586,0.0614215952251763,0.820890900037295,0.179109099962705,0.132785914761032,1,0,0,130.236843926815
2652,Lansingerland,0,5.41883189488247,1092.06084411247,141.710915104053,3.04594481848506,0.0214940734540352,0.668378576669113,0.0564930300807043,0.190315480557593,0.0848129126925898,0.837079404039767,0.162920595960233,0.132785914761032,0.818181818181818,0,0.181818181818182,135.194055181515
2661,Lansingerland,0,2.8620219707127,872.027770995474,119.901070521296,8.47171010547897,0.070655833752329,0.727594506583605,0.0522440889140591,0.154183774600028,0.0659776299023078,0.556828909395105,0.443171090604895,0.132785914761032,1,0,0,129.768289894521
2662,Lansingerland,0,5.67090221865095,704.553916851629,149.307886727343,4.74779759141743,0.0317987059858905,0.699901283316881,0.0401447844685751,0.156959526159921,0.102994406054623,0.849133420366398,0.150866579633602,0.132785914761032,1,0,0,133.492202408583
2671,Westland,0,4.85153904309263,0,0,0,0,0.770381451009724,0.0400897531787584,0.148541510845175,0.0409872849663425,0,1,0.132785914761032,1,0,0,138.24
2672,Westland,0,4.95906201816851,0,0,0,0,0.647589584944574,0.0213972673369425,0.234080948698118,0.096932199020366,0,1,0.132785914761032,1,0,0,138.24
2673,Westland,0,6.26867979261871,0,0,0,0,0.707903780068729,0.0364261168384879,0.186941580756013,0.0687285223367697,0,1,0.132785914761032,1,0,0,138.24
2678,Westland,0,4.10108697071257,0,0,0,0,0.766268656716418,0.0416417910447761,0.141641791044776,0.0504477611940298,0,1,0.132785914761032,1,0,0,138.24
2681,Westland,0,2.82181104261261,768.833333333333,69.4844212962963,2.81236833977344,0.040474804097179,0.740046838407495,0.0443587270973963,0.158699545391927,0.0568948891031822,1,0,0.132785914761032,1,0,0,135.427631660227
2684,Westland,0,3.1109829022759,768.833333333333,69.4844212962963,2.88244080943283,0.0414832671217263,0.803174603174604,0.0476190476190476,0.117460317460317,0.0317460317460317,1,0,0.132785914761032,1,0,0,135.357559190567
2691,Westland,0,4.93176863207671,610.702097489325,83.3181938962067,2.07944705887059,0.0249578988889395,0.760732841126607,0.0363686081487558,0.158599945310363,0.0442986054142739,0.245820472359871,0.754179527640129,0.132785914761032,1,0,0,136.160552941129
2692,Westland,0,6.34163663158881,0,0,0,0,0.765007696254491,0.0256541816316059,0.167778347870702,0.0415597742432016,0,1,0.132785914761032,1,0,0,138.24
2693,Westland,0,5.15231687715626,0,0,0,0,0.725671140939598,0.0394295302013422,0.167785234899328,0.0671140939597315,0,1,0.132785914761032,1,0,0,138.24
2694,Westland,0,7.00868513060298,0,0,0,0,0.740528949249464,0.0192994996426018,0.200857755539671,0.039313795568263,0,1,0.132785914761032,1,0,0,138.24
2711,Zoetermeer,0,6.63161150412781,1036.54982344761,130.221022036203,2.30311198890252,0.0176861765703408,0.668343815513628,0.0335429769392033,0.176100628930817,0.122012578616352,0.918174536184916,0.0818254638150845,0.132785914761032,0.888888888888889,0.111111111111111,0,135.936888011098
2712,Zoetermeer,0,4.44678721210557,993.201447757446,153.580711965848,6.6186921320598,0.0430958552499197,0.772757475083057,0.0398671096345514,0.139867109634551,0.0475083056478405,0.54554593609069,0.45445406390931,0.132785914761032,0.9375,0.0625,0,131.62130786794
2713,Zoetermeer,0,5.54874372723192,1109.87162240353,152.239764793508,3.62031836937736,0.0237803728499437,0.788214904679377,0.0329289428076256,0.132755632582322,0.0461005199306759,0.707138091107826,0.292861908892174,0.132785914761032,0.75,0.25,0,134.619681630623
2715,Zoetermeer,0,5.8562641499543,1192.72183623398,147.288550668166,1.96240384501584,0.0133235328619469,0.813497492020065,0.0319197446420428,0.131326949384404,0.0232558139534883,0.935188061900266,0.0648119380997337,0.132785914761032,0.8,0.2,0,136.277596154984
2716,Zoetermeer,0,4.63229660812857,830.740311215945,123.42982529257,1.58823105661,0.0128674820112996,0.793630573248409,0.0415286624203821,0.12764331210191,0.0371974522292993,0.618713618673268,0.381286381326732,0.132785914761032,1,0,0,136.65176894339
2717,Zoetermeer,0,4.48776316662925,1108.99629933626,125.900846869041,2.71426088185356,0.0215587182243251,0.80082135523614,0.04072553045859,0.126967830253251,0.0314852840520191,1,0,0.132785914761032,0.666666666666667,0.333333333333333,0,135.525739118146
2718,Zoetermeer,0,2.36000062349125,738.74712694108,107.628393839632,3.95724425319981,0.0367676605775253,0.705370101596517,0.0358697905867717,0.194899440182459,0.0638606676342525,0.551026777981928,0.448973222018072,0.132785914761032,1,0,0,134.2827557468
2719,Zoetermeer,0,3.57898520448283,1189.4592512917,181.251108784616,6.52832321645367,0.0360181146489504,0.673178807947021,0.0365894039735099,0.212582781456953,0.0776490066225165,0.572260571711732,0.427739428288268,0.132785914761032,0.952380952380952,0.0476190476190476,0,131.711676783546
2721,Zoetermeer,0,5.3311129528645,1490.56790575413,163.786327349062,3.82348403090734,0.0233443419410627,0.691952252599153,0.0383134385829803,0.193492491336157,0.0762418174817096,1,0,0.132785914761032,0,1,0,134.416515969093
2722,Zoetermeer,0,4.84458724165112,903.522781481034,147.431318843808,4.46314192423599,0.0302726853373966,0.771900126957259,0.0414727041895895,0.148539991536182,0.0380871773169699,0.778531678233408,0.221468321766592,0.132785914761032,0.888888888888889,0.111111111111111,0,133.776858075764
2723,Zoetermeer,0,4.28556882315505,1265.71548437548,163.892968930431,13.5882747659684,0.0829094430020139,0.739583333333334,0.0394736842105263,0.179824561403508,0.0411184210526315,1,0,0.132785914761032,0.882352941176471,0.117647058823529,0,124.651725234032
2724,Zoetermeer,0,6.00267675094731,1151.23769885173,145.586774372963,4.88773597197281,0.0335726647768942,0.771382636655949,0.0369774919614147,0.157877813504823,0.0337620578778135,1,0,0.132785914761032,0.8125,0.1875,0,133.352264028027
2725,Zoetermeer,0,3.86905259219587,1149.84948847178,128.883219764303,3.90213584201812,0.0302765235781214,0.742253007655852,0.0397375136711629,0.170616113744075,0.0473933649289099,1,0,0.132785914761032,1,0,0,134.337864157982
2726,Zoetermeer,0,4.47088460905788,1044.78654154887,118.988474953449,3.26182821774009,0.0274129760803825,0.78137178487919,0.0311769290724863,0.148869836321122,0.0385814497272018,1,0,0.132785914761032,0.857142857142857,0.142857142857143,0,134.97817178226
2727,Zoetermeer,0,5.69825895254029,1304.82554737408,152.904095689658,3.20590344288931,0.0209667597746772,0.799054373522459,0.03451536643026,0.139479905437352,0.026950354609929,1,0,0.132785914761032,0.916666666666667,0.0833333333333333,0,135.034096557111
2728,Zoetermeer,0,5.3655870700035,1285.56332068976,155.881051544448,4.73013779595031,0.0303445335342863,0.728300958937793,0.0314728300958937,0.183919350872879,0.0563068600934349,1,0,0.132785914761032,1,0,0,133.50986220405
2729,Zoetermeer,0,7.00649744714913,1546.87442398624,170.145756874349,4.21261832527174,0.0247588796962049,0.70847750865052,0.0354671280276816,0.181314878892733,0.0747404844290657,1,0,0.132785914761032,0.818181818181818,0.181818181818182,0,134.027381674728
2741,Waddinxveen,0,4.65004520107854,1396.35975243738,160.304768141687,7.70571730645018,0.0480691709658904,0.71293741832438,0.0453027443008566,0.178016552925802,0.0637432844489618,0.991063672694631,0.00893632730536953,0.132785914761032,1,0,0,130.53428269355
2742,Waddinxveen,0,6.64580210913921,1537.41102754365,193.819734983298,5.68660903097185,0.0293396801489894,0.728492724961154,0.0406837123887554,0.160050854640485,0.0707727080096058,1,0,0.132785914761032,1,0,0,132.553390969028
2743,Waddinxveen,0,4.563950658389,1646.70416831922,222.453768908144,6.33700394370723,0.0284868356009914,0.754487374505629,0.0389412838454517,0.164891998783084,0.0416793428658351,1,0,0.132785914761032,1,0,0,131.902996056293
2801,Gouda,0,4.20644606835873,1326.67140831321,151.781470994283,5.3242742790132,0.035078552369635,0.743174603174604,0.0619047619047619,0.141587301587301,0.0533333333333333,0.612579310657179,0.387420689342821,0.132785914761032,1,0,0,132.915725720987
2802,Gouda,0,3.47123147746391,1192.8025117632,138.653044893537,6.1700697711539,0.0445000668819896,0.832279351113555,0.0566400879846026,0.087709650811108,0.0233709100907341,0.59216169548414,0.40783830451586,0.132785914761032,1,0,0,132.069930228846
2803,Gouda,0,3.05172285518306,1282.18813694545,151.710433938765,8.09502552790011,0.0533583967676706,0.760781510602812,0.0557541100786276,0.135811293781272,0.0476530855372885,0.661831161585567,0.338168838414433,0.132785914761032,1,0,0,130.1449744721
2804,Gouda,0,3.71476543633978,1193.81912248918,162.224316405643,4.53681519928388,0.0279663080098272,0.787121372590554,0.0499894090235119,0.129209913153992,0.0336793052319423,0.788877214130118,0.211122785869882,0.132785914761032,1,0,0,133.703184800716
2805,Gouda,0,4.80356083180909,1301.80032827138,147.217225414186,7.74749834698509,0.0526263032412682,0.75892206846322,0.0575382374362709,0.140325321680019,0.0432143724204904,0.681348897764376,0.318651102235624,0.132785914761032,1,0,0,130.492501653015
2806,Gouda,0,3.57530849178799,1311.48590916077,145.498338487646,5.67342381507162,0.0389930488144601,0.803073420603301,0.0711439954467842,0.0964712578258394,0.0293113261240751,0.658603494015332,0.341396505984668,0.132785914761032,1,0,0,132.566576184928
2807,Gouda,0,5.78452959465248,1335.03993974515,153.364630707555,2.16122268746489,0.0140920541945949,0.745661874070402,0.064700049578582,0.141546851760039,0.0480912245909767,0.988511170369534,0.0114888296304664,0.132785914761032,1,0,0,136.078777312535
2808,Gouda,0,0.69149947109726,1155.42576616018,135.921327319825,39.0346167695289,0.287185370679024,0.726984126984128,0.0952380952380952,0.123809523809523,0.0539682539682539,0.608085655931715,0.391914344068285,0.132785914761032,1,0,0,99.2053832304711
2841,Zuidplas,0,2.82061567301842,1188.41666666666,147.604199305555,1.32047958701067,0.00894608414410455,0.744804469273744,0.0487150837988826,0.14949720670391,0.0569832402234636,1,0,0.132785914761032,1,0,0,136.919520412989
2871,Krimpenerwaard,0,1.3265464376866,0,0,0,0,0.744111709286676,0.0560228802153432,0.161507402422611,0.0383580080753701,0,1,0.132785914761032,1,0,0,138.24
2901,Capelle aan den IJssel,0,3.36965212839419,1040.65319866009,114.233325427985,7.85159143938754,0.0687329324430579,0.725980279752351,0.0364595276312772,0.177482228846594,0.0600779637697775,0.706451589238691,0.293548410761309,0.132785914761032,0.931818181818182,0,0.0681818181818182,130.388408560612
2902,Capelle aan den IJssel,0,4.27965219605119,811.356873323518,113.204720669547,3.15484164580966,0.0278684636749281,0.773155416012559,0.0400313971742543,0.149136577708006,0.0376766091051805,0.929122026515669,0.0708779734843313,0.132785914761032,0.923076923076923,0,0.0769230769230769,135.08515835419
2903,Capelle aan den IJssel,0,4.63169272771527,1061.98494414262,141.470659280724,4.2839133262991,0.0302812848125519,0.779700115340254,0.0392156862745098,0.14677047289504,0.034313725490196,0.599098051919905,0.400901948080095,0.132785914761032,0.857142857142857,0,0.142857142857143,133.956086673701
2904,Capelle aan den IJssel,0,4.04047720886243,1074.67335654118,131.046995953761,4.39032887388007,0.0335019421233369,0.736647727272728,0.0477272727272727,0.161079545454545,0.0545454545454545,0.526768122951246,0.473231877048754,0.132785914761032,0.916666666666667,0,0.0833333333333333,133.84967112612
2905,Capelle aan den IJssel,0,4.69867028101137,1224.63887560902,149.96361728492,3.88653673501728,0.0259165309918681,0.803377563329313,0.0345798150381986,0.13027744270205,0.0317651789304382,0.505772312275218,0.494227687724782,0.132785914761032,0.904761904761905,0,0.0952380952380952,134.353463264983
2906,Capelle aan den IJssel,0,4.37426987869921,1238.49043541841,158.125669622748,5.80513798176597,0.0367121795949747,0.783651492902595,0.0425844346549192,0.130690161527165,0.0430739109153206,0.302577262633994,0.697422737366006,0.132785914761032,0.863636363636364,0,0.136363636363636,132.434862018234
2907,Capelle aan den IJssel,0,3.92131281602131,937.014934821284,144.369298961276,9.34377405294159,0.0647213370167286,0.791617966271499,0.0444147603940557,0.13174152613124,0.0322257472032058,0.38690505825737,0.61309494174263,0.132785914761032,1,0,0,128.896225947058
2908,Capelle aan den IJssel,0,1.63091313094641,1032.10841748841,156.813673070384,19.758381302057,0.125999097624533,0.68421052631579,0.0455465587044534,0.197368421052631,0.0728744939271255,0.378075741664344,0.621924258335657,0.132785914761032,1,0,0,118.481618697943
2909,Capelle aan den IJssel,0,4.19892220073657,1097.18824560843,117.119989646622,2.49397300481636,0.0212941702978394,0.588045234248789,0.0430802369413031,0.231017770597738,0.13785675821217,0.43426995157724,0.56573004842276,0.132785914761032,1,0,0,135.746026995184
2911,Zuidplas,0,2.60370918162283,707.797453659804,150.335186750443,15.6470811148457,0.104081296289071,0.707217973231358,0.0501912045889101,0.174952198852772,0.0676386233269598,0.753018753540297,0.246981246459703,0.132785914761032,1,0,0,122.592918885154
2912,Zuidplas,0,4.68214566250844,864.893417492287,169.049838972403,6.89553870841983,0.0407899750176367,0.774367622259697,0.0549747048903878,0.134907251264755,0.0357504215851601,0.802855563332941,0.19714443666706,0.132785914761032,1,0,0,131.34446129158
2914,Zuidplas,0,3.69429246213113,854.013241253913,197.978428428238,6.32514823227388,0.0319486738150696,0.76916890080429,0.0404825737265415,0.141823056300268,0.0485254691689008,1,0,0.132785914761032,1,0,0,131.914851767726
2921,Krimpen aan den IJssel,0,2.97025028434676,1083.74702946511,105.622562288412,34.8256542945152,0.329717946052289,0.713813615333775,0.0396563119629874,0.159947124917382,0.0865829477858559,0.972134201166928,0.0278657988330724,0.132785914761032,1,0,0,103.414345705485
2922,Krimpen aan den IJssel,0,3.31599884202605,751.408303515475,94.7434071674225,2.89879419382016,0.0305962629008861,0.823758519961052,0.0434923726062966,0.107432651736449,0.0253164556962025,1,0,0.132785914761032,1,0,0,135.34120580618
2923,Krimpen aan den IJssel,0,4.84819529735998,1039.65581512558,105.147950071445,2.58466907456596,0.024581259765975,0.804593373493976,0.0414156626506024,0.122364457831325,0.0316265060240963,1,0,0.132785914761032,1,0,0,135.655330925434
2924,Krimpen aan den IJssel,0,4.137502774623,614.589733021899,73.608353999224,3.45089063081463,0.0468817796258698,0.788229111928535,0.0420388859695218,0.13925380977404,0.0304781923279033,0.996749545715022,0.00325045428497794,0.132785914761032,1,0,0,134.789109369185
2925,Krimpen aan den IJssel,0,4.22826103436112,1100.63300620806,104.340871137915,5.35116666474162,0.051285432126291,0.785994764397907,0.0320680628272251,0.148887434554973,0.0330497382198952,1,0,0.132785914761032,1,0,0,132.888833335258
2926,Krimpen aan den IJssel,0,4.77898564401237,1418.35897182013,128.638023649064,5.6395701446495,0.0438406155868404,0.741146711635751,0.0278246205733558,0.174536256323777,0.0564924114671163,1,0,0.132785914761032,1,0,0,132.600429855351
2951,Alblasserdam,0,1.36428413733196,0,0,0,0,0.814669134659881,0.0414160111059694,0.118926422952336,0.0249884312818139,0,1,0.132785914761032,1,0,0,138.24
2953,Alblasserdam,0,1.5530966542395,0,0,0,0,0.814385150812066,0.0464037122969837,0.110208816705336,0.0290023201856148,0,1,0.132785914761032,1,0,0,138.24
2954,Alblasserdam,0,1.33251213034871,0,0,0,0,0.770782889426957,0.0435835351089588,0.142050040355125,0.0435835351089588,0,1,0.132785914761032,1,0,0,138.24
2981,Ridderkerk,0,1.53338829809649,0,0,0,0,0.788750817527797,0.0510137344669718,0.116415958142576,0.0438194898626553,0,1,0.132785914761032,1,0,0,138.24
2982,Ridderkerk,0,1.60427126838735,0,0,0,0,0.807595843783591,0.0412038695807954,0.124686492296667,0.0265137943389466,0,1,0.132785914761032,1,0,0,138.24
2983,Ridderkerk,0,1.45730333107501,1069.83333333333,85.1598607407407,0.049441342408678,0.000580570963581028,0.79758443301275,0.0322075598300156,0.135316484008051,0.0348915231491836,1,0,0.132785914761032,1,0,0,138.190558657591
2984,Ridderkerk,0,0.827478447474032,0,0,0,0,0.654064272211721,0.0400756143667296,0.229489603024574,0.0763705103969754,0,1,0.132785914761032,1,0,0,138.24
2985,Ridderkerk,0,1.42387059820844,0,0,0,0,0.80952380952381,0.0386904761904761,0.125,0.0267857142857142,0,1,0.132785914761032,1,0,0,138.24
2986,Ridderkerk,0,1.41412728243002,0,0,0,0,0.785236768802229,0.032033426183844,0.147632311977715,0.0350974930362116,0,1,0.132785914761032,1,0,0,138.24
2987,Ridderkerk,0,1.44007008706111,1298.44231524733,105.67853314815,2.17198300235692,0.0205527360917475,0.772701475595914,0.0437003405221339,0.147559591373439,0.036038592508513,0.980761819103885,0.0192381808961154,0.132785914761032,0.666666666666667,0.333333333333333,0,136.068016997643
2991,Barendrecht,0,3.9980818009563,1382.30483762409,192.91385732136,7.32901636415533,0.0379911348304363,0.69049682264587,0.0430387059503177,0.19107452339688,0.0753899480069324,0.656101576056825,0.343898423943175,0.132785914761032,1,0,0,130.910983635845
2992,Barendrecht,0,5.57377414594085,1630.62341191467,197.54953960404,6.20827388739901,0.0314264153682292,0.73596883566585,0.0357812725436444,0.174433703650266,0.0538161881402395,0.280460101124956,0.719539898875044,0.132785914761032,1,0,0,132.031726112601
2993,Barendrecht,0,3.4882123593763,1268.64647093637,178.32680359901,9.06399788651822,0.0508280174577667,0.689354012949857,0.0481855142297846,0.192139737991266,0.070320734829092,0.363834519254754,0.636165480745246,0.132785914761032,0.619047619047619,0.380952380952381,0,129.176002113482
2994,Barendrecht,0,4.00401567186288,1440.11329522536,179.320883637107,4.32612778383117,0.0241250639417213,0.679687500000001,0.0498046875,0.192057291666666,0.0784505208333333,0.721202851630143,0.278797148369857,0.132785914761032,0.25,0.75,0,133.913872216169
3011,Rotterdam,0,6.82935654757528,1327.81855560579,153.41816180127,5.3795569433612,0.0350646682257189,0.667282051282053,0.0523076923076923,0.171897435897435,0.10851282051282,0.359802150852948,0.640197849147052,0.132785914761032,0.365079365079365,0.444444444444444,0.19047619047619,132.860443056639
3012,Rotterdam,0,3.10955024813521,1329.1148568126,157.593410913033,6.74299011886894,0.0427872591868071,0.741117805942241,0.0234780801994597,0.0669021400373987,0.168501973820901,0.385946686866473,0.614053313133527,0.132785914761032,0.326086956521739,0.489130434782609,0.184782608695652,131.497009881131
3013,Rotterdam,0,3.1375180431365,1329.19923372606,156.532834840702,11.2304553796706,0.0717450456391433,0.68888888888889,0.0986111111111111,0.130555555555555,0.0819444444444444,0.355940248942634,0.644059751057366,0.132785914761032,0.423076923076923,0.487179487179487,0.0897435897435897,127.009544620329
3014,Rotterdam,0,4.06517251817415,1324.9966901597,156.170559853822,8.81965773692387,0.0564745221197849,0.738875878220141,0.0807962529274004,0.0930913348946135,0.0872365339578454,0.419181986406982,0.580818013593018,0.132785914761032,0.425531914893617,0.436170212765957,0.138297872340426,129.420342263076
3015,Rotterdam,0,5.0615548325513,1376.85386024298,157.589209460083,12.3136692654008,0.0781377691251112,0.734338747099768,0.0475638051044083,0.136890951276102,0.0812064965197215,0.437882425671774,0.562117574328226,0.132785914761032,0.342857142857143,0.542857142857143,0.114285714285714,125.926330734599
3016,Rotterdam,0,4.29298412524328,1409.11892517497,162.761727117297,11.0460606263517,0.0678664500677799,0.606382978723405,0.05177304964539,0.205673758865248,0.136170212765957,0.361426993474061,0.638573006525939,0.132785914761032,0.529411764705882,0.352941176470588,0.117647058823529,127.193939373648
3021,Rotterdam,0,7.6987396783847,1427.50654073106,160.94409785283,4.5919011536046,0.0285310316741376,0.773174157303371,0.0786516853932584,0.107443820224719,0.0407303370786516,0.384423976641542,0.615576023358458,0.132785914761032,0.566265060240964,0.36144578313253,0.072289156626506,133.648098846395
3022,Rotterdam,0,6.89188412537811,1434.00516096654,166.478590647667,4.22701201947197,0.0253907244350594,0.811384876805438,0.0798640611724724,0.0904842820730671,0.0182667799490229,0.318475635694771,0.681524364305229,0.132785914761032,0.641025641025641,0.358974358974359,0,134.012987980528
3023,Rotterdam,0,6.91472463107614,1483.97566015972,172.238380137838,4.86836231646348,0.0282652583736996,0.765432098765433,0.0902511707109408,0.108982545764154,0.0353341847594721,0.388631157517691,0.611368842482309,0.132785914761032,0.466666666666667,0.466666666666667,0.0666666666666667,133.371637683537
3024,Rotterdam,0,6.9011257542332,1495.16051767977,169.577047969367,4.89908602199701,0.0288900301111622,0.756691832532602,0.0538778311599176,0.138297872340425,0.0511324639670556,0.437256650534413,0.562743349465587,0.132785914761032,0.466666666666667,0.466666666666667,0.0666666666666667,133.340913978003
3025,Rotterdam,0,8.88010533310025,1375.12471182372,178.309031781413,3.6606840181384,0.0205299977323975,0.800799086757991,0.0884703196347031,0.0844748858447488,0.026255707762557,0.309613349342259,0.690386650657741,0.132785914761032,0.302325581395349,0.604651162790698,0.0930232558139535,134.579315981862
3026,Rotterdam,0,8.22388585954304,1445.8527015327,182.075212135725,4.26615310402144,0.0234307188440418,0.802671523983,0.11050394656952,0.074074074074074,0.0127504553734061,0.318867441506175,0.681132558493826,0.132785914761032,0.358490566037736,0.566037735849057,0.0754716981132075,133.973846895979
3027,Rotterdam,0,8.77259401173739,1356.22349815448,180.791743380162,2.88453793154748,0.0159550313394677,0.787289719626169,0.0934579439252336,0.10018691588785,0.0190654205607476,0.264427436978676,0.735572563021324,0.132785914761032,0.54,0.42,0.04,135.355462068453
3028,Rotterdam,0,9.59956309793534,1331.85120523154,177.874113425845,2.57129238371339,0.0144556862951581,0.846335697399527,0.0638297872340425,0.0737588652482269,0.0160756501182033,0.436277001068397,0.563722998931604,0.132785914761032,0.604651162790698,0.348837209302326,0.0465116279069767,135.668707616287
3029,Rotterdam,0,4.01395406628192,1272.83270880105,170.895783011588,7.57223623390764,0.0443090876817843,0.750902527075813,0.0743682310469314,0.135018050541516,0.03971119133574,0.482505411384034,0.517494588615966,0.132785914761032,0.409090909090909,0.5,0.0909090909090909,130.667763766092
3031,Rotterdam,0,4.77046066773096,1234.27792805093,145.067053497365,5.71317748183131,0.0393830118148439,0.839395635142697,0.0559597090095131,0.0794627867935086,0.0251818690542809,0.316295372618638,0.683704627381362,0.132785914761032,0.303571428571429,0.589285714285714,0.107142857142857,132.526822518169
3032,Rotterdam,0,4.10048274387581,1334.35713608936,154.901710111514,8.62889481416391,0.0557056136304238,0.789937106918239,0.0679245283018868,0.0987421383647798,0.0433962264150943,0.321440825733574,0.678559174266426,0.132785914761032,0.338709677419355,0.580645161290323,0.0806451612903226,129.611105185836
3033,Rotterdam,0,6.19024692265004,1365.7978261746,156.100122884127,5.37906324323315,0.0344590583520939,0.823984526112186,0.0589941972920696,0.0793036750483558,0.0377176015473887,0.316204652291638,0.683795347708362,0.132785914761032,0.442857142857143,0.457142857142857,0.1,132.860936756767
3034,Rotterdam,0,3.96445675962463,1252.37866820175,142.975515733603,6.33901695282107,0.0443363810950132,0.792336217552534,0.0775648949320148,0.103213844252163,0.026885043263288,0.200168446205098,0.799831553794903,0.132785914761032,0.555555555555556,0.444444444444444,0,131.900983047179
3035,Rotterdam,0,5.86268349405444,1333.45823978911,150.625083750704,5.0625791603815,0.0336104653641916,0.798784194528876,0.0832826747720364,0.0936170212765957,0.0243161094224924,0.278876529052396,0.721123470947604,0.132785914761032,0.292682926829268,0.707317073170732,0,133.177420839619
3036,Rotterdam,0,5.55047284327138,1349.81436596074,148.813843933924,3.97581981096159,0.0267167335098671,0.814365671641791,0.0834888059701492,0.0820895522388059,0.0200559701492537,0.192533812425139,0.807466187574861,0.132785914761032,0.469387755102041,0.530612244897959,0,134.264180189038
3037,Rotterdam,0,6.8153293417148,1414.18077573147,153.815919978436,5.1559555984482,0.0335202988037327,0.789915966386555,0.0667600373482726,0.107376283846872,0.0359477124183006,0.217369800659199,0.782630199340801,0.132785914761032,0.3125,0.6875,0,133.084044401552
3038,Rotterdam,0,9.95870496545378,1456.63838672575,152.797916668636,3.07492150465339,0.0201241062161979,0.844208396560445,0.0541224076884167,0.0778958017197774,0.0237733940313606,0.251657407333742,0.748342592666258,0.132785914761032,0.409090909090909,0.5,0.0909090909090909,135.165078495347
3039,Rotterdam,0,6.34003466748987,1464.43908106781,154.771136839376,6.29838103325475,0.0406948037074336,0.791245791245791,0.0602693602693602,0.108080808080808,0.0404040404040404,0.279478435443163,0.720521564556838,0.132785914761032,0.785714285714286,0.142857142857143,0.0714285714285714,131.941618966745
3041,Rotterdam,0,0.518320839268346,1456.44062427915,161.308790272669,96.0311859960682,0.59532518862575,0.682634730538923,0,0.317365269461077,0,0.262559399710524,0.737440600289476,0.132785914761032,1,0,0,42.2088140039318
3042,Rotterdam,0,4.57528972776923,1399.13871263719,172.346145308673,4.11638109046971,0.0238843815340183,0.654021677124929,0.0567598402738163,0.0915573302909298,0.197661152310325,0.223705487318095,0.776294512681905,0.132785914761032,1,0,0,134.12361890953
3043,Rotterdam,0,4.61227307619843,1466.37387112785,164.086821049725,4.75638675972146,0.0289870126637415,0.770039421813404,0.0532194480946123,0.136990801576872,0.0397503285151117,0.241923955516503,0.758076044483497,0.132785914761032,1,0,0,133.483613240279
3044,Rotterdam,0,0.293312105723478,1341.96922465374,161.397656566513,75.0494716150692,0.464997281940961,0.371362048894064,0.0779976717112922,0.277066356228172,0.273573923166472,0.398167039633876,0.601832960366124,0.132785914761032,1,0,0,63.1905283849308
3045,Rotterdam,0,1.61824819636457,1420.17505491077,159.758206589473,35.0699717290191,0.219519062448777,0.606910365548323,0.0660991487230846,0.209814722083124,0.117175763645468,0.244129666522144,0.755870333477857,0.132785914761032,1,0,0,103.170028270981
3051,Rotterdam,0,6.99566717334673,1443.64579472358,159.906986920796,3.67231127964453,0.0229652959533499,0.783970856102005,0.053551912568306,0.118761384335154,0.0437158469945355,0.203116022018316,0.796883977981684,0.132785914761032,0.487179487179487,0.461538461538462,0.0512820512820513,134.567688720355
3052,Rotterdam,0,4.09444228097151,1364.06146050992,154.965525383089,4.18645886665842,0.027015420728637,0.810690423162584,0.0523385300668151,0.107461024498886,0.0295100222717149,0.322230416529557,0.677769583470443,0.132785914761032,0.630434782608696,0.282608695652174,0.0869565217391304,134.053541133342
3053,Rotterdam,0,3.63880913249377,1208.99092820431,136.050856232717,5.34512321485327,0.0392876852293407,0.761943761943763,0.0537810537810537,0.14086814086814,0.0434070434070434,0.344696992868536,0.655303007131464,0.132785914761032,0.8,0.2,0,132.894876785147
3054,Rotterdam,0,3.33855715728087,1265.83293907434,142.877548055971,8.87182986392963,0.0620939397731977,0.731659142212191,0.0468397291196388,0.165349887133182,0.0561512415349887,0.312588340441168,0.687411659558832,0.132785914761032,0.625,0.375,0,129.36817013607
3055,Rotterdam,0,5.77854581333766,1342.30021995446,147.03801136463,2.67207683496095,0.0181726943268747,0.688250069773933,0.059447390454926,0.1722020653084,0.0801004744627407,0.331414045578081,0.668585954421919,0.132785914761032,0.619047619047619,0.380952380952381,0,135.567923165039
3059,Rotterdam,0,6.29892566199401,1238.02727907582,158.266776192974,3.60644847632558,0.0227871481499582,0.65514168597398,0.0458028871858848,0.200142577080734,0.0989128497594011,0.130200332612948,0.869799667387052,0.132785914761032,0.818181818181818,0,0.181818181818182,134.633551523674
3061,Rotterdam,0,6.33156165240228,1265.42792868315,144.457876100728,3.53077386175395,0.0244415462628843,0.783515644874078,0.0699567540066141,0.107351818875604,0.0391757822437038,0.310441462328704,0.689558537671296,0.132785914761032,0.261904761904762,0.595238095238095,0.142857142857143,134.709226138246
3062,Rotterdam,0,4.3074678023022,1209.46282481283,146.642065879789,7.98889846465078,0.0544789001486091,0.688589279842158,0.0637948043406774,0.173298257152252,0.0743176586649128,0.256517384480627,0.743482615519373,0.132785914761032,0.2,0.6,0.2,130.251101535349
3063,Rotterdam,0,5.27559536062383,1152.96513326463,136.069411086873,4.44881003027061,0.0326951516489645,0.70260005842828,0.0455740578439964,0.174700555068653,0.0771253286590709,0.364937281450267,0.635062718549733,0.132785914761032,0.285714285714286,0.714285714285714,0,133.791189969729
3064,Rotterdam,0,2.4550009094767,1037.18165390986,110.52858330767,6.38465550613672,0.0577647456890336,0.807044410413476,0.0535987748851454,0.111791730474732,0.0275650842266462,0.639243589563623,0.360756410436377,0.132785914761032,1,0,0,131.855344493863
3065,Rotterdam,0,4.08439017591718,1290.49850107745,147.532127940972,7.24554707916127,0.0491116557476906,0.666838443700078,0.0626127286781757,0.180108219531048,0.0904406080906982,0.263125777235283,0.736874222764717,0.132785914761032,0.857142857142857,0,0.142857142857143,130.994452920839
3066,Rotterdam,0,5.0365178051975,1366.75805723608,160.942756375881,9.46496459666028,0.058809509727514,0.755303760848602,0.040983606557377,0.157666345226615,0.0460462873674059,0.176940015821968,0.823059984178032,0.132785914761032,0.8125,0,0.1875,128.77503540334
3067,Rotterdam,0,5.56469004138341,1205.32155451142,154.95456387192,6.4408454013146,0.0415660258102393,0.776300351974971,0.0451049406856993,0.137791682961804,0.0408030243775257,0.364921071673298,0.635078928326702,0.132785914761032,0.857142857142857,0,0.142857142857143,131.799154598685
3068,Rotterdam,0,4.2296488296531,1059.32186828862,149.400496415198,7.22343490330743,0.048349470561549,0.790394088669951,0.0427339901477832,0.137931034482758,0.0289408866995073,0.370253402609152,0.629746597390848,0.132785914761032,0.790697674418605,0,0.209302325581395,131.016565096693
3069,Rotterdam,0,4.5497378419361,1042.44107275995,145.061696484912,6.15361757220752,0.0424206921697456,0.771766694843618,0.0362073823612285,0.157368272752888,0.0346576500422654,0.271930018748549,0.728069981251451,0.132785914761032,0.727272727272727,0,0.272727272727273,132.086382427793
3071,Rotterdam,0,4.29692193102696,1391.23067797011,172.203672831826,8.03741313396874,0.0466738775183853,0.754006410256411,0.0753205128205128,0.123717948717948,0.0469551282051282,0.39072780401301,0.60927219598699,0.132785914761032,0.760869565217391,0.152173913043478,0.0869565217391304,130.202586866031
3072,Rotterdam,0,5.57260241966367,1523.92000619527,190.405366526863,7.75360796615344,0.0407215831548505,0.692293126301838,0.0895663700056807,0.142775989395947,0.0753645142965347,0.292094346618077,0.707905653381923,0.132785914761032,0.555555555555556,0.277777777777778,0.166666666666667,130.486392033847
3073,Rotterdam,0,10.0940253349878,1553.85261562975,197.579871949319,3.99942451205257,0.0202420645007729,0.806626833242803,0.0923411189570885,0.0839217816404128,0.0171102661596958,0.166010461640382,0.833989538359618,0.132785914761032,0.685185185185185,0.277777777777778,0.037037037037037,134.240575487947
3074,Rotterdam,0,8.93922914690418,1387.30693770716,185.301764944468,3.52395998607737,0.0190174118802022,0.790979782270608,0.100777604976671,0.0936236391912908,0.0146189735614307,0.23847379842765,0.76152620157235,0.132785914761032,0.547619047619048,0.452380952380952,0,134.716040013923
3075,Rotterdam,0,6.06850366081026,1433.80689933597,193.416221468114,5.67972992779538,0.0293653235736059,0.827357237715804,0.0562195661797255,0.101372288623284,0.0150509074811863,0.101625957664545,0.898374042335455,0.132785914761032,0.638297872340426,0.361702127659575,0,132.560270072205
3076,Rotterdam,0,7.48141514405531,1389.43704764501,197.34792899655,5.37819870759675,0.0272523696343972,0.802109787067788,0.0574330924008595,0.110568470404375,0.0298886501269779,0.162885580837616,0.837114419162385,0.132785914761032,0.833333333333333,0.166666666666667,0,132.861801292403
3077,Rotterdam,0,4.47362706984269,1436.25996683532,162.395560317545,3.79696007054912,0.0233809351876653,0.766332023861488,0.05514331441874,0.144769387458169,0.0337552742616033,0.503377383455673,0.496622616544327,0.132785914761032,0.727272727272727,0.272727272727273,0,134.443039929451
3078,Rotterdam,0,5.77623171570269,1639.56796465276,197.96759028673,5.57906660100129,0.0281817169816572,0.785402800091807,0.0562313518476015,0.130135414275877,0.0282304337847142,0.292061186178147,0.707938813821853,0.132785914761032,0.673469387755102,0.326530612244898,0,132.660933398999
3079,Rotterdam,0,6.52624760439737,1595.02158514644,197.203696432672,4.80625118505311,0.0243720136690948,0.801694639074467,0.0516539025582532,0.12286133289881,0.0237901254684699,0.265414066076814,0.734585933923186,0.132785914761032,0.754716981132076,0.245283018867925,0,133.433748814947
3081,Rotterdam,0,8.12686482414745,1558.65293907743,201.209642821242,6.3408662092676,0.0315137292644614,0.802272029474977,0.0822843107153822,0.093030396070003,0.0224132637396377,0.124570727383967,0.875429272616033,0.132785914761032,0.789473684210526,0.140350877192982,0.0701754385964912,131.899133790732
3082,Rotterdam,0,14.8431268121451,1769.00050886484,218.821420438901,2.88966089709875,0.0132055668558536,0.810872027180068,0.0690826727066817,0.0976783691959229,0.0223669309173272,0.138311887130256,0.861688112869744,0.132785914761032,0.836065573770492,0.163934426229508,0,135.350339102901
3083,Rotterdam,0,14.3882857038614,1752.67396072451,218.700592052603,3.07739792438227,0.0140712830061387,0.807168096920748,0.069409389197375,0.101463907117617,0.0219586067642604,0.08765189882466,0.91234810117534,0.132785914761032,0.859649122807018,0.105263157894737,0.0350877192982456,135.162602075618
3084,Rotterdam,0,1.21057081735438,1520.85439410122,218.703535161085,62.9974288292952,0.288049430855769,0.431282051282052,0.0275213675213675,0.336239316239316,0.204957264957264,0.0695876148448917,0.930412385155108,0.132785914761032,0.903225806451613,0,0.0967741935483871,75.2425711707048
3085,Rotterdam,0,11.3845661583088,901.913143819063,237.082057461776,4.33553157361546,0.0182870505681961,0.770933389016497,0.0703695969931092,0.126331175610774,0.0323658383796199,0,1,0.132785914761032,0.681818181818182,0.181818181818182,0.136363636363636,133.904468426385
3086,Rotterdam,0,3.42268866240867,1146.6214997992,253.145074646159,1.58954941423565,0.00627920340325598,0.79170879676441,0.0730535894843276,0.115520728008088,0.0197168857431749,0.0205587293373752,0.979441270662625,0.132785914761032,0.909090909090909,0,0.0909090909090909,136.650450585764
3087,Rotterdam,0,1.18687608853063,1515.8915373213,182.026025046556,55.6575688422035,0.305767094721583,0.692019950124689,0.0935162094763092,0.138403990024937,0.0760598503740648,0.20914706474113,0.79085293525887,0.132785914761032,1,0,0,82.5824311577965
3111,Schiedam,0,7.25399089912667,1321.47001329322,163.576159725058,5.32434775108715,0.0325496561359334,0.752797558494405,0.0676500508646999,0.134791454730417,0.0447609359104781,0.848427101946238,0.151572898053762,0.132785914761032,0.711864406779661,0.186440677966102,0.101694915254237,132.915652248913
3112,Schiedam,0,8.76745552747879,1378.02816498633,179.400794926698,3.77178762459729,0.0210243640566834,0.804147465437789,0.0639400921658986,0.107718894009216,0.0241935483870967,0.825679631534333,0.174320368465667,0.132785914761032,0.680851063829787,0.25531914893617,0.0638297872340426,134.468212375403
3113,Schiedam,0,0.242775167041542,1300.39183602571,159.687953642813,44.3069033370975,0.277459271825866,0.592592592592593,0.148148148148148,0.259259259259259,0,0.953514562074916,0.046485437925084,0.132785914761032,0.818181818181818,0.181818181818182,0,93.9330966629025
3114,Schiedam,0,7.24154838996911,1209.67904176218,150.654701180448,3.19977620745669,0.0212391394519056,0.819638455217749,0.0390304026294165,0.115036976170912,0.0262941659819227,0.992814067209688,0.00718593279031243,0.132785914761032,1,0,0,135.040223792543
3115,Schiedam,0,0.0732660775070441,1214.89627214262,134.67503231223,353.693378392109,2.62627283112216,0.400000000000001,0.111627906976744,0.376744186046511,0.111627906976744,0.481695054122891,0.518304945877109,0.132785914761032,1,0,0,0
3116,Schiedam,0,4.13992729954042,1237.16562904284,148.52819655522,7.48490177499978,0.0503938103915308,0.732034922766959,0.0436534586971121,0.175285426460711,0.0490261920752182,0.777175208939732,0.222824791060268,0.132785914761032,0.891891891891892,0.0540540540540541,0.0540540540540541,130.755098225
3117,Schiedam,0,7.25517363946108,1236.34007714775,144.053758141957,4.31350906133902,0.0299437454251509,0.815264797507789,0.0554517133956386,0.104984423676012,0.0242990654205607,0.530914901599428,0.469085098400572,0.132785914761032,0.882352941176471,0,0.117647058823529,133.926490938661
3118,Schiedam,0,3.34393210852167,1223.54101032245,138.267727474762,10.157921040953,0.0734655962491834,0.739569609134827,0.0592885375494071,0.151515151515151,0.0496267018006148,0.376269687098491,0.623730312901509,0.132785914761032,0.588235294117647,0.176470588235294,0.235294117647059,128.082078959047
3119,Schiedam,0,5.06642880855232,1314.44515205415,164.138774162796,9.72645434863556,0.0592575057188417,0.783830773688787,0.064039408866995,0.122283396117067,0.0298464213271515,0.698870288024547,0.301129711975453,0.132785914761032,0.555555555555556,0.333333333333333,0.111111111111111,128.513545651364
3121,Schiedam,0,2.34118701952819,975.389542279425,116.517430235461,24.9905886035557,0.214479400661808,0.772135416666667,0.0442708333333333,0.147786458333333,0.0358072916666666,0.655935645403856,0.344064354596144,0.132785914761032,0.703703703703704,0.296296296296296,0,113.249411396444
3122,Schiedam,0,1.1409297331203,957.842423717945,122.033606955406,1.5453182778433,0.0126630550091664,0.81449893390192,0.0496497106305208,0.118184587267742,0.0176667681998172,0.999811464750124,0.000188535249876054,0.132785914761032,0.696969696969697,0.303030303030303,0,136.694681722157
3123,Schiedam,0,3.25851404789281,726.673171720638,91.0176185348542,6.72860314088244,0.0739263809490444,0.772254710851203,0.0402858999350227,0.153996101364522,0.0334632878492527,0.952847629848214,0.0471523701517863,0.132785914761032,0.538461538461538,0.461538461538462,0,131.511396859118
3124,Schiedam,0,3.12568007500368,669.779778047732,86.190311003546,4.86609815830604,0.0564576006473145,0.70934530095037,0.0337909186906019,0.188489968321013,0.0683738120380147,0.79819468975901,0.20180531024099,0.132785914761032,0.75,0.25,0,133.373901841694
3125,Schiedam,0,0.388057458237545,1055.2490239987,142.05162960721,56.8205753605377,0.399999461587688,0.379107981220658,0.0446009389671361,0.300469483568075,0.275821596244131,0.812006352690125,0.187993647309875,0.132785914761032,1,0,0,81.4194246394623
3131,Vlaardingen,0,11.821223837592,1427.21245684532,155.176534209515,2.03676034592687,0.013125440365725,0.808712121212122,0.0452967171717171,0.120265151515151,0.02572601010101,1,0,0.132785914761032,0.954545454545455,0,0.0454545454545455,136.203239654073
3132,Vlaardingen,0,5.92763418930377,0,0,0,0,0.796850393700788,0.0596456692913385,0.123622047244094,0.0198818897637795,0,1,0.132785914761032,1,0,0,138.24
3133,Vlaardingen,0,4.44196507429486,1544.8002748777,154.355578225224,7.42279499940388,0.0480889326109944,0.635101010101011,0.0643939393939393,0.206439393939393,0.0940656565656565,1,0,0.132785914761032,0.777777777777778,0,0.222222222222222,130.817205000596
3134,Vlaardingen,0,4.20724952850008,1176.88966580885,129.877381558135,6.07310478286339,0.0467602958267601,0.738095238095239,0.0555555555555555,0.162131519274376,0.0442176870748299,0.659922215802011,0.340077784197989,0.132785914761032,0.842105263157895,0,0.157894736842105,132.166895217137
3135,Vlaardingen,0,5.98254323484659,1117.98995020007,119.404827253711,5.65299344916154,0.047343089715712,0.77933997266159,0.0402265182581527,0.144503026752587,0.0359304823276703,0.712509825208842,0.287490174791158,0.132785914761032,0.916666666666667,0,0.0833333333333333,132.587006550838
3136,Vlaardingen,0,5.58425154621527,1126.18645636941,125.899254358751,0.874070026207438,0.00694261479672285,0.783307976526842,0.0378178656813736,0.13953488372093,0.0393392740708541,1,0,0.132785914761032,0.783783783783784,0.216216216216216,0,137.365929973793
3137,Vlaardingen,0,4.22668546175476,902.538667410297,115.007102991956,1.12019711871417,0.00974024290301897,0.771098459477562,0.0378432685867381,0.154889484259879,0.0361687876758205,1,0,0.132785914761032,0.782608695652174,0.217391304347826,0,137.119802881286
3138,Vlaardingen,0,32.1585003943353,1395.16666666666,138.061886342592,0,0,0.768961386918984,0.0754117859490997,0.115676293089779,0.0399505340421373,1,0,0.132785914761032,1,0,0,138.24
3141,Maassluis,0,2.34384972668996,1041.2,98.7569752777777,1.13000248467635,0.0114422549039999,0.808309037900875,0.0397230320699708,0.129373177842565,0.0225947521865889,1,0,0.132785914761032,1,0,0,137.109997515324
3142,Maassluis,0,1.46736736411325,1116.25377322402,102.208485907035,1.46139984722513,0.0142982242057119,0.80086393088553,0.052267818574514,0.120086393088552,0.0267818574514038,1,0,0.132785914761032,1,0,0,136.778600152775
3143,Maassluis,0,1.68173912899833,1041.2,98.7569752777777,2.64349783397115,0.0267677075622828,0.73587385019711,0.0538764783180026,0.16754270696452,0.0427069645203679,1,0,0.132785914761032,0.714285714285714,0,0.285714285714286,135.596502166029
3144,Maassluis,0,1.37714729982897,1171.58205033127,101.775346205491,3.87070416558679,0.0380318447433388,0.766438559952396,0.0416542695626301,0.154715858375483,0.0371913121094912,1,0,0.132785914761032,0.894736842105263,0,0.105263157894737,134.369295834413
3145,Maassluis,0,1.66082180700403,1221.58333333333,101.383909097222,1.30607503457004,0.0128824686895588,0.775269541778976,0.0397574123989218,0.148921832884097,0.0360512129380053,1,0,0.132785914761032,0.722222222222222,0,0.277777777777778,136.93392496543
3146,Maassluis,0,1.2610210636557,1221.58333333333,101.383909097222,0.221764794461135,0.00218737664029579,0.760971452918621,0.0409032807839795,0.164039198977417,0.0340860673199829,1,0,0.132785914761032,0.666666666666667,0,0.333333333333333,138.018235205539
3147,Maassluis,0,1.78593344927655,1221.58333333333,101.383909097222,2.11623699274614,0.0208734996666658,0.681773399014779,0.038423645320197,0.196059113300492,0.083743842364532,1,0,0.132785914761032,1,0,0,136.123763007254
3151,Rotterdam,0,2.58293550428162,572.333333333333,86.6748030787037,4.71586985289685,0.0544087749309875,0.752145280383157,0.0419078028337657,0.158052284973059,0.0478946318100179,0,1,0.132785914761032,1,0,0,133.524130147103
3162,Albrandswaard,0,1.78798641415542,614.158217532281,96.2068229540009,2.46421819082557,0.0256137570617396,0.677301731996354,0.0437556973564266,0.200850805226375,0.0780917654208447,0.733325638024322,0.266674361975678,0.132785914761032,1,0,0,135.775781809174
3171,Albrandswaard,0,1.28995312163178,992.742019077358,127.015290821668,4.3629608444141,0.0343498866647464,0.7627606038821,0.0406182602444284,0.154565061107117,0.0420560747663551,0.860228436740531,0.139771563259469,0.132785914761032,0.928571428571429,0,0.0714285714285714,133.877039155586
3181,Rotterdam,0,1.61266424000081,1162.2578213059,101.848341317363,2.5713727563374,0.0252470754366526,0.796183868169992,0.0386816999132697,0.13599306157849,0.029141370338248,1,0,0.132785914761032,1,0,0,135.668627243663
3191,Rotterdam,0,4.8339662463233,1397.71137077857,221.618405640934,15.0005598473452,0.0676864351765489,0.780607476635515,0.0345794392523364,0.143925233644859,0.0408878504672897,0.0658998221599868,0.934100177840013,0.132785914761032,0.777777777777778,0,0.222222222222222,123.239440152655
3192,Rotterdam,0,8.03576291859921,1382.00941887165,205.687057033937,4.81011450796215,0.0233855964362819,0.7899825952427,0.0380970798684973,0.140785147940437,0.0311351769483658,0.169776873129855,0.830223126870145,0.132785914761032,0.90625,0,0.09375,133.429885492038
3193,Rotterdam,0,6.51869716461418,1206.50333214522,222.663022794968,9.61624789914998,0.0431874488114032,0.795631247686043,0.0496112550907071,0.124028137726767,0.0307293594964827,0.23905426749381,0.76094573250619,0.132785914761032,1,0,0,128.62375210085
3194,Rotterdam,0,4.10665857730862,1347.81957489777,238.351507972123,10.9845088759923,0.046085334091014,0.714472394642274,0.074812152891212,0.168245671349232,0.0424697811172819,0.0264062258347014,0.973593774165299,0.132785914761032,0.75,0,0.25,127.255491124008
3201,Nissewaard,0,1.8751249288593,1981.44101465317,195.299429560932,0.634879796308783,0.00325080210288431,0.729460939752091,0.0492937445949841,0.164600749495531,0.056644566157394,0.945804009577806,0.054195990422194,0.132785914761032,0.92,0,0.08,137.605120203691
3202,Nissewaard,0,1.86182605738134,1086.58333333333,251.546571064814,0.852356514498809,0.00338846405614167,0.818445662689455,0.0509513060303128,0.111576910673976,0.019026120606256,0.554950533016334,0.445049466983666,0.132785914761032,1,0,0,137.387643485501
3203,Nissewaard,0,1.61957843047936,2093.17412939124,193.964604006797,4.22903420214229,0.0218031234296444,0.793246037215714,0.0337698139214334,0.146795313576843,0.0261888352860096,1,0,0.132785914761032,0.833333333333333,0,0.166666666666667,134.010965797858
3204,Nissewaard,0,1.56837876562776,1593.98616583587,183.450291114951,4.65770474626097,0.0253894650041325,0.800631800631801,0.0333450333450333,0.139698139698139,0.0263250263250263,1,0,0.132785914761032,0.878787878787879,0,0.121212121212121,133.582295253739
3205,Nissewaard,0,1.74326039794982,2041.42989018458,190.395735806631,2.12299343479319,0.0111504253275364,0.78764367816092,0.0399425287356321,0.140804597701149,0.0316091954022988,1,0,0.132785914761032,1,0,0,136.117006565207
3206,Nissewaard,0,1.79026025569099,1515.09342660508,181.899302928035,2.69802780984656,0.0148325351797196,0.804452314697699,0.0336453326587401,0.137111054895016,0.0247912977485454,1,0,0.132785914761032,0.846153846153846,0,0.153846153846154,135.541972190153
3207,Nissewaard,0,1.88069023970654,1157.29986020178,167.914138646088,1.13482516197346,0.00675836574051294,0.726750400855159,0.0358097274184927,0.186932121859967,0.0505077498663816,0.23533073514551,0.76466926485449,0.132785914761032,1,0,0,137.105174838027
3208,Nissewaard,0,1.05357212222435,1191.36802161467,176.156087303567,4.61235864791615,0.0261833622585392,0.708782742681048,0.0647149460708782,0.179661016949152,0.0468412942989214,1,0,0.132785914761032,1,0,0,133.627641352084
3221,Voorne aan Zee,0,1.90912182662883,792.851191036789,107.702020263883,12.6819910398539,0.117750725648242,0.738289205702648,0.0655125594025797,0.150033944331296,0.0461642905634759,1,0,0.132785914761032,1,0,0,125.558008960146
3222,Voorne aan Zee,0,2.83268818200902,1339.20435716604,152.202379710784,3.35516808547733,0.0220441236980186,0.787500000000001,0.0535,0.127499999999999,0.0315,1,0,0.132785914761032,1,0,0,134.884831914523
3223,Voorne aan Zee,0,3.96446817212748,1128.5954887468,162.847862080014,7.40178804794111,0.0454521659259137,0.718426501035198,0.0456866804692891,0.178881987577639,0.0570048309178743,1,0,0.132785914761032,1,0,0,130.838211952059
3224,Voorne aan Zee,0,3.37102049859715,939.944367244942,142.406966591249,5.78413809450919,0.0406169602018939,0.76344860710855,0.047790585975024,0.154178674351585,0.0345821325648415,1,0,0.132785914761032,1,0,0,132.455861905491
3225,Voorne aan Zee,0,4.34293189869695,985.799144810834,179.818546946584,5.48765278406646,0.0305177239903768,0.801797175866496,0.0323491655969191,0.138125802310654,0.0277278562259306,1,0,0.132785914761032,1,0,0,132.752347215934
3231,Voorne aan Zee,0,3.98426708769238,160.095018519839,10.128509767751,0.0252464075945882,0.0024926083079835,0.740204429301534,0.0579216354344122,0.147359454855195,0.0545144804088586,1,0,0.132785914761032,1,0,0,138.214753592405
3232,Voorne aan Zee,0,4.01309679954945,173.522573205388,10.3153662096907,0.23663371443715,0.0229399237629436,0.750295624753646,0.046117461568782,0.16042569964525,0.0431612140323216,1,0,0.132785914761032,1,0,0,138.003366285563
3241,Goeree-Overflakkee,0,1.06390809488376,0,0,0,0,0.736441717791412,0.0694478527607362,0.13963190184049,0.0544785276073619,0,1,0.132785914761032,1,0,0,138.24
3245,Goeree-Overflakkee,0,1.08801693166351,0,0,0,0,0.779888268156425,0.061731843575419,0.120670391061452,0.0377094972067039,0,1,0.132785914761032,1,0,0,138.24
3261,Hoeksche Waard,0,4.09291033507763,124.170847267103,121.718006909553,3.32711905148042,0.0273346494570253,0.722790030482338,0.0455441993903532,0.17016317016317,0.0615025999641384,1,0,0.132785914761032,1,0,0,134.91288094852
3262,Hoeksche Waard,0,3.9920380488241,207.434619256511,74.9036905409717,1.80438648194001,0.0240894202796727,0.782908933966337,0.0517911091929218,0.130988347000431,0.0343116098403107,1,0,0.132785914761032,1,0,0,136.43561351806
3263,Hoeksche Waard,0,5.08392899695877,131.069567225048,23.7750626004517,2.9788086267691,0.125291305298708,0.758012076172783,0.0436600092893636,0.151416627960984,0.0469112865768694,1,0,0.132785914761032,1,0,0,135.261191373231
3311,Dordrecht,0,5.41015334679633,1356.30990711335,155.545218219452,6.08058176749668,0.0390920520547141,0.764990470605484,0.0650930948541269,0.129159947221814,0.0407564873185749,0.636938414033573,0.363061585966427,0.132785914761032,1,0,0,132.159418232503
3312,Dordrecht,0,4.14349216004288,1410.41510620738,146.549860516007,8.14061246982475,0.0555484149978811,0.781454162276081,0.0729188619599578,0.111064278187565,0.0345626975763962,0.617509597582274,0.382490402417726,0.132785914761032,1,0,0,130.099387530175
3313,Dordrecht,0,3.89847140682804,912.086664393832,119.536822443331,3.99724054031062,0.0334394076955291,0.792601338055884,0.0535222353404171,0.121212121212121,0.0326643053915781,0.670860828748745,0.329139171251255,0.132785914761032,1,0,0,134.242759459689
3314,Dordrecht,0,4.02972221426273,1171.02896014744,144.56767568872,12.1351577901614,0.0839410174670756,0.822937293729373,0.0641914191419141,0.0947194719471947,0.0181518151815181,0.644722538986029,0.355277461013972,0.132785914761032,1,0,0,126.104842209839
3315,Dordrecht,0,4.35858560554198,473.833333333333,60.1125462962963,0.0187758958657751,0.000312345708551892,0.774134568503169,0.0418088737201365,0.144441735738664,0.0396148220380302,1,0,0.132785914761032,1,0,0,138.221224104134
3317,Dordrecht,0,4.95512560466815,1111.5154241772,132.690754983631,6.12876816628591,0.0461883585411958,0.785677308024159,0.0547023295944779,0.122691975841242,0.0369283865401207,0.443790255443127,0.556209744556873,0.132785914761032,1,0,0,132.111231833714
3318,Dordrecht,0,2.61808973264623,1218.65479323573,150.200993399843,3.35496555051968,0.0223365070668247,0.795998260113093,0.0469769464984776,0.125271857329273,0.0317529360591561,0.305646076155317,0.694353923844683,0.132785914761032,1,0,0,134.88503444948
3319,Dordrecht,0,2.63032847341991,1312.92230970371,117.989541402309,1.42698883440264,0.0120941976504259,0.742123218944412,0.0515753562111178,0.151314469195263,0.0549869556492073,0.997373813037514,0.00262618696248584,0.132785914761032,1,0,0,136.813011165597
3328,Dordrecht,0,4.09146685737979,962.977489464781,112.117260136155,0.212014319056142,0.00189100517439217,0.773499286918191,0.0408401400233372,0.145339037987812,0.0403215350706599,0.39903789922293,0.60096210077707,0.132785914761032,1,0,0,138.027985680944
3331,Zwijndrecht,0,5.44215154993629,1157.1064658783,162.405544591225,8.28395690683545,0.0510078453767461,0.786066022250593,0.0477840598212657,0.132226883093197,0.0339230348349443,0.857280519795691,0.142719480204309,0.132785914761032,1,0,0,129.956043093165
3332,Zwijndrecht,0,3.63544982635247,1282.39450416409,139.525655151131,12.9326054377336,0.0926898026296694,0.788173991844133,0.0400996828273674,0.146579066606252,0.0251472587222473,0.640682650437893,0.359317349562107,0.132785914761032,1,0,0,125.307394562266
3333,Zwijndrecht,0,5.76685277269833,1188.02809658156,203.550090385682,4.28778152989028,0.0210649944776044,0.820000000000001,0.0436065573770491,0.118360655737704,0.0180327868852459,0.99636980285073,0.00363019714926971,0.132785914761032,1,0,0,133.95221847011
3334,Zwijndrecht,0,4.27428182052051,0,0,0,0,0.776093088857546,0.0405500705218617,0.145980253878702,0.0373765867418899,0,1,0.132785914761032,1,0,0,138.24
3335,Zwijndrecht,0,3.55423837441628,1161.89207636009,201.127847577051,0.0265039572609137,0.000131776666335378,0.726606042827809,0.0354942798474626,0.183924904664124,0.0539747726606042,1,0,0.132785914761032,1,0,0,138.213496042739
3336,Zwijndrecht,0,1.22340862936591,991.519552184434,146.222183876999,0,0,0.481481481481483,0.209876543209876,0.185185185185185,0.123456790123456,0.965246706883377,0.0347532931166231,0.132785914761032,1,0,0,138.24
3341,Hendrik-Ido-Ambacht,0,1.64408448367857,868.085261263419,100.498845292107,2.11547872859593,0.0210497814422359,0.744066278549038,0.041871921182266,0.161665920286609,0.0523958799820868,0.688430878455852,0.311569121544148,0.132785914761032,1,0,0,136.124521271404
3342,Hendrik-Ido-Ambacht,0,1.31247766291116,0,0,0,0,0.74583590376311,0.0394818013571869,0.169956816779765,0.0447254780999383,0,1,0.132785914761032,1,0,0,138.24
3343,Hendrik-Ido-Ambacht,0,1.50123817053286,123.666666666666,48.5330555555555,0.00825133059686895,0.000170014652949755,0.772756827048115,0.0305591677503251,0.155721716514954,0.0409622886866059,1,0,0.132785914761032,1,0,0,138.231748669403
3344,Hendrik-Ido-Ambacht,0,2.10588595666734,501.716972968505,44.0954890290814,0.179792621551216,0.00407734726408502,0.721802791123313,0.0418668496911461,0.185541066117593,0.0507892930679478,1,0,0.132785914761032,1,0,0,138.060207378449
3351,Papendrecht,0,2.37945264758563,660.366405864225,99.2796590343354,10.7940086502115,0.108723264717081,0.791008505467801,0.0452004860267314,0.128797083839611,0.0349939246658566,0.852278576296035,0.147721423703965,0.132785914761032,1,0,0,127.445991349788
3352,Papendrecht,0,3.67621947388768,370.365709579797,72.3629145786165,6.69203766499311,0.092478829853139,0.755813953488373,0.0379436964504283,0.145654834761321,0.0605875152998776,1,0,0.132785914761032,1,0,0,131.547962335007
3353,Papendrecht,0,2.43833543987693,390.258957393065,86.9586729071074,5.00069285754615,0.057506545240037,0.810970797158643,0.0359116022099447,0.127071823204419,0.0260457774269929,0.9970252685951,0.00297473140489957,0.132785914761032,1,0,0,133.239307142454
3354,Papendrecht,0,4.52692733616725,378.677136702456,83.9112064965437,5.86396356180707,0.0698829608897186,0.786259541984734,0.0390161153519932,0.140797285835453,0.0339270568278201,1,0,0.132785914761032,1,0,0,132.376036438193
3355,Papendrecht,0,2.57230260751753,367.530208250432,74.7820712910755,4.61732058780223,0.0617436841222298,0.76336421952958,0.0313613684960798,0.159657875980042,0.0456165359942979,1,0,0.132785914761032,1,0,0,133.622679412198
3361,Sliedrecht,0,1.32117632596305,0,0,0,0,0.763925729442972,0.058060713233127,0.141762452107279,0.0362511052166224,0,1,0.132785914761032,1,0,0,138.24
3362,Sliedrecht,0,1.70280983166923,0,0,0,0,0.822280586561611,0.0411468592689866,0.115342525716787,0.0212300284526154,0,1,0.132785914761032,1,0,0,138.24
3363,Sliedrecht,0,1.56433289029604,0,0,0,0,0.770610355799827,0.0549609487995371,0.128435059299971,0.0459936361006653,0,1,0.132785914761032,1,0,0,138.24
3364,Sliedrecht,0,0.5810624423348,0,0,0,0,0.585727525486563,0.0713623725671918,0.236329935125115,0.10658016682113,0,1,0.132785914761032,1,0,0,138.24
3371,Hardinxveld-Giessendam,0,1.07853102357397,0,0,0,0,0.783787901874144,0.0522626847478287,0.130428157854639,0.0335212555233886,0,1,0.132785914761032,1,0,0,138.24
3401,IJsselstein,0,3.08061247677768,1266.84584294244,135.403012467258,6.15926933768415,0.0454884217526071,0.741643454038998,0.0550139275766016,0.154770194986072,0.0485724233983286,0.452001575604612,0.547998424395388,0.132785914761032,0.636363636363636,0.363636363636364,0,132.080730662316
3402,IJsselstein,0,3.63197584898228,1495.482111261,116.871353225723,3.18319365374376,0.0272367313792954,0.77025,0.0555,0.13425,0.04,0.0527750807142549,0.947224919285745,0.132785914761032,1,0,0,135.056806346256
3403,IJsselstein,0,3.63920385468436,1024.23547726303,122.078898259678,5.6511410717011,0.0462908918106418,0.721868365180468,0.0520169851380042,0.174097664543524,0.0520169851380042,0.930502391094338,0.0694976089056616,0.132785914761032,1,0,0,132.588858928299
3404,IJsselstein,0,6.2128192094341,1131.58696758188,185.661194881439,2.28102331739892,0.0122859454764123,0.725437415881562,0.0531628532974428,0.163750560789591,0.0576491700314042,0.685038924666677,0.314961075333323,0.132785914761032,0.8,0.2,0,135.958976682601
3431,Nieuwegein,0,5.04171276206034,1608.37372957285,153.598831766311,4.11949839632085,0.0268198550011653,0.775686274509805,0.0580392156862745,0.126013071895424,0.0402614379084967,0.475810393623115,0.524189606376885,0.132785914761032,0.736842105263158,0.263157894736842,0,134.120501603679
3432,Nieuwegein,0,5.11506228707397,1617.13635562719,132.537892431752,2.86866994067312,0.021644149367701,0.796476761619191,0.0547226386806596,0.126311844077961,0.0224887556221889,0.312130264459661,0.687869735540339,0.132785914761032,0.80952380952381,0.19047619047619,0,135.371330059327
3433,Nieuwegein,0,3.23545475102821,1559.25449258558,123.703549808516,7.33036024637039,0.05925747690925,0.708399366085579,0.0607501320655044,0.170628631801373,0.0602218700475435,0.367809207041039,0.632190792958961,0.132785914761032,1,0,0,130.90963975363
3434,Nieuwegein,0,3.25235802822182,1414.02167735959,118.662437391739,1.55632149632984,0.0131155362264469,0.781928041746773,0.0543806646525679,0.127986816808569,0.03570447679209,0.678510238537145,0.321489761462855,0.132785914761032,0.818181818181818,0.181818181818182,0,136.68367850367
3435,Nieuwegein,0,4.96804774232697,1658.4540462083,145.388609184546,3.77284777256227,0.0259500919207039,0.771134805788272,0.0487433358720487,0.145468392993145,0.0346534653465346,0.530600305155201,0.469399694844799,0.132785914761032,0.692307692307692,0.307692307692308,0,134.467152227438
3436,Nieuwegein,0,3.99365801972273,1569.45544955268,150.528021987736,7.58098345323709,0.0503626059329653,0.759432200224132,0.0537915577138587,0.140829286514755,0.0459469555472543,0.469699313784516,0.530300686215484,0.132785914761032,0.8,0.2,0,130.659016546763
3437,Nieuwegein,0,4.08902825435506,1242.7690483182,126.122650195832,3.86587890849308,0.0306517417965012,0.750252100840337,0.0438655462184873,0.162857142857142,0.0430252100840336,0.298752549876124,0.701247450123876,0.132785914761032,0.916666666666667,0.0833333333333333,0,134.374121091507
3438,Nieuwegein,0,4.1561020595788,1480.81894543563,140.874956654484,3.62432913625366,0.0257272777385327,0.740315315315316,0.0472972972972973,0.166216216216216,0.0461711711711711,0.272130075358298,0.727869924641702,0.132785914761032,0.923076923076923,0.0769230769230769,0,134.615670863746
3439,Nieuwegein,0,1.64216496564767,1444.37983993843,157.047544390114,10.5989496122042,0.0674887955323636,0.569455103607061,0.0855717574827321,0.193783576362241,0.151189562547966,0.26515617688299,0.73484382311701,0.132785914761032,1,0,0,127.641050387796
3441,Woerden,0,6.77830100616871,1101.49513852403,121.107386266385,2.62083187359854,0.0216405617724572,0.750402576489533,0.0547504025764895,0.148953301127214,0.0458937198067632,0.698403192365173,0.301596807634827,0.132785914761032,1,0,0,135.619168126401
3442,Woerden,0,3.78326730716807,1057.75723720153,109.02105542861,4.69287069496653,0.0430455445190544,0.781268179173939,0.0570098894706224,0.133798720186154,0.0279232111692844,0.967761139753229,0.0322388602467706,0.132785914761032,1,0,0,133.547129305033
3443,Woerden,0,3.76578808705141,1082.91336144783,116.301420143437,4.82248093642449,0.0414653658611978,0.778314028314029,0.0572715572715572,0.125804375804375,0.0386100386100386,0.838236794262268,0.161763205737732,0.132785914761032,1,0,0,133.417519063576
3445,Woerden,0,2.73766729718107,1139.76058051824,111.726867065062,5.19740308819135,0.0465188295771754,0.723176962378078,0.0631676730143985,0.144449605202043,0.0692057594054807,0.605887080344422,0.394112919655579,0.132785914761032,1,0,0,133.042596911809
3446,Woerden,0,2.10434335707368,1007.45307319619,100.088741661731,4.11789707964989,0.0411424602935574,0.684275184275185,0.0489352989352989,0.179156429156429,0.0876330876330876,0.678691325564485,0.321308674435515,0.132785914761032,1,0,0,134.12210292035
3447,Woerden,0,3.92804372928727,1044.38447001938,113.997911120394,10.1320583346499,0.088879333270847,0.521739130434784,0.0841514726507714,0.239831697054698,0.154277699859747,0.726606226609813,0.273393773390187,0.132785914761032,1,0,0,128.10794166535
3448,Woerden,0,3.75961407975781,1192.58736480138,112.240531118889,3.42203341147267,0.0304883928947907,0.77673545966229,0.0544090056285178,0.12838381131064,0.0404717233985526,1,0,0.132785914761032,1,0,0,134.817966588527
3449,Woerden,0,1.15323368813915,1218.71823625179,122.351871363727,46.9021179236145,0.383337969422504,0.551724137931036,0.0607553366174055,0.269293924466338,0.118226600985221,1,0,0.132785914761032,1,0,0,91.3378820763855
3451,Utrecht,0,2.50979293106727,1322.47520403355,131.904738809137,11.1590311267011,0.0845991677588472,0.694612980327266,0.0549733406876263,0.174664460378746,0.0757492186063614,0.528403465759219,0.471596534240781,0.132785914761032,1,0,0,127.080968873299
3452,Utrecht,0,5.24144638784757,1435.02420728405,152.272438906341,3.21940355185604,0.0211423917222224,0.684522739529032,0.0659715980586014,0.163940319971238,0.0855653424411289,0.456428698338561,0.543571301661439,0.132785914761032,1,0,0,135.020596448144
3453,Utrecht,0,4.29380972818176,1027.00285646824,115.925487702282,2.46057405505756,0.0212254794336235,0.709426888055705,0.0583824317086234,0.168719871451526,0.0634708087841456,0.46921863046691,0.53078136953309,0.132785914761032,1,0,0,135.779425944942
3454,Utrecht,0,2.12956022473912,1275.26565799266,121.714386115996,8.40186031687972,0.0690293118586047,0.701785427054851,0.0543670580665916,0.166157310599967,0.0776902042785909,0.396235337232289,0.603764662767711,0.132785914761032,1,0,0,129.83813968312
3511,Utrecht,0,4.40820334486144,1426.4551158589,140.798001337996,7.14740604676198,0.050763547627385,0.405544985050286,0.0369665670019026,0.0810002718129926,0.476488176134819,0.520086126981355,0.479913873018645,0.132785914761032,0.9375,0.0625,0,131.092593953238
3512,Utrecht,0,7.39744211721417,1375.83972306648,135.194095726157,4.75038975632446,0.0351375533880313,0.728667894413752,0.0804174340085942,0.130755064456721,0.060159607120933,0.53010874638669,0.469891253613311,0.132785914761032,0.970588235294118,0.0294117647058824,0,133.489610243676
3513,Utrecht,0,6.95594700219572,1391.65014697108,136.422070080504,4.49384641429074,0.0329407581312824,0.779650436953809,0.0836454431960049,0.102372034956304,0.0343320848938826,0.381761797483875,0.618238202516125,0.132785914761032,1,0,0,133.746153585709
3514,Utrecht,0,5.98145331487447,1359.43776864353,131.975414629591,4.84007394532756,0.0366740575046645,0.732584269662922,0.0842696629213483,0.142696629213483,0.0404494382022471,0.428494972896552,0.571505027103448,0.132785914761032,1,0,0,133.399926054672
3515,Utrecht,0,5.86148915112528,1360.42819443394,136.444383103756,4.92667704550955,0.0361075841558327,0.771617161716172,0.0712871287128712,0.108250825082508,0.0488448844884488,0.401209936612388,0.598790063387612,0.132785914761032,1,0,0,133.31332295449
3521,Utrecht,0,4.73288781485341,1493.9923288048,145.269114839265,5.78808725576666,0.0398438942935046,0.395084566596195,0.0467758985200845,0.0890591966173361,0.469080338266384,0.439211651752593,0.560788348247407,0.132785914761032,0.866666666666667,0.133333333333333,0,132.451912744233
3522,Utrecht,0,5.63773017145707,1468.56949521894,142.423545664815,5.04813865417689,0.0354445511843763,0.774284562676341,0.0806126561870213,0.111648528819024,0.0334542523176138,0.361892699102043,0.638107300897957,0.132785914761032,0.933333333333333,0.0666666666666667,0,133.191861345823
3523,Utrecht,0,7.06151391383646,1424.92881353663,140.810522087826,5.13551549784564,0.0364711061481792,0.802886441321687,0.0634257500949487,0.105582985187998,0.0281048233953665,0.417706441252776,0.582293558747224,0.132785914761032,0.961538461538462,0.0384615384615385,0,133.104484502154
3524,Utrecht,0,4.54846324385469,1346.48522666718,148.355724700767,5.67433755955885,0.0382481873955586,0.794940476190477,0.0666666666666666,0.105059523809523,0.0333333333333333,0.610247329563912,0.389752670436088,0.132785914761032,1,0,0,132.565662440441
3525,Utrecht,0,4.4892669690329,1332.51018673382,144.171365485971,6.1943933616405,0.0429654899969943,0.786127167630058,0.093536521282186,0.094062007356805,0.0262743037309511,0.457225430394291,0.542774569605709,0.132785914761032,0.95,0.05,0,132.04560663836
3526,Utrecht,0,4.1380536695316,1308.16373342914,137.316140513553,6.59221391996929,0.0480075677579843,0.772339840527908,0.114654935386307,0.0874346989276876,0.0255705251580973,0.299071375773556,0.700928624226445,0.132785914761032,0.875,0.125,0,131.647786080031
3527,Utrecht,0,4.38056164251448,1355.63114760523,129.511281641383,5.06466122390029,0.0391059462906432,0.771655863288156,0.104301708898055,0.0919269298762522,0.0321154979375368,0.320785351436717,0.679214648563283,0.132785914761032,0.9375,0.0625,0,133.1753387761
3528,Utrecht,0,0.142548157731776,1126.32684999747,115.232677315149,97.4370826244866,0.845568157355284,0.261802575107297,0,0.416309012875536,0.321888412017167,0.324710590897853,0.675289409102147,0.132785914761032,1,0,0,40.8029173755134
3531,Utrecht,0,6.30162316748056,1386.17912632903,130.801200975876,4.16042860155257,0.0318072660687564,0.774686520376176,0.0936520376175548,0.0928683385579937,0.0387931034482758,0.339953656778169,0.660046343221831,0.132785914761032,0.904761904761905,0.0952380952380952,0,134.079571398447
3532,Utrecht,0,4.96944738504312,1359.37296406811,129.422757389522,4.72599673567732,0.0365159638922971,0.798039215686275,0.084313725490196,0.0895424836601307,0.0281045751633986,0.319727659687152,0.680272340312848,0.132785914761032,1,0,0,133.514003264323
3533,Utrecht,0,3.22222341259602,1342.69675889415,124.054659299018,7.09678680813014,0.0572069348159204,0.716374269005848,0.0891812865497076,0.134502923976608,0.0599415204678362,0.319817569474013,0.680182430525987,0.132785914761032,1,0,0,131.14321319187
3534,Utrecht,1,2.61539701379615,1316.33510735941,129.026344534813,11.0275473773852,0.0854674091337202,0.771720613287905,0.0579216354344122,0.10732538330494,0.0630323679727427,0.316415625303366,0.683584374696634,0.132785914761032,1,0,0,127.212452622615
3541,Utrecht,0,5.76111599334359,1397.76336043746,120.314567331654,4.17249650551733,0.0346798945302742,0.668663714508987,0.0909090909090909,0.154727793696275,0.0856994008856473,0.293821816457056,0.706178183542944,0.132785914761032,1,0,0,134.067503494483
3543,Utrecht,0,3.16139503856035,1306.670411831,120.306808787989,4.47569323122682,0.0372023269199511,0.578404669260701,0.059533073929961,0.246303501945525,0.115758754863813,0.339617679557053,0.660382320442947,0.132785914761032,1,0,0,133.764306768773
3544,Utrecht,0,3.33436352900786,1347.09482787178,119.411906997037,4.39504786904024,0.0368057757351559,0.692326225755934,0.0738465245151186,0.158776051078183,0.0750511986507649,0.280251999491438,0.719748000508562,0.132785914761032,1,0,0,133.84495213096
3551,Utrecht,0,5.20169583248982,1337.97899510486,135.444114544413,5.59535781269084,0.0413111919370707,0.812903225806452,0.0650537634408602,0.0865591397849462,0.0354838709677419,0.339250943543807,0.660749056456193,0.132785914761032,1,0,0,132.644642187309
3552,Utrecht,0,4.50733148497329,1378.15132752658,143.388319795379,6.91674965202486,0.0482378875901143,0.816209034543844,0.0739592559787422,0.0854738706820194,0.0243578387953941,0.347333877079596,0.652666122920404,0.132785914761032,1,0,0,131.323250347975
3553,Utrecht,0,8.727914009048,1300.44067394253,136.492816626195,2.57650923675423,0.0188765189292735,0.807987711213518,0.0604198668714797,0.0942140296979006,0.0373783922171018,0.387931374870898,0.612068625129103,0.132785914761032,1,0,0,135.663490763246
3554,Utrecht,0,4.767169431773,1326.62268292604,140.620712057099,5.94529043570716,0.0422789100462887,0.793448589626934,0.0882620564149226,0.0937215650591446,0.024567788898999,0.451907938596615,0.548092061403385,0.132785914761032,1,0,0,132.294709564293
3555,Utrecht,0,4.93779262264289,1239.91702633419,129.555500798741,3.04453759519748,0.0234998713016983,0.797366495976592,0.0658376005852231,0.106803218727139,0.029992684711046,0.474289849946994,0.525710150053006,0.132785914761032,1,0,0,135.195462404803
3561,Utrecht,0,3.64323464483953,1269.86876339188,131.672853959448,7.90097758140702,0.0600046049266945,0.763953075008888,0.118023462495556,0.0956274440099537,0.0223960184856025,0.397387327775072,0.602612672224928,0.132785914761032,1,0,0,130.339022418593
3562,Utrecht,0,5.03753684834786,1278.03483042489,131.417312871351,3.97863637880274,0.0302748267475045,0.790471785383905,0.111008325624421,0.080018501387604,0.0185013876040703,0.396308323695842,0.603691676304158,0.132785914761032,1,0,0,134.261363621197
3563,Utrecht,0,3.17115593705811,1343.07735944175,143.784785202252,8.40365608527751,0.0584460732299087,0.786198137171889,0.102878916172734,0.0914479254868755,0.0194750211685012,0.542668296426148,0.457331703573852,0.132785914761032,1,0,0,129.836343914723
3564,Utrecht,0,4.09023220887863,1255.2893601205,141.030799445455,4.54335291778255,0.0322153241394603,0.787417218543047,0.105629139072847,0.0903973509933774,0.0165562913907284,0.649139744269848,0.350860255730152,0.132785914761032,1,0,0,133.696647082217
3565,Utrecht,0,0.263289830729918,1110.81420139251,139.396778004656,482.850182183265,3.46385468225913,0.4937106918239,0.10062893081761,0.261006289308176,0.144654088050314,0.652291500880937,0.347708499119063,0.132785914761032,1,0,0,0
3566,Utrecht,0,0.484622070591782,1104.13458721138,120.735619563559,248.136855224511,2.0552083645364,0.782828282828283,0.0505050505050505,0.0808080808080808,0.0858585858585858,0.449124911485141,0.550875088514859,0.132785914761032,1,0,0,0
3571,Utrecht,0,4.24588436711158,1300.16139746179,128.288174758399,6.22756476109164,0.0485435604085864,0.722502522704339,0.0713084426505213,0.146653212243525,0.0595358224016145,0.47708057120441,0.52291942879559,0.132785914761032,1,0,0,132.012435238908
3572,Utrecht,0,5.77250003319663,1304.86852655348,121.833198114903,3.46174235114053,0.0284137854435677,0.717922606924644,0.0784114052953156,0.136456211812627,0.0672097759674134,0.463733765377992,0.536266234622008,0.132785914761032,1,0,0,134.77825764886
3573,Utrecht,0,2.49730570049356,1238.97614563842,114.358704869785,6.52114716516439,0.0570236185569758,0.707959305804908,0.0640335128665469,0.163973668461998,0.0640335128665469,0.409827481541103,0.590172518458897,0.132785914761032,1,0,0,131.718852834836
3581,Utrecht,0,5.17488097289267,1330.85861128134,127.19559442773,5.43392218818642,0.0427209936997768,0.698233746711763,0.0796692972566704,0.14543404735062,0.076662908680947,0.509969418282398,0.490030581717603,0.132785914761032,1,0,0,132.806077811814
3582,Utrecht,0,6.43719167938223,1416.09652899099,141.980070234962,5.28869496469523,0.0372495587299189,0.707879295892708,0.0590947191953059,0.144593461860855,0.0884325230511316,0.530518084635719,0.469481915364281,0.132785914761032,0.954545454545455,0.0454545454545455,0,132.951305035305
3583,Utrecht,0,5.01213690303001,1317.56860938626,124.920117582059,3.83733809315797,0.0307183355846367,0.707158351409979,0.0770065075921908,0.150759219088937,0.0650759219088937,0.492146412283659,0.507853587716341,0.132785914761032,0.925925925925926,0.0740740740740741,0,134.402661906842
3584,Utrecht,0,5.02789538920254,1264.4426636837,118.721525157402,5.51924773465874,0.046489023177063,0.461663947797718,0.125611745513866,0.129961935834692,0.282762370853724,0.579985995735751,0.420014004264249,0.132785914761032,0.782608695652174,0.217391304347826,0,132.720752265341
3601,Stichtse Vecht,0,5.28277901672027,1527.48233054778,179.990550875047,3.09797405146448,0.017211870492108,0.779485663612179,0.0540939994088087,0.126514927579071,0.0399054093999408,1,0,0.132785914761032,1,0,0,135.142025948536
3602,Stichtse Vecht,0,3.06664293928592,1060.17250575995,149.534844261267,6.21106611923345,0.0415359119134901,0.702870005627462,0.052335396736072,0.168823860438942,0.0759707371975239,0.99811158247896,0.00188841752104052,0.132785914761032,1,0,0,132.028933880767
3603,Stichtse Vecht,0,7.39551334858734,1563.36273384018,199.698723146005,5.50013292613332,0.0275421536977581,0.685714285714286,0.0639097744360902,0.181203007518797,0.069172932330827,1,0,0.132785914761032,1,0,0,132.739867073867
3604,Stichtse Vecht,0,6.68572823874444,1248.28731228723,138.751715613256,1.977491356444,0.0142520137333356,0.67591836734694,0.0661224489795918,0.182857142857142,0.0751020408163265,0.747802373235756,0.252197626764244,0.132785914761032,1,0,0,136.262508643556
3605,Stichtse Vecht,0,6.29339384109016,1450.54573853585,218.734226151726,4.14200909738324,0.0189362642063621,0.803340292275574,0.0463465553235908,0.123590814196242,0.0267223382045929,1,0,0.132785914761032,1,0,0,134.097990902617
3606,Stichtse Vecht,0,20.5574598811116,1669.10462037939,181.936499199072,2.49217708264818,0.0136980600023598,0.671916010498689,0.0839895013123359,0.188976377952755,0.0551181102362204,1,0,0.132785914761032,1,0,0,135.747822917352
3607,Stichtse Vecht,0,11.1189362073235,1285.37142840304,243.875230687766,3.82633434003954,0.0156897210481306,0.763127187864645,0.0483413902317052,0.152192032005334,0.0363393898983163,1,0,0.132785914761032,1,0,0,134.41366565996
3608,Stichtse Vecht,0,4.27517926419046,1361.81769068369,224.121627018927,3.50669642189079,0.0156463990938039,0.777191825972314,0.036255767963085,0.154251812788398,0.032300593276203,1,0,0.132785914761032,1,0,0,134.733303578109
3641,De Ronde Venen,0,2.92212909934438,1253.13232165263,99.1824297867021,5.50526290150089,0.0555064330783214,0.737201365187714,0.0538318336953149,0.1554452373565,0.0535215637604716,1,0,0.132785914761032,1,0,0,132.734737098499
3642,De Ronde Venen,0,5.10618687283319,1228.91666666666,95.2256018518518,1.68130441093955,0.0176560124403861,0.767532467532468,0.0506493506493506,0.143506493506493,0.0383116883116883,1,0,0.132785914761032,1,0,0,136.55869558906
3701,Zeist,0,5.72095639209269,1556.90494621474,160.51226936669,2.93247362221309,0.0182694670867425,0.698344370860928,0.0596026490066225,0.170529801324503,0.071523178807947,0.595108830290738,0.404891169709262,0.132785914761032,1,0,0,135.307526377787
3702,Zeist,0,4.12192447511295,1563.20143578883,160.077323051656,5.02841504800973,0.0314124134021599,0.777112043139605,0.0701018573996405,0.113840623127621,0.0389454763331336,0.569303433138998,0.430696566861002,0.132785914761032,1,0,0,133.21158495199
3703,Zeist,0,2.95780675045854,1297.73061067869,136.252952871597,4.38665306245305,0.0321949210641106,0.720696324951645,0.0731141199226305,0.148936170212765,0.0572533849129593,0.321103507596599,0.678896492403401,0.132785914761032,1,0,0,133.853346937547
3704,Zeist,0,3.875491391498,1406.40340316125,142.024578887183,4.14554259030197,0.0291889095731449,0.761893203883496,0.0694174757281553,0.127184466019417,0.041504854368932,0.363898083770856,0.636101916229144,0.132785914761032,1,0,0,134.094457409698
3705,Zeist,0,4.03649898628838,1561.0132560189,153.37261527054,4.83634905195929,0.031533328446074,0.757849920170304,0.0678552421500798,0.129058009579563,0.0452368281000532,0.615117376801469,0.384882623198531,0.132785914761032,1,0,0,133.403650948041
3706,Zeist,0,7.06641475867747,1508.26366099911,142.591054447118,1.90055127904223,0.0133286852138896,0.782891445722863,0.0825412706353176,0.103551775887943,0.0310155077538769,0.60301736666629,0.39698263333371,0.132785914761032,1,0,0,136.339448720958
3707,Zeist,0,2.77290681681027,1579.94914467506,161.531997143618,5.34607411396806,0.0330960689430148,0.496978851963747,0.0475830815709969,0.173212487411883,0.282225579053373,0.696315266948296,0.303684733051704,0.132785914761032,1,0,0,132.893925886032
3708,Zeist,0,3.56901412073735,1300.09409597207,135.415055460655,3.70540573547297,0.0273633217729588,0.688896411645228,0.0754908598510494,0.15368991198375,0.0819228165199729,0.235425461932876,0.764574538067124,0.132785914761032,1,0,0,134.534594264527
3721,De Bilt,0,2.53794382335966,1346.11668539896,134.071399300074,6.06687767153776,0.0452510953358447,0.750212164073551,0.0667609618104667,0.135219236209335,0.0478076379066478,0.401175401499508,0.598824598500492,0.132785914761032,1,0,0,132.173122328462
3722,De Bilt,0,3.10199075074885,1163.15338034336,129.789959063136,3.18188071049608,0.0245156153331419,0.722586691658857,0.0670103092783505,0.151358950328022,0.0590440487347703,0.630315008951025,0.369684991048975,0.132785914761032,1,0,0,135.058119289504
3723,De Bilt,0,2.43511412652287,1286.56010180935,125.646191136661,4.27631519273968,0.0340345787966503,0.668460503555642,0.0845665961945031,0.161445320007687,0.0855275802421679,0.357792392582165,0.642207607417835,0.132785914761032,1,0,0,133.96368480726
3731,De Bilt,0,2.73157524828709,1298.190827262,127.604981414785,4.25818771448344,0.0333700743283841,0.750000000000001,0.065891472868217,0.13875968992248,0.0453488372093023,0.468042415267891,0.531957584732109,0.132785914761032,1,0,0,133.981812285517
3732,De Bilt,0,3.29016650992372,1400.92457991894,138.542880441244,5.53200874810024,0.0399299388787168,0.775939849624061,0.0681704260651629,0.111779448621553,0.044110275689223,0.44742339438711,0.55257660561289,0.132785914761032,1,0,0,132.7079912519
3741,Baarn,0,4.73481201502237,1453.26902546342,146.084531417131,4.41388552845109,0.0302145989423592,0.750832778147902,0.059737952476127,0.125916055962691,0.06351321341328,1,0,0.132785914761032,1,0,0,133.826114471549
3742,Baarn,0,6.42722840814462,1518.20295710756,146.769453175457,2.43981167264035,0.0166234296023687,0.778863232682061,0.0543960923623445,0.120115452930728,0.0466252220248667,1,0,0.132785914761032,1,0,0,135.80018832736
3743,Baarn,0,4.19934463372425,1670.68780166367,160.849248335457,5.88543431591448,0.0365897533051581,0.697998570407434,0.0553967119370979,0.158327376697641,0.088277340957827,1,0,0.132785914761032,1,0,0,132.354565684086
3751,Bunschoten,0,1.58211057117758,744.142965427433,77.3119263124071,6.64048487426785,0.0858921151108633,0.744058935361217,0.0401615969581749,0.160408745247148,0.05537072243346,0.999962489794435,3.75102055647503e-05,0.132785914761032,1,0,0,131.599515125732
3752,Bunschoten,0,1.20181843867923,605.625,64.7521296296296,2.02947703676788,0.0313422438516867,0.787045580365382,0.0415205757519837,0.13508027311312,0.0363535707695146,1,0,0.132785914761032,1,0,0,136.210522963232
3761,Soest,0,2.19658846378823,884.229769308889,86.1988365492487,4.33669961767595,0.050310419389457,0.709932279909707,0.0590669676448457,0.165914221218961,0.065086531226486,0.980915929051883,0.0190840709481166,0.132785914761032,1,0,0,133.903300382324
3762,Soest,0,2.00567552525005,765.874275041309,75.2671415090911,2.20096969200873,0.0292421054909185,0.750171742615068,0.0547286466681932,0.134875200366384,0.0602244103503549,0.982892227363745,0.0171077726362555,0.132785914761032,1,0,0,136.039030307991
3763,Soest,0,2.20803043555748,784.567660367748,69.5878411637986,2.9011873194712,0.0416910091037638,0.680375180375181,0.0613275613275613,0.182539682539682,0.0757575757575757,1,0,0.132785914761032,1,0,0,135.338812680529
3764,Soest,0,2.29466098361316,832.154162458407,85.2372656627454,5.10316905798077,0.059870163810419,0.753260869565218,0.0615942028985507,0.128985507246376,0.056159420289855,0.948538449012693,0.051461550987307,0.132785914761032,1,0,0,133.136830942019
3765,Soest,0,2.97386860995646,811.855660070682,78.15160644133,2.02820555780413,0.0259521927975562,0.785240464344943,0.058457711442786,0.121475953565505,0.0348258706467661,0.838008315038146,0.161991684961854,0.132785914761032,1,0,0,136.211794442196
3766,Soest,0,2.41978582340561,881.491174645938,80.6136873909513,3.05125830315645,0.0378503750654501,0.764281592613964,0.0545297172533179,0.136468551644547,0.0447201384881708,0.802356303712862,0.197643696287138,0.132785914761032,1,0,0,135.188741696844
3771,Barneveld,0,2.46865578811739,813.350303041552,135.196990954115,24.347990298288,0.18009269382742,0.739812394279564,0.0755036137167461,0.133476856835306,0.0512071351683838,1,0,0.132785914761032,1,0,0,113.892009701712
3772,Barneveld,0,4.06451045164659,747.383476034572,112.177512182017,7.13486576947832,0.0636033517832115,0.795858654062571,0.0683097006527121,0.103421111861354,0.0324105334233625,1,0,0.132785914761032,1,0,0,131.105134230522
3811,Amersfoort,0,5.33421987759231,1428.08862657814,146.992513663741,5.97660435494456,0.0406592431544956,0.620999438517688,0.0572711959573273,0.183043234138124,0.138686131386861,0.701831662085359,0.298168337914642,0.132785914761032,1,0,0,132.263395645055
3812,Amersfoort,0,2.56162947294567,1422.27783595958,146.167250899582,4.91733801428091,0.0336418587885953,0.547746835443039,0.0429367088607594,0.215898734177215,0.193417721518987,0.604558756196309,0.395441243803691,0.132785914761032,1,0,0,133.322661985719
3813,Amersfoort,0,2.87186639500045,1440.36490883856,132.823352594382,5.94483060179642,0.0447574201801007,0.79036973344798,0.0613929492691315,0.120378331900257,0.0278589853826311,0.66766607332602,0.33233392667398,0.132785914761032,1,0,0,132.295169398204
3814,Amersfoort,0,4.02677227229436,1406.32313702796,139.256852513579,6.28753612235417,0.0451506407682241,0.789177489177489,0.087012987012987,0.0974025974025974,0.0264069264069264,0.671869426331732,0.328130573668268,0.132785914761032,1,0,0,131.952463877646
3815,Amersfoort,0,3.13559009482425,1308.72690535734,122.5064468206,4.89059625350035,0.0399211337886748,0.742386032977693,0.0680892337536372,0.135208535402521,0.0543161978661493,0.700527263263352,0.299472736736648,0.132785914761032,1,0,0,133.3494037465
3816,Amersfoort,0,3.90546431520279,1425.45982241552,145.422124162472,8.39917967018274,0.0577572341110821,0.787731871838112,0.0744097807757167,0.103920741989881,0.03393760539629,0.662151926123662,0.337848073876338,0.132785914761032,1,0,0,129.840820329817
3817,Amersfoort,0,3.81934685441434,1260.76221906442,127.648716346418,5.3787771613768,0.0421373384341733,0.742627927146575,0.0717692974848222,0.125108412836079,0.0604943625325238,0.657403558757232,0.342596441242768,0.132785914761032,1,0,0,132.861222838623
3818,Amersfoort,0,2.28220521654992,1289.60104049163,141.068834569071,6.35221036581545,0.0450291546337632,0.665828619316992,0.0789859627068929,0.158390949088623,0.0967944688874921,0.783240094970469,0.216759905029531,0.132785914761032,1,0,0,131.887789634185
3821,Amersfoort,0,1.29429263072358,1135.1056441462,106.06287892281,10.5902366670764,0.0998486631197678,0.513708513708514,0.0606060606060606,0.216450216450216,0.209235209235209,0.782703356568607,0.217296643431393,0.132785914761032,1,0,0,127.649763332924
3822,Amersfoort,0,2.46848643071647,1468.95588781292,136.587172282355,7.37388675289272,0.0539866711469018,0.757829457364342,0.057984496124031,0.144186046511627,0.04,0.683360153581438,0.316639846418562,0.132785914761032,1,0,0,130.866113247107
3823,Amersfoort,0,3.75146893467497,1485.15749608829,141.336569100294,4.55333873038651,0.0322162817406117,0.744430162810626,0.0610539845758354,0.141602399314481,0.0529134532990574,0.612466693122324,0.387533306877676,0.132785914761032,1,0,0,133.686661269614
3824,Amersfoort,0,8.44150820611268,1186.25571770131,111.759873428738,3.19163289463759,0.0285579501543789,0.373241773962805,0.0101173104434907,0.269482117310443,0.347158798283261,0.915647091682985,0.0843529083170153,0.132785914761032,1,0,0,135.048367105362
3825,Amersfoort,0,3.91427398871273,1583.58433705449,142.329297951143,5.88898648900136,0.0413757854059173,0.687154696132597,0.0638812154696132,0.162120165745856,0.0868439226519337,0.398832116397884,0.601167883602116,0.132785914761032,1,0,0,132.351013510999
3826,Amersfoort,0,6.34665913236929,1684.1210300598,152.833416399575,4.5627715297464,0.0298545412203394,0.695599903823035,0.056023082471748,0.153642702572733,0.0947343111324837,0.280300820763731,0.719699179236269,0.132785914761032,1,0,0,133.677228470254
3828,Amersfoort,0,2.38120086645298,1314.98663921092,124.456215435224,8.21635375091135,0.0660180266785289,0.763490725126477,0.0634485666104553,0.126053962900505,0.0470067453625632,0.598155774491671,0.401844225508329,0.132785914761032,1,0,0,130.023646249089
3829,Amersfoort,0,4.24865466569471,1526.74594709844,137.359738264772,6.99415401032832,0.0509185158524875,0.717486604968339,0.063321967851924,0.146614710180224,0.0725767169995129,0.375718192566427,0.624281807433573,0.132785914761032,1,0,0,131.245845989672
3831,Leusden,0,7.77887502643312,1968.16005954188,198.925595870053,3.92507014733156,0.0197313479452669,0.774096385542169,0.0614457831325301,0.12183734939759,0.0426204819277108,0.999285235712928,0.000714764287072511,0.132785914761032,1,0,0,134.314929852668
3833,Leusden,0,5.41900718512609,1563.60924862899,184.337622751765,5.58676699223802,0.0303072531197896,0.692479856759177,0.0514771709937332,0.179498657117278,0.076544315129812,0.844975738888751,0.155024261111249,0.132785914761032,1,0,0,132.653233007762
3834,Leusden,0,5.32775342668995,1884.37986141208,203.872069580662,9.97772452818317,0.048941105805744,0.74875373878365,0.0508474576271186,0.15852442671984,0.0418743768693918,1,0,0.132785914761032,1,0,0,128.262275471817
3841,Harderwijk,0,3.49145257790921,779.734196459917,82.6413430567394,1.57800579584371,0.0190946291223788,0.793887945670628,0.0706281833616298,0.099490662139219,0.0359932088285229,0.809972621081954,0.190027378918046,0.132785914761032,1,0,0,136.661994204156
3842,Harderwijk,0,2.22158527465727,826.705798778208,93.983774660989,7.3048612760278,0.0777247062312333,0.808575286968265,0.0803511141120864,0.088791357191087,0.0222822417285617,0.754626462122249,0.245373537877751,0.132785914761032,1,0,0,130.935138723972
3843,Harderwijk,0,2.54229998817257,1049.66978626348,114.931754094434,5.96191092177733,0.0518734876079478,0.805486284289277,0.0851442821517634,0.0897755610972568,0.0195938724617028,0.659841337604112,0.340158662395888,0.132785914761032,1,0,0,132.278089078223
3844,Harderwijk,0,2.56841904315891,1083.06902684918,110.611219885822,7.78286378108239,0.0703623356574154,0.794831636648395,0.0704776820673453,0.0984077264421822,0.0362829548420777,0.697075250237328,0.302924749762672,0.132785914761032,1,0,0,130.457136218918
3845,Harderwijk,0,1.56098563038899,612.512061912993,76.8558940181921,3.30993207740197,0.0430667305310182,0.694222913829994,0.0669130519354211,0.162614277377942,0.0762497568566426,0.670732959719853,0.329267040280147,0.132785914761032,1,0,0,134.930067922598
3848,Harderwijk,0,3.34904065043056,300.153089188112,30.6879348073642,3.06019518758402,0.0997198151910068,0.756756756756758,0.0826709062003179,0.125596184419713,0.0349761526232114,0.584763476419549,0.415236523580451,0.132785914761032,1,0,0,135.179804812416
3851,Ermelo,0,2.86843215577375,1046.20424123406,90.5645067956141,4.60145304178906,0.0508085695445084,0.761714855433699,0.068461282818212,0.126453971419076,0.0433698903290129,0.0683973342670139,0.931602665732986,0.132785914761032,1,0,0,133.638546958211
3861,Nijkerk,0,4.75255333606448,1175.60680967668,204.349502143826,2.67515516041215,0.0130910774547878,0.72302092811647,0.0793448589626933,0.143585077343039,0.0540491355777979,0.926658341611653,0.0733416583883475,0.132785914761032,1,0,0,135.564844839588
3862,Nijkerk,0,7.20969520422501,1171.38707932225,206.801969750401,8.68635953955657,0.0420032727446482,0.779943037025934,0.0692549842602308,0.116774096837055,0.03402788187678,0.766554844753481,0.233445155246519,0.132785914761032,1,0,0,129.553640460443
3863,Nijkerk,0,5.12952659125832,1235.33333333333,128.740462962962,0.00618953646490144,4.80776309362981e-05,0.770433351618212,0.0556774547449259,0.132473944048272,0.0414152495885902,0,1,0.132785914761032,1,0,0,138.233810463535
3871,Nijkerk,0,4.36622169368628,1389.18944059293,130.360003187973,6.66298419428235,0.0511121818912097,0.755612954500299,0.0623882376316312,0.133717464732763,0.0482813431353069,0.602523308690482,0.397476691309518,0.132785914761032,1,0,0,131.577015805718
3891,Zeewolde,0,1.03109478562355,0,0,0,0,0.746681019016865,0.0778614998205956,0.13383566559024,0.0416218155722999,0,1,0.132785914761032,1,0,0,138.24
3892,Zeewolde,0,1.08533666494055,0,0,0,0,0.726151614073269,0.0837867247007617,0.136742836416394,0.0533188248095756,0,1,0.132785914761032,1,0,0,138.24
3893,Zeewolde,0,1.22430093926003,0,0,0,0,0.739045127534337,0.0709614126880314,0.127861347285807,0.0621321124918247,0,1,0.132785914761032,1,0,0,138.24
3901,Veenendaal,0,5.81235554876973,1500.13290670898,165.596771821082,3.64901564716444,0.0220355481996171,0.797278911564627,0.0560090702947845,0.124716553287981,0.0219954648526077,0.163079121349017,0.836920878650983,0.132785914761032,1,0,0,134.590984352836
3902,Veenendaal,0,3.21164739956132,1410.81307700098,112.973830426728,4.56128544180785,0.0403747082362246,0.684238363892807,0.045839210155148,0.209626234132581,0.060296191819464,0.0909422654847002,0.9090577345153,0.132785914761032,1,0,0,133.678714558192
3903,Veenendaal,0,4.9230542213004,1516.50529344606,179.022621771199,4.08378309075879,0.0228115477829282,0.701745246157854,0.067986454805939,0.17686897629591,0.0533993227402969,0.160842994462544,0.839157005537456,0.132785914761032,1,0,0,134.156216909241
3904,Veenendaal,0,5.22044573022239,1541.97575880409,182.205259226409,3.90730597831003,0.0214445290706719,0.768014955812373,0.0535350101971448,0.141060503059143,0.0373895309313392,0.152500313533528,0.847499686466472,0.132785914761032,1,0,0,134.33269402169
3905,Veenendaal,0,4.81549138310025,1395.98846176323,120.733147487719,1.14911734744622,0.00951782813053152,0.756716417910449,0.0569877883310719,0.149932157394843,0.0363636363636363,0.125971861138292,0.874028138861708,0.132785914761032,1,0,0,137.090882652554
3906,Veenendaal,0,4.32182363774897,160.5,61.2609722222222,0.49455278990943,0.00807288510073683,0.733930284617845,0.0447713463383434,0.183882315318196,0.0374160537256156,1,0,0.132785914761032,1,0,0,137.745447210091
3907,Veenendaal,0,6.50728589038658,1443.09990176228,113.577326789612,1.98082628818319,0.0174403320114447,0.701846046673633,0.0581678857540926,0.173807035876001,0.066179031696273,0.0424931688234448,0.957506831176555,0.132785914761032,1,0,0,136.259173711817
3911,Rhenen,0,2.93889153941585,1158.41666666666,114.973893672839,5.28650028959037,0.0459800057275022,0.734060961000932,0.0722747238120591,0.151204578730201,0.0424597364568082,1,0,0.132785914761032,1,0,0,132.95349971041
3912,Rhenen,0,3.13971744853412,0,0,0,0,0.82170542635659,0.0581395348837209,0.120155038759689,0,0,1,0.132785914761032,1,0,0,138.24
3931,Woudenberg,0,4.42876989923382,1469.96557307622,159.179729452108,7.50061200208346,0.0471203967232533,0.768713088861421,0.0660623540722428,0.125120175800027,0.0401043812663095,1,0,0.132785914761032,1,0,0,130.739387997917
3961,Wijk bij Duurstede,0,1.16333307277597,1427.66666666666,94.8613425925925,1.0831497149847,0.0114182414604501,0.774089935760172,0.0635974304068522,0.122698072805139,0.0396145610278372,0,1,0.132785914761032,1,0,0,137.156850285015
3962,Wijk bij Duurstede,0,1.08826556151489,1427.66666666666,94.8613425925925,1.19850464737238,0.0126342787759148,0.765675801207618,0.0564328843474222,0.130747793776126,0.0471435206688341,0,1,0.132785914761032,1,0,0,137.041495352628
3971,Utrechtse Heuvelrug,0,2.3587204791508,1416.92966653191,122.988070316909,6.37872286684416,0.0518645658103897,0.702252944188429,0.0732206861239119,0.148745519713261,0.0757808499743983,0.356258846762166,0.643741153237834,0.132785914761032,1,0,0,131.861277133156
3972,Utrechtse Heuvelrug,0,2.3530660630046,1452.93791967964,125.953543243787,5.62092943317304,0.0446270052307584,0.735182849936949,0.0779739386296763,0.132408575031525,0.0544346364018495,0.587250439238414,0.412749560761587,0.132785914761032,1,0,0,132.619070566827
3991,Houten,0,1.15688555760192,1404.43868360251,126.71108986591,5.75768610980764,0.0454394806003218,0.322841587343191,0.0076484113463348,0.278690477608739,0.390819523701735,0.43863952805946,0.56136047194054,0.132785914761032,1,0,0,132.482313890192
3992,Houten,0,1.88145866717659,1452.39106310843,132.698646602516,6.33704906271999,0.0477551898603904,0.667226890756303,0.0722689075630252,0.173109243697479,0.0873949579831932,0.437927486962904,0.562072513037096,0.132785914761032,1,0,0,131.90295093728
3993,Houten,0,2.6753310588011,1481.06851038348,131.206777893109,2.99865733910473,0.0228544392847423,0.763397371081902,0.0520728008088978,0.149140546006066,0.0353892821031344,0.446147226331977,0.553852773668023,0.132785914761032,1,0,0,135.241342660895
3994,Houten,0,1.96965281561745,1268.73078669299,113.498183029749,5.21534216697156,0.0459508868578501,0.71089044440827,0.049324434315481,0.173693635031743,0.0660914862445059,0.384113663212639,0.615886336787361,0.132785914761032,1,0,0,133.024657833028
3995,Houten,0,3.90192804560692,1423.68404675971,129.630610122752,2.81443607420794,0.021711199781771,0.749126484975543,0.0628930817610062,0.125087351502445,0.0628930817610062,0.457809908072919,0.542190091927081,0.132785914761032,1,0,0,135.425563925792
4001,Tiel,0,2.10956660125509,0,0,0,0,0.812296416938111,0.0712540716612377,0.0901872964169381,0.0262622149837133,0,1,0.132785914761032,1,0,0,138.24
4002,Tiel,0,1.05071452375227,0,0,0,0,0.747826086956522,0.0975845410628019,0.119806763285024,0.0347826086956521,0,1,0.132785914761032,1,0,0,138.24
4003,Tiel,0,0.991610244323373,0,0,0,0,0.753375796178345,0.0588535031847133,0.140891719745222,0.0468789808917197,0,1,0.132785914761032,1,0,0,138.24
4005,Tiel,0,1.5259212556112,0,0,0,0,0.68926905132193,0.120995334370139,0.11353032659409,0.0762052877138413,0,1,0.132785914761032,1,0,0,138.24
4006,Tiel,0,1.50181158474767,0,0,0,0,0.830995792426368,0.0834502103786816,0.0715287517531556,0.0140252454417952,0,1,0.132785914761032,1,0,0,138.24
4007,Tiel,0,1.33638646381011,0,0,0,0,0.739140170174653,0.0618002686968204,0.145320197044335,0.0537393640841916,0,1,0.132785914761032,1,0,0,138.24
4101,Culemborg,0,3.60421250812193,2003.26137200509,168.415562966357,6.3455741953808,0.0376780748976768,0.754079909960608,0.0751266178953292,0.126617895329206,0.0441755768148565,0.489608357845327,0.510391642154673,0.132785914761032,1,0,0,131.894425804619
4102,Culemborg,0,3.6971811142196,1828.41436343375,161.114935949081,4.88046976156305,0.0302918517939608,0.805589307411908,0.0701701093560145,0.0993317132442284,0.0249088699878493,0.421414577878999,0.578585422121001,0.132785914761032,1,0,0,133.359530238437
4103,Culemborg,0,1.68406103226369,1879.05033721738,165.895993815364,4.14851818442388,0.0250067412058245,0.70826833073323,0.113884555382215,0.101404056162246,0.0764430577223088,0.707510599480903,0.292489400519097,0.132785914761032,1,0,0,134.091481815576
4105,Culemborg,0,3.93556117250032,1931.21163079208,152.740093515712,4.59252804991874,0.030067600092482,0.698144329896907,0.068659793814433,0.165360824742268,0.0678350515463917,0.443064785639902,0.556935214360098,0.132785914761032,1,0,0,133.647471950081
4131,Vijfheerenlanden,0,2.27444384514658,666.160043452797,127.729660737364,11.3083298661831,0.088533311690502,0.41852801171732,0.0373489564262175,0.404613694617356,0.139509337239106,1,0,0.132785914761032,1,0,0,126.931670133817
4132,Vijfheerenlanden,0,3.25288447845341,708.088982290108,128.179960691536,2.74761491172866,0.0214356042622042,0.735697940503433,0.0640732265446224,0.146071700991609,0.0541571319603356,1,0,0.132785914761032,1,0,0,135.492385088271
4141,Vijfheerenlanden,0,5.40586187245019,0,0,0,0,0.793344289235826,0.0591618734593262,0.109695973705834,0.0377978635990139,0,1,0.132785914761032,1,0,0,138.24
4142,Vijfheerenlanden,0,4.527381856391,0,0,0,0,0.785340314136127,0.0703897614892379,0.104130308318789,0.0401396160558464,0,1,0.132785914761032,1,0,0,138.24
4143,Vijfheerenlanden,0,2.8568022542758,0,0,0,0,0.768057285180573,0.0653798256537982,0.12546699875467,0.0410958904109589,0,1,0.132785914761032,1,0,0,138.24
4201,Gorinchem,0,7.20537197697176,1616.27673007311,148.384461310018,3.18856814030782,0.0214885582503547,0.777570789865873,0.0655737704918032,0.120715350223546,0.0361400894187779,0.614751787442996,0.385248212557004,0.132785914761032,1,0,0,135.051431859692
4203,Gorinchem,0,4.48092582173872,1707.93227464069,164.846607722202,31.0831165480495,0.18855781734029,0.758865248226951,0.0709219858156028,0.170212765957446,0,0.751951739126429,0.248048260873571,0.132785914761032,1,0,0,107.156883451951
4204,Gorinchem,0,5.15355355823409,1700.67129431606,165.560121336366,3.01818804428118,0.0182301632779622,0.842690677966102,0.0598516949152542,0.0852754237288135,0.0121822033898305,0.759261726255882,0.240738273744118,0.132785914761032,1,0,0,135.221811955719
4205,Gorinchem,0,4.53452230923499,1396.01050195912,128.488917861712,7.44182868188474,0.0579180586600793,0.783750912186817,0.0734614449039163,0.114084164436876,0.0287034784723911,0.561864454933836,0.438135545066164,0.132785914761032,1,0,0,130.798171318115
4206,Gorinchem,0,3.5021136610103,1150.78068853079,104.335567374799,7.68268931819045,0.0736344231549759,0.592897581060218,0.137931034482758,0.144107050952135,0.125064333504889,0.492489465499326,0.507510534500674,0.132785914761032,1,0,0,130.55731068181
4207,Gorinchem,0,3.41659388162986,1167.06746447682,104.78970049673,3.88129013348428,0.0370388512905942,0.735402648144129,0.0573041024527892,0.154981549815498,0.0523116995875841,0.491833495316199,0.508166504683801,0.132785914761032,1,0,0,134.358709866516
4301,Schouwen-Duiveland,0,0.954529909095147,0,0,0,0,0.749692244562988,0.0908904390644234,0.106483381206401,0.0529339351661879,0,1,0.132785914761032,1,0,0,138.24
4331,Middelburg,0,6.8418053015219,1250.97764484244,199.526560252123,6.18113839591683,0.0309790254896707,0.777354570637119,0.0754847645429362,0.109764542936288,0.0373961218836565,1,0,0.132785914761032,1,0,0,132.058861604083
4332,Middelburg,0,3.36086290661246,1204.3335290249,200.940292609233,7.6342061206368,0.0379924106882982,0.775569558894814,0.0688317983519146,0.116820164808531,0.0387784779447406,1,0,0.132785914761032,1,0,0,130.605793879363
4333,Middelburg,0,2.38146269125844,1184.60260703806,189.129108684555,4.89481612953639,0.0258808184714726,0.734883720930233,0.0740310077519379,0.139922480620155,0.0511627906976744,1,0,0.132785914761032,1,0,0,133.345183870464
4334,Middelburg,0,2.95126433022343,1259.73794464005,201.005559095683,16.8085560883466,0.083622344396681,0.792742498255408,0.0676901605024424,0.107466852756455,0.0321004884856943,1,0,0.132785914761032,1,0,0,121.431443911653
4335,Middelburg,0,4.35709705255584,1259.03892279408,199.336505747868,7.08645546748813,0.0355502141511976,0.820608317815022,0.0589695841092489,0.090316573556797,0.0301055245189323,1,0,0.132785914761032,1,0,0,131.153544532512
4336,Middelburg,0,2.80822028389348,1273.64367597648,195.475824511269,6.50895273159115,0.033297993487762,0.806199123356294,0.0522855353788353,0.116155291170945,0.0253600500939261,1,0,0.132785914761032,1,0,0,131.731047268409
4337,Middelburg,0,3.92067434796814,1210.52056790408,188.442908288595,11.6417887598776,0.0617788637715598,0.771862201879066,0.0761262346422548,0.108166706817634,0.0438448566610455,1,0,0.132785914761032,1,0,0,126.598211240122
4381,Vlissingen,0,7.06127315979853,1014.2059671925,111.797164791155,6.61620512557614,0.0591804375176748,0.819404693760733,0.0632512879221522,0.0975958786491127,0.0197481396680022,0.991035726891304,0.00896427310869585,0.132785914761032,1,0,0,131.623794874424
4382,Vlissingen,0,3.70482836784561,1029.38475612033,113.153556871077,7.87124392430646,0.0695624966811664,0.799320690631192,0.0727427115765638,0.102179450891593,0.025757146900651,0.98091437708544,0.0190856229145597,0.132785914761032,1,0,0,130.368756075694
4383,Vlissingen,0,4.9832859079282,86.6070740492966,14.0723805707167,0.191285822243929,0.0135929966705119,0.807371349095967,0.0757997218358831,0.0938803894297635,0.0229485396383866,0.325400565869999,0.674599434130001,0.132785914761032,1,0,0,138.048714177756
4384,Vlissingen,0,3.64801015108571,0,0,0,0,0.791787790697675,0.0650436046511628,0.114462209302325,0.0287063953488372,0,1,0.132785914761032,1,0,0,138.24
4385,Vlissingen,0,3.64345835127744,46.6146026056729,6.43629416687835,0.0585868177379384,0.0091025699290487,0.821588594704685,0.0468431771894093,0.114460285132382,0.0171079429735234,0.687849701639141,0.312150298360859,0.132785914761032,1,0,0,138.181413182262
4386,Vlissingen,0,3.43197692216636,29.6894358852239,4.06409365010717,0.178488890434939,0.0439184983914511,0.742102537545314,0.0678404971517348,0.148109787674779,0.0419471776281719,1,0,0.132785914761032,1,0,0,138.061511109565
4387,Vlissingen,0,1.87744717722108,14.7671249353782,4.71725563564104,0,0,0.544334975369459,0.192118226600985,0.194581280788177,0.0689655172413793,1,0,0.132785914761032,1,0,0,138.24
4388,Vlissingen,0,4.65271294496627,68.8166798499019,11.2865271118423,0.0996539606492864,0.00882946185853089,0.834415584415585,0.0560064935064935,0.0921266233766233,0.0174512987012987,0.393114757206378,0.606885242793622,0.132785914761032,1,0,0,138.140346039351
4461,Goes,0,2.9732663170576,261.260088389139,32.2873825728884,1.45664409047064,0.0451149636295937,0.804514015289407,0.0575172915908263,0.109574080815435,0.028394612304332,1,0,0.132785914761032,1,0,0,136.783355909529
4462,Goes,0,2.74041982919291,322.451140501118,62.8651428214511,12.8836666415253,0.20494134051548,0.599484092863286,0.0490111779879621,0.214961306964746,0.136543422184006,1,0,0.132785914761032,1,0,0,125.356333358475
4463,Goes,0,4.04803010974632,342.7911397807,30.3242661225991,3.60996661245046,0.11904547328056,0.788011695906433,0.0634502923976608,0.103508771929824,0.0450292397660818,1,0,0.132785914761032,1,0,0,134.63003338755
4481,Goes,0,4.31612931937245,99.3621992904645,12.1138283146338,0,0,0.749266001174399,0.0798590722254844,0.124486200822078,0.0463887257780387,1,0,0.132785914761032,1,0,0,138.24
4531,Terneuzen,0,1.71180384447158,0,0,0,0,0.773758865248227,0.0609929078014184,0.126950354609929,0.0382978723404255,0,1,0.132785914761032,1,0,0,138.24
4532,Terneuzen,0,1.18649377568801,0,0,0,0,0.807838867719108,0.0459989112683723,0.127109417528579,0.0190528034839412,0,1,0.132785914761032,1,0,0,138.24
4535,Terneuzen,0,0.991893786992159,0,0,0,0,0.78310412573674,0.0420432220039292,0.144204322200392,0.030648330058939,0,1,0.132785914761032,1,0,0,138.24
4536,Terneuzen,0,1.15155535418972,0,0,0,0,0.868020304568528,0.0319071791153009,0.100072516316171,0,0,1,0.132785914761032,1,0,0,138.24
4537,Terneuzen,0,1.21246109602679,0,0,0,0,0.81989247311828,0.0489247311827956,0.110752688172043,0.0204301075268817,0,1,0.132785914761032,1,0,0,138.24
4611,Bergen op Zoom,0,2.31081532445842,1294.7442259937,212.043999440803,4.75262764641269,0.0224134031566383,0.783944954128441,0.0674311926605504,0.115137614678899,0.03348623853211,0.919924381255476,0.0800756187445239,0.132785914761032,1,0,0,133.487372353587
4612,Bergen op Zoom,0,0.828475119687688,913.583333333333,263.246875,1.34994857865445,0.00512807066999162,0.608547008547009,0.0837606837606837,0.23076923076923,0.0769230769230769,0.656735263218592,0.343264736781408,0.132785914761032,1,0,0,136.890051421346
4613,Bergen op Zoom,0,1.19564705272445,1466.25,198.582273472222,0.266756780527047,0.00134330610614326,0.79010331702012,0.0592713431212615,0.121261555193039,0.0293637846655791,1,0,0.132785914761032,1,0,0,137.973243219473
4614,Bergen op Zoom,0,1.14760842019536,1466.25,198.582273472222,5.9555004844594,0.0299900911613466,0.768627450980393,0.0700280112044817,0.125770308123249,0.0355742296918767,1,0,0.132785914761032,1,0,0,132.284499515541
4615,Bergen op Zoom,0,1.20017795092005,981.001250742226,252.278391183739,10.7334512529563,0.0425460587511791,0.799917999179992,0.055350553505535,0.111111111111111,0.033620336203362,0.6834672909369,0.3165327090631,0.132785914761032,1,0,0,127.506548747044
4616,Bergen op Zoom,0,1.88976874426623,913.583333333333,263.246875,0,0,0.669379450661242,0.0579857578840284,0.204476093591047,0.0681586978636826,0.610082740859737,0.389917259140263,0.132785914761032,1,0,0,138.24
4617,Bergen op Zoom,0,1.28454712149541,913.583333333333,263.246875,16.376987275054,0.0622115163762305,0.739141742522757,0.0637191157347204,0.142782834850455,0.0543563068920676,0.626930406897236,0.373069593102764,0.132785914761032,1,0,0,121.863012724946
4621,Bergen op Zoom,0,1.85206114408879,1406.52559755691,202.469129891318,7.91602232280277,0.0390974284675,0.812307692307692,0.0764102564102564,0.0984615384615384,0.0128205128205128,0.974887679762934,0.0251123202370664,0.132785914761032,1,0,0,130.323977677197
4622,Bergen op Zoom,0,0.663117253260824,1466.25,198.582273472222,14.383664128797,0.0724317628018745,0.762352941176472,0.0823529411764705,0.127058823529411,0.028235294117647,1,0,0.132785914761032,1,0,0,123.856335871203
4623,Bergen op Zoom,0,1.39550396068089,1466.25,198.582273472222,5.29535521648872,0.0266658001436842,0.8175519630485,0.0635103926096997,0.10392609699769,0.0150115473441108,1,0,0.132785914761032,1,0,0,132.944644783511
4624,Bergen op Zoom,0,1.46487700771202,1107.69219038462,233.840327279711,18.9390757435364,0.0809914866432861,0.784904323175054,0.0712260807937632,0.112331679659815,0.0315379163713678,0.788217109112549,0.211782890887451,0.132785914761032,1,0,0,119.300924256464
4625,Bergen op Zoom,0,1.30871122701075,0,0,0,0,0.800597014925373,0.0740298507462686,0.0973134328358208,0.0280597014925373,0,1,0.132785914761032,1,0,0,138.24
4652,Steenbergen,0,1.54895258288234,0,7.07444444444444,0.0473168601528476,0.00668842062785659,0.721105527638192,0.0527638190954773,0.173366834170854,0.0527638190954773,0,1,0.132785914761032,1,0,0,138.192683139847
4701,Roosendaal,0,5.03239559337171,1223.45231059788,150.746114589915,10.4584539998718,0.0693779340736085,0.802716887928374,0.0531028095091077,0.107440568076566,0.0367397344859524,0.846584795502412,0.153415204497588,0.132785914761032,1,0,0,127.781546000128
4702,Roosendaal,0,5.69468385770977,1628.25301897783,193.559225519484,11.2763850581888,0.0582580604356352,0.819165648455228,0.0619654389945889,0.0933845348228312,0.025484377727352,0.572412122667461,0.427587877332539,0.132785914761032,1,0,0,126.963614941811
4703,Roosendaal,0,3.79764612058237,1121.7476862757,148.123673233382,9.38655929026219,0.0633697442506225,0.814658803706825,0.0598146588037068,0.101376017972479,0.0241505195169896,1,0,0.132785914761032,1,0,0,128.853440709738
4706,Roosendaal,0,2.57968251893958,1905.47067872247,228.851450800176,5.8822067698344,0.0257031657403409,0.761486001435751,0.0619167264895908,0.132627422828427,0.0439698492462311,0.221294831600325,0.778705168399675,0.132785914761032,1,0,0,132.357793230166
4707,Roosendaal,0,2.44983521465841,817.256694633818,92.454482925057,3.8600230483683,0.0417505233520933,0.808774054635985,0.0534248418786166,0.113981967433723,0.0238191360516754,0.960784525829012,0.039215474170988,0.132785914761032,1,0,0,134.379976951632
4708,Roosendaal,0,3.00054104195005,738.262126209351,86.2974882459,5.59432724003619,0.064826072620972,0.734308636149127,0.0662262073305018,0.147396570709454,0.0520685858109171,1,0,0.132785914761032,1,0,0,132.645672759964
4711,Rucphen,0,1.00527676458485,0,0,0,0,0.780799711815563,0.05421469740634,0.12950288184438,0.0354827089337175,0,1,0.132785914761032,1,0,0,138.24
4731,Halderberge,0,1.02466584807367,0,0,0,0,0.788882229547499,0.0602337428828288,0.111027869343721,0.0398561582259514,0,1,0.132785914761032,1,0,0,138.24
4761,Moerdijk,0,1.02229702995875,0,0,0,0,0.763628434365461,0.058147986625963,0.140282017735135,0.0379415612734409,0,1,0.132785914761032,1,0,0,138.24
4811,Breda,0,8.42991902544543,1635.16861937865,180.722361424999,5.66969863430695,0.0313724244725516,0.698532087832101,0.0527720490112823,0.116826398156011,0.131869465000606,0.620322187888643,0.379677812111357,0.132785914761032,1,0,0,132.570301365693
4812,Breda,0,8.54443146464791,1426.8152036972,156.592037108778,4.55689106584328,0.029100400952558,0.808816811329375,0.0523069894929191,0.100959342165372,0.0379168570123343,0.314587627482821,0.68541237251718,0.132785914761032,1,0,0,133.683108934157
4813,Breda,0,5.25080476849661,1367.82337815605,153.656458409023,4.43250676336197,0.0288468627303835,0.761966364812419,0.0522639068564036,0.130659767141009,0.0551099611901681,0.122841723021286,0.877158276978714,0.132785914761032,1,0,0,133.807493236638
4814,Breda,0,6.56593626665423,1406.98707130885,176.036644840704,5.72723102792623,0.0325343114390121,0.768787238131848,0.0505477609071689,0.122813761291562,0.0578512396694214,0.71143582722432,0.28856417277568,0.132785914761032,1,0,0,132.512768972074
4815,Breda,0,6.38697471117009,1787.37590688212,213.010129789662,7.89603354898236,0.0370688171345623,0.714778325123153,0.047783251231527,0.167980295566502,0.0694581280788177,0.918657560803252,0.0813424391967477,0.132785914761032,1,0,0,130.343966451018
4816,Breda,0,6.84184310172084,1634.20390533112,181.684192160209,6.3637304694152,0.0350263299946518,0.803546430237984,0.0569295380307979,0.102659822678488,0.0368642090527298,0.444777129903549,0.555222870096451,0.132785914761032,1,0,0,131.876269530585
4817,Breda,0,5.60651212237737,1346.31915542899,143.910570404613,4.66369471569707,0.0324068947999081,0.227055827161218,0.0086653590561784,0.264425188090986,0.499853625691618,0.308260198717822,0.691739801282178,0.132785914761032,1,0,0,133.576305284303
4818,Breda,0,3.87426979130128,1499.99352754853,146.194553705649,7.95147159589515,0.0543896567576984,0.722641969290763,0.06409943943456,0.153789909822081,0.0594686814525956,0.422452456918082,0.577547543081918,0.132785914761032,1,0,0,130.288528404105
4819,Breda,0,4.14662710394785,1543.1304920041,159.374377558215,8.75253483416941,0.054918080109661,0.775850995504175,0.0578034682080924,0.125883108542068,0.0404624277456647,0.455016523642387,0.544983476357613,0.132785914761032,1,0,0,129.487465165831
4822,Breda,0,5.49570891488868,1484.6472571618,162.537091032683,4.93631386650892,0.030370383985255,0.776060691205395,0.0528238269176735,0.133745434110705,0.0373700477662264,0.367313919410841,0.632686080589159,0.132785914761032,1,0,0,133.303686133491
4823,Breda,0,3.06264209397724,1510.65112281564,166.655953340464,0.951031048661739,0.00570655310896013,0.716916780354707,0.0493406093678945,0.161891768985902,0.0718508412914961,0.387553672664254,0.612446327335746,0.132785914761032,1,0,0,137.288968951338
4824,Breda,0,3.61051796137181,1653.22595085886,172.628065691065,0.596673408662269,0.0034564102092766,0.773299748110832,0.0492328829860315,0.136707121593771,0.0407602473093656,0.277633352372042,0.722366647627958,0.132785914761032,1,0,0,137.643326591338
4825,Breda,0,0.840328900791392,1433.90211683822,152.902839370375,35.4258196926384,0.231688435862376,0.504322766570607,0.109510086455331,0.224783861671469,0.161383285302593,0.397526816196355,0.602473183803646,0.132785914761032,1,0,0,102.814180307362
4826,Breda,0,4.77485079420426,1405.01156659622,147.124014508676,4.51723863723229,0.0307036118632143,0.838095238095238,0.0639455782312925,0.0819047619047619,0.0160544217687074,0.281472609413762,0.718527390586238,0.132785914761032,1,0,0,133.722761362768
4827,Breda,0,4.68786378360266,1312.53615818655,137.675758843703,6.88173282834834,0.0499850727981885,0.796610169491526,0.0651890482398957,0.105280312907431,0.0329204693611473,0.250531938795205,0.749468061204795,0.132785914761032,1,0,0,131.358267171652
4834,Breda,0,4.54400061355059,1294.08789762714,124.322187233072,3.35767085501109,0.0270078167842746,0.783591613491341,0.0441203281677301,0.136371923427529,0.0359161349134001,0.717719913387627,0.282280086612373,0.132785914761032,1,0,0,134.882329144989
4835,Breda,0,7.48943401786413,1352.26550259107,124.080619868247,2.41924392892942,0.0194973552799644,0.71535918244665,0.0709347760745416,0.152389540126239,0.0613165013525698,0.906695189390148,0.0933048106098517,0.132785914761032,1,0,0,135.820756071071
4837,Breda,0,1.42368451887464,1348.1629261935,143.739766867237,19.1519569860194,0.133240490112307,0.675675675675677,0.0584368151935719,0.173119065010956,0.0927684441197954,0.372213266603882,0.627786733396119,0.132785914761032,1,0,0,119.088043013981
4841,Breda,0,3.03016312895607,1057.58039233857,134.621501746208,9.0876065551974,0.067504866884709,0.738013698630138,0.059464508094645,0.147882938978829,0.0546388542963885,0.555317608527808,0.444682391472192,0.132785914761032,1,0,0,129.152393444803
4871,Etten-Leur,0,1.60495791403005,1524.38172085856,181.305558219241,2.45041299130937,0.0135153771091025,0.754112239961297,0.0491049830672472,0.144170295113691,0.0526124818577648,0.997000321206129,0.00299967879387131,0.132785914761032,1,0,0,135.789587008691
4872,Etten-Leur,0,1.37382578873902,1234.03781055717,153.810612714195,5.67000016785389,0.0368635172033913,0.793518518518519,0.0513888888888888,0.123611111111111,0.0314814814814814,0.927499731572749,0.0725002684272509,0.132785914761032,1,0,0,132.569999832146
4873,Etten-Leur,0,1.08973272921146,1112.69464100561,142.319674844114,2.86408819886942,0.0201243306802557,0.767945544554456,0.0569306930693069,0.132425742574257,0.0426980198019802,0.769426373070644,0.230573626929356,0.132785914761032,1,0,0,135.375911801131
4874,Etten-Leur,0,0.893111895957745,1555.75,184.276066967592,25.9741875392797,0.140952582539368,0.75740318906606,0.0632118451025057,0.132687927107061,0.0466970387243735,1,0,0.132785914761032,1,0,0,112.26581246072
4875,Etten-Leur,0,1.18410923105855,1555.75,184.276066967592,4.75936931650419,0.0258273871090444,0.785474860335196,0.0502793296089385,0.121787709497206,0.0424581005586592,1,0,0.132785914761032,1,0,0,133.480630683496
4876,Etten-Leur,0,1.61846169387807,1555.75,184.276066967592,0.727307166663903,0.00394683465211905,0.77568077648962,0.0563494203289296,0.12510110541925,0.0428686977622,1,0,0.132785914761032,1,0,0,137.512692833336
4901,Oosterhout,0,1.40316658289441,0,0,0,0,0.787643359230486,0.0530891601923788,0.128745837957824,0.0305216426193118,0,1,0.132785914761032,1,0,0,138.24
4902,Oosterhout,0,1.42217860511978,0,0,0,0,0.783501006036218,0.0569416498993963,0.123541247484909,0.0360160965794768,0,1,0.132785914761032,1,0,0,138.24
4904,Oosterhout,0,1.20792687893726,0,0,0,0,0.765138556277797,0.0583304823811152,0.131371878207321,0.0451590831337666,0,1,0.132785914761032,1,0,0,138.24
4905,Oosterhout,0,1.06125187147277,0,0,0,0,0.703915950334289,0.0649474689589302,0.145176695319961,0.0859598853868194,0,1,0.132785914761032,1,0,0,138.24
4907,Oosterhout,0,1.3262456974592,0,0,0,0,0.800562927221552,0.0486529955770004,0.113590671491757,0.0371934057096903,0,1,0.132785914761032,1,0,0,138.24
4908,Oosterhout,0,1.1824370599058,0,0,0,0,0.769420468557337,0.0443896424167694,0.143033292231812,0.0431565967940813,0,1,0.132785914761032,1,0,0,138.24
4921,Drimmelen,0,1.0636797338476,0,0,0,0,0.780795771546029,0.0597562766113639,0.121127587725737,0.0383203641168697,0,1,0.132785914761032,1,0,0,138.24
4931,Geertruidenberg,0,1.29442344393232,0,0,0,0,0.7928231006448,0.0510232688533782,0.121670871881132,0.0344827586206896,0,1,0.132785914761032,1,0,0,138.24
4941,Geertruidenberg,0,1.01982773286431,0,0,0,0,0.749487914789021,0.0591970503891847,0.14092585006145,0.0503891847603441,0,1,0.132785914761032,1,0,0,138.24
4942,Geertruidenberg,0,1.20192706360765,0,0,0,0,0.781798245614036,0.0487938596491228,0.133223684210526,0.0361842105263157,0,1,0.132785914761032,1,0,0,138.24
5011,Tilburg,0,3.57671512798941,1102.26335973286,146.53603464745,0.349569418604541,0.00238555260107568,0.829595472647244,0.0534479144833368,0.0985118423810521,0.0184447704883672,0.845746702693475,0.154253297306525,0.132785914761032,1,0,0,137.890430581395
5012,Tilburg,0,2.93379066167488,1974.33333333333,187.757986111111,0.315918706124578,0.00168258465414954,0.782381160052334,0.051897078063672,0.130832969908416,0.0348887919755778,1,0,0.132785914761032,1,0,0,137.924081293875
5013,Tilburg,0,2.78175340011338,1503.13075366122,180.759918130086,17.2813849004364,0.0956040757221392,0.686538461538462,0.0557692307692307,0.223076923076923,0.0346153846153846,0.605700373343972,0.394299626656028,0.132785914761032,1,0,0,120.958615099564
5014,Tilburg,0,12.233595626663,1585.6419625208,183.637432710631,5.51602873939467,0.0300376053943567,0.850090579710145,0.0409873188405797,0.0910326086956521,0.0178894927536231,0.654109901806647,0.345890098193353,0.132785914761032,1,0,0,132.723971260605
5017,Tilburg,0,6.99180229902656,1655.02186037844,186.048374804489,7.62998474149657,0.0410107572802752,0.773248911753068,0.0474871388998812,0.136921250494657,0.0423426988523941,0.604315641218378,0.395684358781622,0.132785914761032,1,0,0,130.610015258503
5018,Tilburg,0,5.52169113005335,1492.90352812551,153.829372648729,5.36870421777918,0.0349003842721161,0.766881972988843,0.0669406928948913,0.120375807398708,0.0458015267175572,0.244814901588001,0.755185098411999,0.132785914761032,1,0,0,132.871295782221
5021,Tilburg,0,7.97602938161644,1746.60706514937,181.402336864473,5.03120995027141,0.0277350889588058,0.82753531520135,0.0402698713894159,0.0982500527092557,0.0339447606999789,0.538810946750099,0.461189053249901,0.132785914761032,1,0,0,133.208790049729
5022,Tilburg,0,4.31489879769755,1057.44206069715,144.787557439468,5.43880722067254,0.0375640511992639,0.835161744022504,0.0419127988748241,0.0976090014064697,0.0253164556962025,0.101528595919937,0.898471404080063,0.132785914761032,1,0,0,132.801192779327
5025,Tilburg,0,11.5174110164441,1942.05226790842,176.349539677025,4.00799467059969,0.0227275595838817,0.867977528089888,0.0462402765773552,0.0702247191011235,0.0155574762316335,0.301262008936421,0.698737991063579,0.132785914761032,1,0,0,134.2320053294
5026,Tilburg,0,2.70506895706497,1055.97073754956,122.973040848651,6.91648028793529,0.0562438745940075,0.64840556009812,0.0466067048242027,0.189697465249386,0.115290269828291,0.0106062429510403,0.98939375704896,0.132785914761032,1,0,0,131.323519712065
5032,Tilburg,0,1.87232165621095,2150.0794118615,166.399449715407,1.07435029590185,0.00645645341820125,0.704106280193237,0.0528381642512077,0.181763285024154,0.0612922705314009,0.0660767640913499,0.93392323590865,0.132785914761032,1,0,0,137.165649704098
5035,Tilburg,0,3.3620674941554,900.958333333333,187.43381099537,1.35906820468358,0.0072509233924564,0.746717171717173,0.0515151515151515,0.137878787878787,0.0638888888888888,1,0,0.132785914761032,1,0,0,136.880931795316
5036,Tilburg,0,4.53341316057645,900.402681129109,186.974376040718,10.990737943636,0.0587820543989542,0.719160768452983,0.0455005055611729,0.159757330637007,0.0755813953488372,0.996487920103868,0.00351207989613167,0.132785914761032,1,0,0,127.249262056364
5037,Tilburg,0,7.32638190368717,1675.04393276091,159.262249483162,3.02811087648195,0.0190133624654228,0.784348263714142,0.0530951182687468,0.125566180171112,0.0369904378459989,0.433915801637297,0.566084198362703,0.132785914761032,1,0,0,135.211889123518
5038,Tilburg,0,10.6437669632217,1779.53141055473,185.366619212761,4.78142487331563,0.0257944223918093,0.770450450450451,0.0616216216216216,0.111531531531531,0.0563963963963963,0.527665097536684,0.472334902463316,0.132785914761032,1,0,0,133.458575126684
5041,Tilburg,0,7.50627887831102,1657.72866232606,178.831563162665,7.44071054324846,0.0416073673553947,0.825499412455934,0.0499412455934195,0.0960634547591069,0.0284958871915393,0.534028303039095,0.465971696960905,0.132785914761032,1,0,0,130.799289456752
5042,Tilburg,0,5.99085466250247,1529.82346331288,156.351653333707,5.06726665211337,0.0324094216087253,0.840175631174534,0.0531284302963776,0.088913282107574,0.0177826564215148,0.437245255167712,0.562754744832288,0.132785914761032,1,0,0,133.172733347887
5043,Tilburg,0,3.44517284982702,900.958333333333,187.43381099537,0.904189141539311,0.00482404501481137,0.788708909004288,0.0438303954263935,0.137922820390662,0.0295378751786565,1,0,0.132785914761032,1,0,0,137.335810858461
5044,Tilburg,0,3.7580834035439,1221.81481796161,178.184952459438,1.62818534846387,0.00913761418116665,0.834927491514965,0.050601666152422,0.0894785560012341,0.0249922863313792,0.808965470270087,0.191034529729913,0.132785914761032,1,0,0,136.611814651536
5045,Tilburg,0,9.88115675767686,900.958333333333,187.43381099537,4.09163306168299,0.0218297490722422,0.743462286578777,0.0460341473957207,0.161335638642749,0.0491679273827534,1,0,0.132785914761032,1,0,0,134.148366938317
5046,Tilburg,0,8.06190098792674,1479.95674209328,161.12564707763,3.98274101442041,0.0247182313098891,0.841404358353511,0.0482243744955609,0.0901937046004842,0.0201775625504439,0.469873468156215,0.530126531843785,0.132785914761032,1,0,0,134.25725898558
5049,Tilburg,0,3.69809890885879,1344.56909933767,151.660285667991,0.229809308667136,0.00151528996305747,0.832262939176426,0.0604457876841707,0.0861352474499433,0.0211560256894597,0.153087136351383,0.846912863648617,0.132785914761032,1,0,0,138.010190691333
5051,Goirle,0,2.48053659508051,860.820148858094,62.6381389085461,2.47225884527197,0.0394689064577981,0.775682132528607,0.0553250345781466,0.123349679366276,0.0456431535269709,0.254777997164334,0.745222002835666,0.132785914761032,1,0,0,135.767741154728
5052,Goirle,0,5.13756430930338,916.910686013709,54.0978864672287,0.198447488247181,0.00366830390624219,0.789791183294664,0.0417633410672853,0.127146171693735,0.0412993039443155,0.652066647940788,0.347933352059212,0.132785914761032,1,0,0,138.041552511753
5056,Tilburg,0,1.90325558090769,0,0,0,0,0.697036384976526,0.0861208920187793,0.148327464788732,0.0685152582159624,0,1,0.132785914761032,1,0,0,138.24
5057,Tilburg,0,4.79915292883837,0,0,0,0,0.720260223048328,0.0529739776951672,0.154275092936802,0.0724907063197026,0,1,0.132785914761032,1,0,0,138.24
5061,Oisterwijk,0,1.18118114303814,0,0,0,0,0.764933457134015,0.0507582791705354,0.131228721757969,0.0530795419374806,0,1,0.132785914761032,1,0,0,138.24
5063,Oisterwijk,0,1.5819762844958,0,0,0,0,0.729166666666667,0.0533854166666666,0.149739583333333,0.0677083333333333,0,1,0.132785914761032,1,0,0,138.24
5101,Dongen,0,1.47816809139933,0,0,0,0,0.82080637132902,0.0492782478845196,0.102538576406172,0.0273768043802886,0,1,0.132785914761032,1,0,0,138.24
5102,Dongen,0,1.35152199627811,0,0,0,0,0.777352941176472,0.0508823529411764,0.131764705882352,0.04,0,1,0.132785914761032,1,0,0,138.24
5103,Dongen,0,1.03572543935967,0,0,0,0,0.764161849710983,0.0482658959537572,0.142196531791907,0.0453757225433526,0,1,0.132785914761032,1,0,0,138.24
5104,Dongen,0,1.35037069555652,0,0,0,0,0.786115214180208,0.0570162481536189,0.115509601181683,0.0413589364844904,0,1,0.132785914761032,1,0,0,138.24
5121,Gilze en Rijen,0,3.12370749787371,784.333333333333,90.9527314814814,5.33225958936348,0.0586267119470641,0.771706132361871,0.0564663023679417,0.135701275045537,0.0361262902246508,1,0,0.132785914761032,1,0,0,132.907740410637
5122,Gilze en Rijen,0,7.26406054914808,784.333333333333,90.9527314814814,1.68717055302369,0.0185499712382713,0.711258278145696,0.0587196467991169,0.181015452538631,0.0490066225165562,1,0,0.132785914761032,1,0,0,136.552829446976
5141,Waalwijk,0,5.97470689962001,725.422513622707,107.77783661287,3.07409194321855,0.0285224869957305,0.783060109289618,0.044535519125683,0.130054644808743,0.0423497267759562,1,0,0.132785914761032,1,0,0,135.165908056781
5142,Waalwijk,0,4.7386075538984,945.70454259033,122.278233546931,5.97260345459359,0.0488443714089252,0.834719334719335,0.0592515592515592,0.0852390852390852,0.0207900207900207,0.48774604003488,0.51225395996512,0.132785914761032,1,0,0,132.267396545406
5143,Waalwijk,0,3.80412336975919,893.79323954363,120.938372313773,8.36500971410624,0.0691675400790357,0.775541207747817,0.0535510824154956,0.122673756171667,0.0482339536650208,0.662059548323332,0.337940451676668,0.132785914761032,1,0,0,129.874990285894
5144,Waalwijk,0,2.78883956677606,760.475831574579,110.063691955721,3.82295581754029,0.0347340321736461,0.792892958360585,0.0573359494222803,0.114453891432308,0.0353172007848266,0.987459750027426,0.0125402499725736,0.132785914761032,1,0,0,134.41704418246
5146,Waalwijk,0,6.24300399587281,35.3333333333333,11.2322636111111,0.101897562960891,0.00907186356097383,0.750232126276695,0.0515320334261838,0.142525533890436,0.0557103064066852,1,0,0.132785914761032,1,0,0,138.138102437039
5151,Heusden,0,1.08517056131092,0,0,0,0,0.77493084874072,0.0676954432959673,0.114281554811471,0.0430921531518416,0,1,0.132785914761032,1,0,0,138.24
5152,Heusden,0,1.46748225220339,0,0,0,0,0.771171171171172,0.0572972972972972,0.125765765765765,0.0457657657657657,0,1,0.132785914761032,1,0,0,138.24
5171,Loon op Zand,0,1.58248641783129,370.395897154423,54.0821250028262,8.66332698867376,0.160188361463627,0.795694716242662,0.0562296151337247,0.112459230267449,0.0356164383561643,1,0,0.132785914761032,1,0,0,129.576673011326
5172,Loon op Zand,0,4.46316105340072,405.343036243264,53.7753561214092,3.07225063211952,0.0571312001204281,0.785805626598466,0.0441176470588235,0.12468030690537,0.0453964194373401,1,0,0.132785914761032,1,0,0,135.167749367881
5211,'s-Hertogenbosch,0,7.64125925556839,1824.84245962352,185.837553134982,6.69106258319158,0.0360049003568808,0.712769599452243,0.0665867853474837,0.120335501540568,0.100308113659705,0.582161510178678,0.417838489821322,0.132785914761032,1,0,0,131.548937416808
5212,'s-Hertogenbosch,0,5.30473727943855,1707.74962034122,163.902604408231,6.59314232939559,0.040225976598725,0.767199444058374,0.0920778318276581,0.0962473940236275,0.0444753300903405,0.560393796767967,0.439606203232034,0.132785914761032,1,0,0,131.646857670604
5213,'s-Hertogenbosch,0,3.70437612167773,1472.89484668114,126.612190747695,6.96179329721681,0.0549851736717031,0.814048291000314,0.0680464095327689,0.0899968642207588,0.0279084352461586,0.448247424245626,0.551752575754374,0.132785914761032,1,0,0,131.278206702783
5215,'s-Hertogenbosch,0,1.65149546732855,1457.63055368409,120.429587846891,5.63902535872806,0.0468242519097323,0.556118999323868,0.0240027045300878,0.202839756592292,0.217038539553752,0.449982015475532,0.550017984524468,0.132785914761032,1,0,0,132.600974641272
5216,'s-Hertogenbosch,0,2.48496839235493,1459.99134317685,131.47380020866,9.70168497554695,0.0737917741797191,0.761245674740485,0.0617070357554786,0.131199538638985,0.0458477508650519,0.398953627217213,0.601046372782788,0.132785914761032,1,0,0,128.538315024453
5222,'s-Hertogenbosch,0,0.566712987280327,1884.84564557479,174.08579074983,390.468591906084,2.24296647201498,0.43,0.1875,0.23,0.1525,0.450381328299502,0.549618671700499,0.132785914761032,1,0,0,0
5223,'s-Hertogenbosch,0,5.77943441059551,1887.9092589131,184.189157036264,6.4897622961988,0.0352342255137259,0.718365991364996,0.0722351378279641,0.115742278312852,0.0936565924941879,0.537060289487014,0.462939710512986,0.132785914761032,1,0,0,131.750237703801
5224,'s-Hertogenbosch,0,1.84879160075337,1199.41666666666,123.609213125,0.0310723722297454,0.000251375859810089,0.809910414333707,0.0671892497200448,0.0999440089585666,0.0229563269876819,1,0,0.132785914761032,1,0,0,138.20892762777
5231,'s-Hertogenbosch,0,5.90409683625747,1479.1788498049,153.311298946064,3.9475591634926,0.0257486512124679,0.785384970032273,0.0650069156293222,0.110650069156293,0.0389580451821115,0.669626014302304,0.330373985697696,0.132785914761032,1,0,0,134.292440836507
5232,'s-Hertogenbosch,0,2.22366948844414,1240.26463858903,140.924546615952,6.02788430505966,0.042773842100673,0.498245614035089,0.0426900584795321,0.31578947368421,0.143274853801169,0.765878594301994,0.234121405698006,0.132785914761032,1,0,0,132.21211569494
5233,'s-Hertogenbosch,0,1.65464409271909,872.066207959292,127.395854396571,2.1722133713775,0.0170508952718007,0.793280182232347,0.0652050113895216,0.112186788154897,0.0293280182232346,1,0,0.132785914761032,1,0,0,136.067786628623
5234,'s-Hertogenbosch,0,0.613314206428168,933.845973880669,103.582961509714,0,0,0.486666666666668,0.153333333333333,0.146666666666666,0.213333333333333,1,0,0.132785914761032,1,0,0,138.24
5235,'s-Hertogenbosch,0,4.75160314626151,925.400617713317,125.40543035149,3.87688336763654,0.0309147965663871,0.798624140087555,0.0503439649781113,0.121013133208255,0.0300187617260788,1,0,0.132785914761032,1,0,0,134.363116632363
5237,'s-Hertogenbosch,0,4.65605088572188,938.131855613198,113.91535185128,3.15861253536512,0.027727716098255,0.725481611208407,0.0538528896672504,0.158493870402802,0.0621716287215411,1,0,0.132785914761032,1,0,0,135.081387464635
5241,'s-Hertogenbosch,0,1.51022821437146,1626.87223696024,163.3273145268,2.74406855569156,0.0168010388442485,0.745363556078894,0.0568148366205475,0.151604356785398,0.0462172505151604,0.932079402718133,0.0679205972818667,0.132785914761032,1,0,0,135.495931444308
5242,'s-Hertogenbosch,0,1.46288638260747,1583.51503207708,162.322420228803,4.71254878733535,0.0290320263873144,0.691113698098564,0.0737291424136593,0.161428017074117,0.0737291424136593,0.825970358154029,0.174029641845971,0.132785914761032,1,0,0,133.527451212665
5243,'s-Hertogenbosch,0,1.44913549681812,1661.16666666666,171.220648148148,6.45888825139198,0.0377226013407183,0.735099337748345,0.0787343635025754,0.134657836644591,0.0515084621044885,1,0,0.132785914761032,1,0,0,131.781111748608
5246,'s-Hertogenbosch,0,1.8730265769024,1551.35357187439,135.430772976986,2.09437103297797,0.0154645136178457,0.701364731067703,0.0444206582820444,0.154937115333154,0.0992774953170992,0.505206718489626,0.494793281510374,0.132785914761032,1,0,0,136.145628967022
5247,'s-Hertogenbosch,0,1.59635802140942,1387.25637360472,106.464720139033,1.31464750134537,0.0123481985358958,0.732367927058193,0.0589970501474926,0.137302225797801,0.0713327969965138,0.163217323678913,0.836782676321087,0.132785914761032,1,0,0,136.925352498655
5251,Heusden,0,1.23226890255471,0,0,0,0,0.748393272254889,0.0650895665253658,0.124435936004375,0.0620812252153698,0,1,0.132785914761032,1,0,0,138.24
5252,Heusden,0,1.1035864985115,0,0,0,0,0.78900883218842,0.0598626104023552,0.114818449460255,0.0363101079489695,0,1,0.132785914761032,1,0,0,138.24
5261,Vught,0,2.89036741661192,1153.88743631022,119.495088059149,3.59379214914864,0.0300748106681151,0.7416715371128,0.0631209818819403,0.138515488018702,0.0566919929865575,1,0,0.132785914761032,1,0,0,134.646207850851
5262,Vught,0,4.88701528227906,1140.64192998406,124.342053394964,2.65527001851114,0.0213545614376888,0.776485582284532,0.0614943444320535,0.122670065317826,0.0393500079655886,1,0,0.132785914761032,1,0,0,135.584729981489
5281,Boxtel,0,2.90946177602335,927.154268081089,125.799195387111,9.85274111730054,0.0783211775479291,0.74501876985273,0.0889402252382327,0.11839445567427,0.0476465492347675,0.84891980608585,0.15108019391415,0.132785914761032,1,0,0,128.387258882699
5282,Boxtel,0,3.35535040829756,880.615930456437,127.095867106489,2.65301376280737,0.0208741151321978,0.782007982806264,0.0727663494012895,0.10776788455634,0.0374577832361068,0.994499080465947,0.00550091953405318,0.132785914761032,1,0,0,135.586986237193
5283,Boxtel,0,2.62935702722407,1128.39508413223,118.741940914578,2.15308847148447,0.0181325019188745,0.772056411938341,0.0610036077402427,0.120695309937684,0.0462446703837323,0.0208884834716138,0.979111516528386,0.132785914761032,1,0,0,136.086911528516
5301,Zaltbommel,0,3.34381579128846,954.708333333333,166.961319444444,10.1072545640755,0.0605365038902837,0.746311622885931,0.0779057214825476,0.124865059373875,0.0509175962576466,1,0,0.132785914761032,1,0,0,128.132745435925
5302,Zaltbommel,0,6.63003419575705,954.708333333333,166.961319444444,0.223122678400999,0.00133637347346936,0.739099859353025,0.0738396624472573,0.127285513361462,0.0597749648382559,1,0,0.132785914761032,1,0,0,138.016877321599
5341,Oss,0,4.58968650524084,1288.13288274305,118.096960639945,11.2422535689933,0.0951951134734857,0.786345626333435,0.0591283145382505,0.125266686985675,0.0292593721426394,0.161934351271408,0.838065648728593,0.132785914761032,1,0,0,126.997746431007
5342,Oss,0,4.81533382141696,1723.9533186185,165.005756314275,3.0322655656727,0.0183767259603802,0.74596998332407,0.0772651473040578,0.135630906058921,0.0411339633129516,0.0930868358325194,0.906913164167481,0.132785914761032,1,0,0,135.207734434327
5343,Oss,0,4.1146442360543,1042.23017548618,279.740421270294,1.99923463922522,0.0071467492261102,0.773084112149534,0.0751401869158878,0.1203738317757,0.0314018691588785,1,0,0.132785914761032,1,0,0,136.240765360775
5344,Oss,0,4.28423611322436,1063.40713670528,223.822432226432,9.55804176616012,0.0427036810880986,0.812259483232546,0.0709180868609125,0.096756459593183,0.0200659703133589,0.74723546942205,0.25276453057795,0.132785914761032,1,0,0,128.68195823384
5345,Oss,0,3.69356441703099,842.478099169897,130.72213402915,11.7289954332862,0.0897246324839731,0.771703214178433,0.0614298588164614,0.131571042355061,0.035295884650045,0.794614899697066,0.205385100302934,0.132785914761032,1,0,0,126.511004566714
5346,Oss,0,3.89312156950949,912.086796952117,80.8892561684035,2.59121738071963,0.0320341353532164,0.748272195640617,0.063264221158958,0.145933014354067,0.0425305688463583,0.444140954900134,0.555859045099866,0.132785914761032,1,0,0,135.64878261928
5347,Oss,0,3.3582834247068,457.259194190104,50.4792474927549,1.68920200016225,0.0334632959892022,0.585168018539978,0.0950173812282734,0.200463499420625,0.119351100811124,1,0,0.132785914761032,1,0,0,136.550797999838
5348,Oss,0,5.87550281027394,1313.02137727909,106.079529236427,1.45777463151345,0.0137422803627305,0.812701562887621,0.0667328206400397,0.0987348052592408,0.0218308112130984,0.378086807412874,0.621913192587126,0.132785914761032,1,0,0,136.782225368487
5401,Maashorst,0,4.09212860779827,1210.4429850432,111.627077750209,7.19778036423553,0.064480594756249,0.801184834123224,0.0632701421800947,0.103317535545023,0.0322274881516587,0,1,0.132785914761032,1,0,0,131.042219635764
5402,Maashorst,0,3.0927539380285,1208.49404912731,111.551876872339,18.7781294422132,0.168335396666638,0.825498211548288,0.0620848237097598,0.088400613183444,0.0240163515585079,0,1,0.132785914761032,1,0,0,119.461870557787
5403,Maashorst,0,2.73250852798911,1198.58250521995,111.172016994818,2.10756387120574,0.0189576831308546,0.788085293471093,0.0655089030556166,0.11233238074302,0.0340734227302703,0,1,0.132785914761032,1,0,0,136.132436128794
5404,Maashorst,0,1.93685067344576,1209.10922542731,111.565989089332,14.5920223330312,0.130792748328948,0.742402992052362,0.0649836372136512,0.141187470780738,0.0514258999532491,0,1,0.132785914761032,1,0,0,123.647977666969
5421,Gemert-Bakel,0,0.982095733172429,0,0,0,0,0.77755653534348,0.0716825487128431,0.105532641160574,0.0452282747831034,0,1,0.132785914761032,1,0,0,138.24
5431,Land van Cuijk,0,0.977494153906111,0,0,0,0,0.785373085158953,0.0762642068851918,0.105583923571075,0.0327787843847801,0,1,0.132785914761032,1,0,0,138.24
5432,Land van Cuijk,0,1.59742611591735,0,0,0,0,0.75571697605596,0.0648372343287597,0.136938391175679,0.0425073984396018,0,1,0.132785914761032,1,0,0,138.24
5461,Meierijstad,0,5.84130565603935,880.155591193604,104.710377633713,3.57959870641816,0.0341857109802425,0.764296187683285,0.0762463343108504,0.123167155425219,0.0362903225806451,0.474581626555077,0.525418373444924,0.132785914761032,1,0,0,134.660401293582
5462,Meierijstad,0,4.45442566831316,912.301105722103,103.741099428582,3.83780903688846,0.0369941041499228,0.765583377730422,0.0751198721363878,0.115610015982951,0.0436867341502397,0.402704422080389,0.597295577919611,0.132785914761032,1,0,0,134.402190963112
5463,Meierijstad,0,3.90538987976398,1043.42911667518,118.034788753883,6.24721671755512,0.0529269106464987,0.728992878942015,0.0756866734486266,0.142828077314343,0.0524923702950152,0.110404268155576,0.889595731844424,0.132785914761032,1,0,0,131.992783282445
5467,Meierijstad,0,4.95370272927997,877.360642872951,110.740350025883,7.45931704067763,0.067358618958078,0.789830508474576,0.063102998696219,0.111864406779661,0.0352020860495436,0.570051745814777,0.429948254185223,0.132785914761032,1,0,0,130.780682959322
5481,Meierijstad,0,1.92164945999253,183.099654707385,37.7008603400741,4.31617164563562,0.114484698935312,0.764716439339556,0.072505384063173,0.121141421392677,0.0416367552045944,1,0,0.132785914761032,1,0,0,133.923828354364
5482,Meierijstad,0,1.71613021701324,163.493359386555,37.8261549582886,3.70525615377475,0.0979548716453095,0.756957328385901,0.0769944341372912,0.126557116353034,0.0394911211237741,1,0,0.132785914761032,1,0,0,134.534743846225
5501,Veldhoven,0,4.73476484828798,1684.32672334088,135.401725389353,4.67914358411672,0.0345574886188611,0.807537688442212,0.0437185929648241,0.11859296482412,0.0301507537688442,0.226353769928899,0.773646230071101,0.132785914761032,1,0,0,133.560856415883
5502,Veldhoven,0,3.63503167904268,1668.57652645904,151.890441136578,7.96603309091253,0.0524459145111678,0.75993824778078,0.0640679274411424,0.131995368583558,0.0439984561945194,0.266514234240051,0.733485765759949,0.132785914761032,1,0,0,130.273966909087
5503,Veldhoven,0,2.83685064645577,1715.44334634319,137.775736409565,5.84848597778099,0.0424493174937221,0.77914691943128,0.0369668246445497,0.141232227488151,0.0426540284360189,0.248458158863342,0.751541841136658,0.132785914761032,1,0,0,132.391514022219
5504,Veldhoven,0,2.77523966327566,1750.08736962282,120.615020849862,2.43962205468217,0.0202265193629485,0.743204983012458,0.0673839184597961,0.145526613816534,0.0438844847112117,0.065732467408011,0.934267532591989,0.132785914761032,1,0,0,135.800377945318
5505,Veldhoven,0,3.34398633320873,1723.06323704507,128.455851792253,2.23632361576374,0.0174092778535342,0.781140861466822,0.039580908032596,0.131936360108653,0.0473418703919286,0.103647155952033,0.896352844047967,0.132785914761032,1,0,0,136.003676384236
5506,Veldhoven,0,3.0890851593054,1527.88728656671,128.559747080566,5.12885640766894,0.0398947300701733,0.780303030303031,0.0461432506887052,0.129476584022038,0.0440771349862259,0.181747989666672,0.818252010333328,0.132785914761032,1,0,0,133.111143592331
5508,Veldhoven,0,5.70389826904728,1376.51515398361,129.022711781218,2.56714542997917,0.0198968491247668,0.73830669034932,0.0487467929741464,0.165383856325241,0.0475626603512926,0.174921148092717,0.825078851907283,0.132785914761032,1,0,0,135.672854570021
5509,Veldhoven,0,3.70871375369121,1360.24114533231,135.133237261418,8.8016788244476,0.0651333380508052,0.724691358024692,0.0450617283950617,0.162345679012345,0.0679012345679012,0.0574491699371983,0.942550830062802,0.132785914761032,1,0,0,129.438321175552
5551,Valkenswaard,0,1.07349596550008,0,0,0,0,0.796081567373052,0.0405837664934026,0.1265493802479,0.0367852858856457,0,1,0.132785914761032,1,0,0,138.24
5552,Valkenswaard,0,1.670119150794,0,0,0,0,0.831935483870968,0.0406451612903225,0.102258064516129,0.0251612903225806,0,1,0.132785914761032,1,0,0,138.24
5553,Valkenswaard,0,0.999499660518514,0,0,0,0,0.800980392156863,0.0607843137254901,0.102941176470588,0.0352941176470588,0,1,0.132785914761032,1,0,0,138.24
5554,Valkenswaard,0,1.18918225991703,0,0,0,0,0.722499597358673,0.0417136414881623,0.157996456756321,0.0777903043968433,0,1,0.132785914761032,1,0,0,138.24
5555,Valkenswaard,0,0.97154559355968,0,0,0,0,0.675505050505051,0.0513468013468013,0.177609427609427,0.0955387205387205,0,1,0.132785914761032,1,0,0,138.24
5611,Eindhoven,0,6.4053300976389,1373.797290917,150.357823926414,3.86547423953944,0.0257085008188947,0.652486642005755,0.0766543362104398,0.152692149609535,0.11816687217427,0.251967836660096,0.748032163339904,0.132785914761032,1,0,0,134.374525760461
5612,Eindhoven,0,7.56675137556237,1472.0583336009,160.326733722111,4.67882970954479,0.0291830913093661,0.809637120761452,0.0529446757882213,0.110648423557406,0.0267697798929208,0.159342370537191,0.840657629462809,0.132785914761032,1,0,0,133.561170290455
5613,Eindhoven,0,4.18920929384092,1253.40072381933,142.587695957948,7.76078404273849,0.0544281467667961,0.777961068954141,0.0633454305509732,0.112174199934015,0.046519300560871,0.162794140347057,0.837205859652943,0.132785914761032,1,0,0,130.479215957262
5614,Eindhoven,0,7.37399474549516,1387.5879321687,140.531606968311,2.98364034379472,0.021231098171869,0.801515151515152,0.0696969696969697,0.0969696969696969,0.0318181818181818,0.219590677382477,0.780409322617523,0.132785914761032,1,0,0,135.256359656205
5615,Eindhoven,0,5.70702987472,1389.79293846694,136.902401508056,4.38301801107918,0.0320156400676526,0.760861886259273,0.0731190392087601,0.120805369127516,0.0452137054044507,0.39337223494479,0.60662776505521,0.132785914761032,1,0,0,133.856981988921
5616,Eindhoven,1,5.28937989402358,1533.96800044901,141.112643924642,3.7534988749895,0.0265993093928136,0.806541683286798,0.0486637415237335,0.114479457518946,0.0303151176705225,0.266659997417386,0.733340002582614,0.132785914761032,1,0,0,134.486501125011
5617,Eindhoven,0,13.8136055917376,1566.1335293481,143.218371807773,1.12682300570048,0.00786786633221119,0.816345270890726,0.0367309458218549,0.0927456382001836,0.0541781450872359,0.197748063303329,0.802251936696672,0.132785914761032,1,0,0,137.1131769943
5621,Eindhoven,0,6.52589700574753,1520.28137509582,143.910065960572,2.64631924844309,0.0183887015184061,0.853994490358127,0.0534435261707988,0.0694214876033057,0.0231404958677685,0.186252723917515,0.813747276082485,0.132785914761032,1,0,0,135.593680751557
5622,Eindhoven,0,6.2886053980568,1484.91558894902,157.031285047232,3.6624596935034,0.0233231212009875,0.833132892363199,0.0469031870114251,0.095009019843656,0.0249549007817197,0.116652936940484,0.883347063059516,0.132785914761032,1,0,0,134.577540306497
5623,Eindhoven,0,3.84665000863093,1298.10770441381,147.313290790441,5.11839333405504,0.0347449527913687,0.821954813359529,0.0476424361493123,0.108055009823182,0.0223477406679764,0.0326132171060053,0.967386782893995,0.132785914761032,1,0,0,133.121606665945
5624,Eindhoven,0,4.70182278919748,1353.39861397304,128.947266376025,3.85621609502721,0.0299053729745774,0.76015625,0.053515625,0.14296875,0.043359375,0,1,0.132785914761032,1,0,0,134.383783904973
5625,Eindhoven,0,4.07074653775779,1186.28471165467,132.00450969435,3.09083581696179,0.0234146229103723,0.836644014636696,0.0433873497124934,0.0959226346053319,0.0240460010454783,0,1,0.132785914761032,1,0,0,135.149164183038
5627,Eindhoven,0,3.50506141193134,1122.938187254,98.7495135455162,2.41566687625092,0.024462569885344,0.760118460019744,0.046067785455742,0.14626521882198,0.0475485357025337,0.108072996063118,0.891927003936882,0.132785914761032,1,0,0,135.824333123749
5628,Eindhoven,0,4.05191294928455,1291.33712834684,135.84279736646,3.03333335332339,0.0223297326919766,0.734747474747475,0.041010101010101,0.172121212121212,0.0521212121212121,0.00564167530000623,0.994358324699994,0.132785914761032,1,0,0,135.206666646677
5629,Eindhoven,0,3.21658468622537,1080.10059278462,114.278740024937,5.49769888580862,0.0481078010188856,0.688704703161142,0.0524286815728604,0.176561295296838,0.0823053199691595,0.229898688372246,0.770101311627754,0.132785914761032,1,0,0,132.742301114191
5631,Eindhoven,0,2.70767350955048,1017.16928497958,110.57077871536,4.28808067688098,0.0387813193205385,0.758566978193147,0.0478971962616822,0.139408099688473,0.0541277258566978,0.00906036320873447,0.990939636791266,0.132785914761032,1,0,0,133.951919323119
5632,Eindhoven,0,4.61945824923756,1181.23419641305,123.05839667117,1.71953918042994,0.0139733592094881,0.806977559607293,0.0447054698457222,0.11711079943899,0.0312061711079943,0,1,0.132785914761032,1,0,0,136.52046081957
5641,Eindhoven,0,4.10970569544391,980.520264918621,104.376424059453,1.90712459717846,0.018271603136089,0.819346963686299,0.0463838877021666,0.107720476045163,0.0265486725663716,0.0488418627732454,0.951158137226755,0.132785914761032,1,0,0,136.332875402822
5642,Eindhoven,0,4.65053510918111,1113.59483623441,109.571208478128,2.23510072445237,0.0203986134267975,0.793584793584794,0.0573210573210573,0.107514107514107,0.0415800415800415,0.144549008953905,0.855450991046095,0.132785914761032,1,0,0,136.004899275548
5643,Eindhoven,0,4.63583393253843,1293.33746818274,125.142824783574,3.9617266921867,0.0316576415710468,0.820650457846543,0.0533628039153773,0.09977897063467,0.0262077676034101,0.235041312572475,0.764958687427525,0.132785914761032,1,0,0,134.278273307813
5644,Eindhoven,0,3.43831555517274,1381.72713340309,130.623217145689,5.26138598451176,0.0402791027466697,0.752990264255911,0.0634214186369958,0.132684283727399,0.050904033379694,0.209959027899816,0.790040972100184,0.132785914761032,1,0,0,132.978614015488
5645,Eindhoven,0,3.25257421077823,952.083569119597,91.0786551315003,2.65622945424774,0.0291641268792633,0.775261324041813,0.0667828106852497,0.115563298490127,0.0423925667828106,0.221516361379007,0.778483638620993,0.132785914761032,1,0,0,135.583770545752
5646,Eindhoven,0,1.7873441291053,834.857900448382,81.6745502025232,3.91203107323388,0.0478977975823982,0.719327731092438,0.0756302521008403,0.147899159663865,0.0571428571428571,0.218345935625783,0.781654064374217,0.132785914761032,1,0,0,134.327968926766
5651,Eindhoven,0,2.82499483132808,1501.61442257571,143.219356019752,6.10587666244308,0.0426330408970767,0.698342541436465,0.0602209944751381,0.161325966850828,0.080110497237569,0.0995958460334443,0.900404153966556,0.132785914761032,1,0,0,132.134123337557
5652,Eindhoven,0,3.10666745373558,1299.0181145996,149.830051175811,4.46932462015866,0.0298292938238027,0.747714285714286,0.06,0.127428571428571,0.0648571428571428,0.0290839376804899,0.97091606231951,0.132785914761032,1,0,0,133.770675379841
5653,Eindhoven,0,5.41652480103577,1548.48462022935,145.609024415759,3.31521277324091,0.0227679073226598,0.806606799230276,0.0432969852469531,0.120910840282232,0.0291853752405388,0.250198029444604,0.749801970555396,0.132785914761032,1,0,0,134.924787226759
5654,Eindhoven,0,6.84683083154595,1430.14928212187,140.147159243317,2.39238855581903,0.0170705461939865,0.833069202324353,0.0464870575805599,0.098256735340729,0.0221870047543581,0.488271962646508,0.511728037353493,0.132785914761032,1,0,0,135.847611444181
5655,Eindhoven,0,3.24768304000087,1511.78678484504,134.023378623914,4.20180123041686,0.0313512558298327,0.767973856209151,0.0462962962962963,0.147603485838779,0.0381263616557734,0,1,0.132785914761032,1,0,0,134.038198769583
5658,Eindhoven,0,6.04841992980307,1219.09883824473,141.537096612356,3.19969501240854,0.0226067588568099,0.656183677406908,0.0422535211267605,0.202392436812656,0.0991703646536754,0.000272159154145147,0.999727840845855,0.132785914761032,1,0,0,135.040304987591
5662,Geldrop-Mierlo,0,2.66790008319873,1163.45946885529,129.271966164876,7.98714293354702,0.0617855763357081,0.80052151238592,0.0423728813559322,0.121251629726205,0.0358539765319426,0.357725334798247,0.642274665201753,0.132785914761032,1,0,0,130.252857066453
5663,Geldrop-Mierlo,0,2.52045147824157,1205.0115115777,135.051650286965,10.1279420909734,0.0749931013020056,0.752192982456141,0.0476190476190476,0.152255639097744,0.0479323308270676,0.402595645726088,0.597404354273912,0.132785914761032,1,0,0,128.112057909027
5664,Geldrop-Mierlo,0,3.23788135312099,1115.39318687911,119.75511098229,3.33570101474823,0.0278543519970645,0.805779855503613,0.0437739056523586,0.119422014449638,0.0310242243943901,0.366971013387195,0.633028986612805,0.132785914761032,1,0,0,134.904298985252
5665,Geldrop-Mierlo,0,4.38473696278032,740.643212156973,54.4531540685792,0.323537155333441,0.00594156869087828,0.84010152284264,0.0410321489001692,0.101945854483925,0.0169204737732656,0.299710686396666,0.700289313603334,0.132785914761032,1,0,0,137.916462844667
5666,Geldrop-Mierlo,0,4.00909807932344,772.248999763075,61.1522045051155,0.545666844603524,0.00892309359931379,0.802300109529026,0.0536692223439211,0.115553121577217,0.0284775465498357,0.192457175761678,0.807542824238322,0.132785914761032,1,0,0,137.694333155397
5667,Geldrop-Mierlo,0,3.14658755099273,738.104656134315,65.0020128983745,0.902176269653754,0.0138792051111438,0.794415216511535,0.0477539457709429,0.124645892351274,0.0331849453662484,0.196280012289606,0.803719987710394,0.132785914761032,1,0,0,137.337823730346
5671,"Nuenen, Gerwen en Nederwetten",0,2.13131794820215,1049.47108393452,92.8812442179705,3.70438075094512,0.0398829794124183,0.741686261336917,0.0564326503191132,0.146456163923412,0.0554249244205576,0.108223240592277,0.891776759407723,0.132785914761032,1,0,0,134.535619249055
5672,"Nuenen, Gerwen en Nederwetten",0,2.88088098224585,856.143892535409,79.2139466089617,0.872191686604438,0.0110105824029952,0.773569023569024,0.0547138047138047,0.132435465768799,0.0392817059483726,0.522694838509322,0.477305161490678,0.132785914761032,1,0,0,137.367808313396
5673,"Nuenen, Gerwen en Nederwetten",0,3.29659219380935,819.175963963139,75.1053896637638,0.51887298994818,0.00690859860086075,0.732276119402985,0.0544154228855721,0.153606965174129,0.0597014925373134,0.435215334315456,0.564784665684544,0.132785914761032,1,0,0,137.721127010052
5682,Best,0,3.2670926638916,1083.602262506,115.774844438422,5.71241445037104,0.049340722313899,0.744729605866178,0.0595783684692942,0.142071494042163,0.0536205316223648,0.336386865590886,0.663613134409114,0.132785914761032,1,0,0,132.527585549629
5683,Best,0,2.68451723000829,1068.28660008118,115.415917482996,5.66027563144306,0.0490424176741217,0.756358381502891,0.0557803468208092,0.135838150289017,0.0520231213872832,0.357241104655243,0.642758895344758,0.132785914761032,1,0,0,132.579724368557
5684,Best,0,2.59073337127148,1018.74991816042,116.070034636161,5.52282839397548,0.0475818622031743,0.762864228146312,0.0619962802231866,0.123837569745815,0.0513019218846869,0.515430959791346,0.484569040208654,0.132785914761032,1,0,0,132.717171606025
5685,Best,0,3.46822819861737,947.286735977744,106.908290717967,1.65616372359007,0.015491443296565,0.712741751990899,0.0611490329920364,0.164960182025028,0.0611490329920364,0.988562175811538,0.0114378241884625,0.132785914761032,1,0,0,136.58383627641
5701,Helmond,0,6.90798403532752,1046.61214471367,163.154318569123,4.64629951813391,0.0284779438195835,0.83703476795834,0.0505437279828457,0.0915913616173992,0.0208301424414152,0.169285047451303,0.830714952548697,0.132785914761032,1,0,0,133.593700481866
5702,Helmond,0,3.99497081697505,588.156871551804,77.8451921151238,0.870685420325271,0.0111848323148542,0.848852397835417,0.0421720470236984,0.0961000186601978,0.0128755364806866,0.978729881036909,0.0212701189630912,0.132785914761032,1,0,0,137.369314579675
5703,Helmond,0,3.7114454764175,565.209669225004,72.7165211095783,0.29329306244014,0.00403337588164001,0.838210702341137,0.0576923076923076,0.0953177257525083,0.0087792642140468,1,0,0.132785914761032,1,0,0,137.94670693756
5704,Helmond,0,3.56979133844112,29,2,0.00357538630998098,0.00178769315499049,0.772623400365631,0.0509597806215722,0.141681901279707,0.0347349177330895,1,0,0.132785914761032,1,0,0,138.23642461369
5705,Helmond,0,3.07402891546008,1153.06875547864,185.677089307373,12.2648771036894,0.0660548759647234,0.601735357917572,0.0468546637744034,0.229934924078091,0.121475054229934,0.0511668637174629,0.948833136282537,0.132785914761032,1,0,0,125.975122896311
5706,Helmond,0,5.31645000267069,943.689947281401,133.692046116779,4.74337433653485,0.0354798544439327,0.752314814814816,0.0488834422657952,0.14964596949891,0.0491557734204793,0.207455709831934,0.792544290168066,0.132785914761032,1,0,0,133.496625663465
5707,Helmond,0,5.75342443311434,1140.88077910258,156.441790721382,4.01830727017382,0.0256856384195339,0.763381779510812,0.0545905707196029,0.138426090038993,0.0436015597305919,0.12943885196285,0.87056114803715,0.132785914761032,1,0,0,134.221692729826
5709,Helmond,0,3.5456686470835,29,2,0.00559307705788871,0.00279653852894435,0.751499308011688,0.0582807934799323,0.144087344302629,0.0461325542057511,1,0,0.132785914761032,1,0,0,138.234406922942
5711,Someren,0,1.08578754064391,0,0,0,0,0.758965442295154,0.0697674418604651,0.129319713105846,0.0419474027385351,0,1,0.132785914761032,1,0,0,138.24
5721,Asten,0,0.942757565020507,0,0,0,0,0.774261342563976,0.0615650883916429,0.123871924836197,0.0403016442081839,0,1,0.132785914761032,1,0,0,138.24
5751,Deurne,0,1.13927089691383,0,0,0,0,0.797556449118466,0.0657284256108877,0.101608413238478,0.0351067120321682,0,1,0.132785914761032,1,0,0,138.24
5754,Deurne,0,0.985341218062029,0,0,0,0,0.792353124028599,0.0671433012123096,0.105999378302766,0.0345041964563257,0,1,0.132785914761032,1,0,0,138.24
5801,Venray,0,1.39925880743707,0,0,0,0,0.776997532738661,0.0635794268362118,0.123742645663313,0.0356803947618143,0,1,0.132785914761032,1,0,0,138.24
5802,Venray,0,1.18493174289293,0,0,0,0,0.797549770290966,0.0624808575803981,0.113935681470137,0.0260336906584992,0,1,0.132785914761032,1,0,0,138.24
5803,Venray,0,1.08690003494337,0,0,0,0,0.6921256454389,0.154044750430292,0.119836488812392,0.0339931153184165,0,1,0.132785914761032,1,0,0,138.24
5831,Land van Cuijk,0,1.04732910340908,0,0,0,0,0.769536626395474,0.0695825049701789,0.121119437222816,0.0397614314115308,0,1,0.132785914761032,1,0,0,138.24
5911,Venlo,0,4.99837281606073,1149.79331490887,131.35133340962,7.2803121935454,0.0554262526657548,0.812041116005875,0.0513950073421439,0.10034263338228,0.0362212432697014,0.332635700500808,0.667364299499192,0.132785914761032,1,0,0,130.959687806455
5912,Venlo,0,2.47066525286228,1177.29039907299,126.390749701013,6.87122561520695,0.0543649407212265,0.824441404468765,0.0572275421796625,0.095531235750114,0.0227998176014591,0.276372245900374,0.723627754099626,0.132785914761032,1,0,0,131.368774384793
5913,Venlo,0,3.73296313740681,1019.83262685423,131.104622781518,6.8567857382056,0.0523001065311955,0.783333333333334,0.0433333333333333,0.136041666666666,0.0372916666666666,0.6223241942968,0.3776758057032,0.132785914761032,1,0,0,131.383214261794
5914,Venlo,0,4.21955898274085,601.94901914817,102.137528569083,3.67335529793468,0.0359647952069853,0.841550387596899,0.0471317829457364,0.0905426356589147,0.0207751937984496,1,0,0.132785914761032,1,0,0,134.566644702065
5915,Venlo,0,2.57063746477863,980.671125177207,110.23280887878,4.98173836845971,0.0451928824016268,0.808091286307055,0.0553250345781466,0.100968188105117,0.0356154910096818,0.878901490958876,0.121098509041124,0.132785914761032,1,0,0,133.25826163154
5921,Venlo,0,3.42677844699556,1266.03178206499,134.617093471329,22.8363212705882,0.169639090264951,0.844058563159687,0.0398365679264555,0.0919305413687436,0.024174327545114,0.241252874454348,0.758747125545653,0.132785914761032,1,0,0,115.403678729412
5922,Venlo,0,3.65614290841607,1334.00546742463,158.262818647382,5.53142352225569,0.0349508720338161,0.87390158172232,0.0434973637961335,0.0716168717047451,0.0109841827768014,0.754120027718547,0.245879972281454,0.132785914761032,1,0,0,132.708576477744
5923,Venlo,0,3.03132366777613,845.708412367193,124.854824689695,2.28688076074764,0.0183163187039931,0.845985401459854,0.0313868613138686,0.100729927007299,0.0218978102189781,0.0769672001285941,0.923032799871406,0.132785914761032,1,0,0,135.953119239252
5924,Venlo,0,3.29182158455159,1470.25,190.259236111111,3.80870794516434,0.0200185180126554,0.852272727272728,0.040340909090909,0.100568181818181,0.0068181818181818,1,0,0.132785914761032,1,0,0,134.431292054836
5925,Venlo,0,2.88916044475551,1470.25,190.259236111111,7.31773348416158,0.0384619093071941,0.849012775842045,0.0284552845528455,0.103368176538908,0.019163763066202,1,0,0.132785914761032,1,0,0,130.922266515838
5931,Venlo,0,3.07606449178865,915.25,134.750046296296,3.46083274667783,0.0256833510770598,0.82909396678579,0.0365776750052554,0.108892158923691,0.0254361992852638,0,1,0.132785914761032,1,0,0,134.779167253322
5961,Horst aan de Maas,0,0.929516802478694,0,0,0,0,0.695382746051034,0.0823815309842041,0.110206561360874,0.112029161603888,0,1,0.132785914761032,1,0,0,138.24
5981,Peel en Maas,0,0.995792268367534,0,0,0,0,0.805813953488373,0.057906976744186,0.114418604651162,0.021860465116279,0,1,0.132785914761032,1,0,0,138.24
6001,Weert,0,6.2529383152838,897.622766324225,132.622568826986,4.78364933622784,0.036069647711834,0.796655879180152,0.0517799352750809,0.115965480043149,0.0355987055016181,1,0,0.132785914761032,1,0,0,133.456350663772
6004,Weert,0,4.80928169533847,645.864055318631,101.958843003198,1.50103720920046,0.0147219913936585,0.811934510986644,0.0461008186126669,0.113097802671262,0.0288668677294269,1,0,0.132785914761032,1,0,0,136.7389627908
6006,Weert,0,3.29104453398754,876.248321319003,125.688999537923,6.56883327974249,0.0522625950074536,0.794329987673886,0.0607501320655044,0.113400246522275,0.0315196337383342,1,0,0.132785914761032,1,0,0,131.671166720258
6041,Roermond,0,4.07599064245777,1556.80972193088,166.648264483861,5.66614665727525,0.0340006340589523,0.758382036296524,0.0547523838818825,0.143801907105506,0.0430636727160873,1,0,0.132785914761032,1,0,0,132.573853342725
6042,Roermond,0,3.41333702766887,1568.64420533876,165.057994193271,6.74695076442953,0.0408762435131093,0.757799205899037,0.0529400642843637,0.142370958593306,0.0468897712232936,1,0,0.132785914761032,1,0,0,131.49304923557
6043,Roermond,0,4.71563359638564,1618.82215558109,169.178582079976,10.267025255132,0.060687500326007,0.806491120636865,0.0647070830781792,0.0979791794243723,0.0308226168605837,1,0,0.132785914761032,1,0,0,127.972974744868
6044,Roermond,0,5.85527973822101,1615.1142587358,162.075162175401,0.51947738252503,0.00320516342882225,0.824640967498111,0.0778533635676492,0.0839002267573696,0.0136054421768707,1,0,0.132785914761032,1,0,0,137.720522617475
6045,Roermond,0,3.26982144892187,1618.55998101551,169.304535783946,1.84910488468911,0.0109217681388572,0.766666666666668,0.0504273504273504,0.136752136752136,0.0461538461538461,1,0,0.132785914761032,1,0,0,136.390895115311
6101,Echt-Susteren,0,0.959652848648189,0,0,0,0,0.793785310734464,0.0489053672316384,0.123411016949152,0.0338983050847457,0,1,0.132785914761032,1,0,0,138.24
6131,Sittard-Geleen,0,6.27369644241582,839.685403999385,149.200849173386,5.60964770324203,0.0375979609655108,0.824791940429261,0.0385457731055628,0.112133158125273,0.0245291283399036,1,0,0.132785914761032,1,0,0,132.630352296758
6132,Sittard-Geleen,0,4.30042983581481,727.675393200457,133.048647640969,5.85701327271691,0.0440215919256994,0.746227709190672,0.0404663923182441,0.155349794238683,0.0579561042524005,1,0,0.132785914761032,1,0,0,132.382986727283
6133,Sittard-Geleen,0,4.3299583874531,920.841081568709,145.244746101416,10.3650396355684,0.0713625787767298,0.781492248062016,0.0445736434108527,0.136143410852713,0.0377906976744186,1,0,0.132785914761032,1,0,0,127.874960364432
6134,Sittard-Geleen,0,3.21537336110821,971.005988746486,157.458611318872,14.1879924764694,0.0901061704890633,0.848043676069154,0.0500454959053685,0.0800727934485896,0.021838034576888,1,0,0.132785914761032,1,0,0,124.052007523531
6135,Sittard-Geleen,0,3.50327418189876,640.630013442137,114.714697804754,6.90950262553526,0.0602320605620679,0.74060382008626,0.0372766481823783,0.161121380160197,0.0609981515711645,0.960089772471755,0.0399102275282452,0.132785914761032,1,0,0,131.330497374465
6136,Sittard-Geleen,0,2.91348731727304,502.149675929082,91.1600524578846,7.07827287105672,0.0776466520170866,0.828992072480182,0.0424688561721404,0.105889014722536,0.0226500566251415,1,0,0.132785914761032,1,0,0,131.161727128943
6137,Sittard-Geleen,0,6.05835630968313,689.004260366123,131.241614461307,8.24432690683847,0.0628179327165248,0.829898187236156,0.0429600198659051,0.10230941147256,0.0248323814253786,1,0,0.132785914761032,1,0,0,129.995673093162
6161,Sittard-Geleen,0,4.7659011007436,640.833333333333,133.041952546296,0.909017011568,0.00683255916025195,0.818718381112985,0.0375210792580101,0.111298482293423,0.0324620573355817,0,1,0.132785914761032,1,0,0,137.330982988432
6162,Sittard-Geleen,0,5.25488870049122,640.833333333333,133.041952546296,7.35697996354173,0.0552981959655294,0.81403212172443,0.0384615384615384,0.110735418427726,0.036770921386306,0,1,0.132785914761032,1,0,0,130.883020036458
6163,Sittard-Geleen,0,3.06683877880178,640.833333333333,133.041952546296,9.14614982058244,0.0687463589156192,0.864681295715779,0.0381400208986415,0.0820271682340647,0.0151515151515151,0,1,0.132785914761032,1,0,0,129.093850179418
6164,Sittard-Geleen,0,4.94288234257111,0,0,0,0,0.821515892420538,0.0342298288508557,0.121841890790546,0.0224123879380603,0,1,0.132785914761032,1,0,0,138.24
6165,Sittard-Geleen,0,5.34416861237816,0,0,0,0,0.829967689822295,0.0387722132471728,0.102988691437802,0.0282714054927302,0,1,0.132785914761032,1,0,0,138.24
6166,Sittard-Geleen,0,4.43872572448842,640.833333333333,133.041952546296,0.0124193236436023,9.33489279577477e-05,0.836972343522562,0.032023289665211,0.106259097525473,0.024745269286754,0,1,0.132785914761032,1,0,0,138.227580676356
6171,Stein,0,2.23932268161835,551.416666666666,93.8280324074074,9.28166092019908,0.0989220458114,0.820458952811894,0.0370071105365223,0.114738202973497,0.0277957336780866,1,0,0.132785914761032,1,0,0,128.958339079801
6191,Beek,0,0.89042657634833,0,0,0,0,0.807279641450497,0.0414233328806193,0.117479288333559,0.0338177373353252,0,1,0.132785914761032,1,0,0,138.24
6211,Maastricht,0,8.0789035775104,1319.43188066021,170.381044018561,5.54103505304559,0.0325214291587623,0.741384663148091,0.053399565352375,0.142502328469419,0.0627134430301148,0.211712030688389,0.788287969311611,0.132785914761032,1,0,0,132.698964946954
6212,Maastricht,0,2.54339503005192,933.081464514607,138.388263941841,6.20964945425939,0.0448712143456692,0.709966934341049,0.0713273500236183,0.169579593764761,0.0491261218705715,0.133262538067684,0.866737461932316,0.132785914761032,1,0,0,132.030350545741
6213,Maastricht,0,3.30543523437328,922.068316636427,128.414899326355,6.19453772570468,0.0482384657714976,0.720228809152367,0.0540821632865314,0.167446697867914,0.0582423296931877,0.221168194542187,0.778831805457813,0.132785914761032,1,0,0,132.045462274295
6214,Maastricht,0,5.38824921207578,1138.63016441949,146.361946289325,5.00192139366535,0.034175012839592,0.865853658536586,0.0386178861788617,0.0772357723577235,0.0182926829268292,0.377421669544628,0.622578330455372,0.132785914761032,1,0,0,133.238078606335
6215,Maastricht,0,3.83230222688644,718.145887958714,96.1762025439029,2.72233952481679,0.0283057497885101,0.813263041065483,0.0241398446170921,0.137347391786903,0.0252497225305216,0.0032182538382431,0.996781746161757,0.132785914761032,1,0,0,135.517660475183
6216,Maastricht,0,4.44453373147862,905.992658776439,130.073175615171,6.05579033577211,0.0465567962581963,0.845087647778231,0.0244598450876477,0.113330615572768,0.0171218915613534,0.350402653510948,0.649597346489052,0.132785914761032,1,0,0,132.184209664228
6217,Maastricht,0,6.28037097977619,1334.28384932979,167.132317350153,4.4755939522692,0.0267787464640519,0.853456514813635,0.0433258999681427,0.0856960815546352,0.0175215036635871,0.493779127681538,0.506220872318462,0.132785914761032,1,0,0,133.764406047731
6218,Maastricht,0,2.81294410221972,0,0,0,0,0.827402726970403,0.0329231792484203,0.118057864981709,0.0216162287994679,0,1,0.132785914761032,1,0,0,138.24
6219,Maastricht,0,2.22374376790274,1419.78612884639,166.978601143694,9.64923531671448,0.0577872568737763,0.791666666666667,0.0470430107526881,0.123655913978494,0.0376344086021505,0.46680536028907,0.53319463971093,0.132785914761032,1,0,0,128.590764683286
6221,Maastricht,0,6.31068233227808,1316.26448261089,175.847698939217,7.14198759722798,0.0406146207218592,0.761477045908184,0.0528942115768463,0.146373918829008,0.0392548236859614,0.106894160650993,0.893105839349007,0.132785914761032,1,0,0,131.098012402772
6222,Maastricht,0,4.28464255182152,508.498614411434,110.744457054697,3.66060360428915,0.033054508565437,0.837197320968573,0.0391550747037609,0.0947964966512107,0.0288511076764554,0.0419593626294554,0.958040637370545,0.132785914761032,1,0,0,134.579396395711
6224,Maastricht,0,4.95549580281203,1307.9062405681,174.907457908952,11.2625909084029,0.0643917134412053,0.826689774696708,0.0409012131715771,0.108838821490467,0.0235701906412478,0.187172797719809,0.812827202280191,0.132785914761032,1,0,0,126.977409091597
6225,Maastricht,0,2.10193134652404,1139.6478865203,155.848005189744,7.34597307533017,0.0471354963214736,0.758169934640523,0.0336601307189542,0.163725490196078,0.0444444444444444,0.49903484273134,0.50096515726866,0.132785914761032,1,0,0,130.89402692467
6226,Maastricht,0,5.19658995791295,1174.32151310375,153.216022424239,5.09323434007872,0.0332421783276431,0.777817025785942,0.0406216884493112,0.138113740727658,0.0434475450370893,0.469424608851898,0.530575391148102,0.132785914761032,1,0,0,133.146765659921
6227,Maastricht,0,5.13023068445814,1199.18163765312,144.981044211679,4.91665740309687,0.0339124154459691,0.823232323232324,0.0292929292929292,0.12087542087542,0.0265993265993266,0.512277074779353,0.487722925220647,0.132785914761032,1,0,0,133.323342596903
6228,Maastricht,0,4.0529570468035,1334.03751351493,150.766962127776,1.77626181155692,0.0117815056195901,0.791184971098266,0.035043352601156,0.136921965317919,0.0368497109826589,0.974038760400131,0.0259612395998687,0.132785914761032,1,0,0,136.463738188443
6229,Maastricht,0,4.14203958477515,1310.76516413388,138.724545164902,6.33614211902365,0.0456742684684377,0.734817813765183,0.0394736842105263,0.163967611336032,0.0617408906882591,0.334020592381493,0.665979407618507,0.132785914761032,1,0,0,131.903857880976
6291,Vaals,0,1.30617200550518,0,0,0,0,0.844517675254644,0.0413421210305572,0.0799880167765128,0.0341521869382863,0,1,0.132785914761032,1,0,0,138.24
6371,Landgraaf,0,2.49489865794797,845.44821283178,101.667573494412,40.4747793905706,0.39810903318938,0.818039461321641,0.032258064516129,0.121202630754776,0.0284998434074538,1,0,0.132785914761032,1,0,0,97.7652206094294
6372,Landgraaf,0,2.45255472709004,593.680084529354,76.8090141046923,11.9395121708471,0.155444153398106,0.798442906574395,0.0299307958477508,0.121799307958477,0.0498269896193771,1,0,0.132785914761032,1,0,0,126.300487829153
6373,Landgraaf,0,4.21958391579917,1247.30635901826,133.44823721012,13.42090977313,0.10057015404406,0.821008403361345,0.0315126050420168,0.122268907563025,0.0252100840336134,1,0,0.132785914761032,1,0,0,124.81909022687
6374,Landgraaf,0,3.06239961785864,0,0,0,0,0.829282750444577,0.0342323651452282,0.112625963248369,0.0238589211618257,0,1,0.132785914761032,1,0,0,138.24
6411,Heerlen,0,9.1622762253365,1058.72927434423,178.135484315121,6.63908885228497,0.0372698840874424,0.812429057888763,0.0377412031782065,0.125141884222474,0.0246878547105561,1,0,0.132785914761032,1,0,0,131.600911147715
6412,Heerlen,0,6.70719977186324,1085.03431248953,182.305492207767,16.4823507503584,0.0904106099643669,0.798984995586938,0.0317740511915269,0.127978817299205,0.0412621359223301,1,0,0.132785914761032,1,0,0,121.757649249642
6413,Heerlen,0,4.15291550412686,237.304973628658,31.4507393231789,0.769545404001098,0.024468277075889,0.871905274488698,0.0342662360961607,0.0760674560459275,0.0177610333692142,1,0,0.132785914761032,1,0,0,137.470454595999
6414,Heerlen,0,3.7605104786981,232.784593326058,30.7787908998195,0.14071494996279,0.00457181539134518,0.871276595744681,0.0444148936170212,0.0675531914893617,0.0167553191489361,1,0,0.132785914761032,1,0,0,138.099285050037
6415,Heerlen,0,4.46068709646324,1085.08333333333,182.317655632716,0.252083881725755,0.00138266302762024,0.858921161825726,0.0376901798063623,0.082295988934993,0.0210926694329183,1,0,0.132785914761032,1,0,0,137.987916118274
6416,Heerlen,0,4.10705249580966,716.678984988295,116.384235224916,7.90175045047978,0.0678936493006068,0.798138869005011,0.0390121689334287,0.121689334287759,0.041159627773801,1,0,0.132785914761032,1,0,0,130.33824954952
6417,Heerlen,0,7.77647925018049,445.416666666666,78.761475787037,1.97374573775632,0.0250597861204776,0.824566312255177,0.0296586457750419,0.111639619473978,0.034135422495803,1,0,0.132785914761032,1,0,0,136.266254262244
6418,Heerlen,0,4.70948410918148,426.198608878354,80.1315324343241,5.30733913950419,0.0662328421567888,0.804731182795699,0.0286021505376344,0.136559139784946,0.0301075268817204,1,0,0.132785914761032,1,0,0,132.932660860496
6419,Heerlen,0,1.62673930821381,537.437421020774,94.0055851823719,16.2546386779656,0.172911414214713,0.747855917667239,0.0497427101200686,0.15008576329331,0.0523156089193825,1,0,0.132785914761032,1,0,0,121.985361322034
6421,Heerlen,0,6.52116069212956,278,37.5,0,0,0.768961386918984,0.0754117859490997,0.115676293089779,0.0399505340421373,1,0,0.132785914761032,1,0,0,138.24
6431,Heerlen,0,5.34014459242398,272.924687001093,36.7455615812436,0.259484040362024,0.00706164307186626,0.850010231225701,0.0405156537753222,0.0920810313075506,0.0173930836914262,1,0,0.132785914761032,1,0,0,137.980515959638
6432,Heerlen,0,3.75639063515266,0,0,0,0,0.821917808219178,0.0453471894189891,0.0944733112895607,0.038261691072272,0,1,0.132785914761032,1,0,0,138.24
6433,Heerlen,0,2.99788796533025,251.718139153273,33.5932369011623,0.366399864020234,0.0109069532387799,0.813528336380257,0.0361974405850091,0.117001828153564,0.03327239488117,1,0,0.132785914761032,1,0,0,137.87360013598
6441,Brunssum,0,3.20076766448431,960.955484618363,118.116581794689,8.19496397953996,0.0693803008436572,0.801925391095066,0.0770156438026474,0.0957882069795427,0.0252707581227436,1,0,0.132785914761032,1,0,0,130.04503602046
6442,Brunssum,0,2.38876241881306,998.377704299327,125.557093744591,18.5901914418787,0.148061657748267,0.831444759206799,0.0644475920679886,0.0807365439093484,0.023371104815864,1,0,0.132785914761032,1,0,0,119.649808558121
6443,Brunssum,0,3.7281062857989,813.8461620731,127.073191615058,7.10319157111417,0.0558984273617037,0.851344227727992,0.0395361096468107,0.0911966262519768,0.0179230363732208,1,0,0.132785914761032,1,0,0,131.136808428886
6444,Brunssum,0,4.54713854907549,876.585323178368,119.232235772654,7.98571935012731,0.0669761771921653,0.819834710743802,0.0275482093663911,0.127823691460055,0.024793388429752,1,0,0.132785914761032,1,0,0,130.254280649873
6445,Brunssum,0,2.79461378464014,417.714925110954,148.108378160999,5.02353733062846,0.0339179821763202,0.846248462484625,0.0350553505535055,0.0940959409594096,0.02460024600246,1,0,0.132785914761032,1,0,0,133.216462669372
6446,Brunssum,0,3.82751272818003,278,37.5,0.00932348388022616,0.000248626236806031,0.809142857142858,0.0377142857142857,0.11695238095238,0.0361904761904761,1,0,0.132785914761032,1,0,0,138.23067651612
6461,Kerkrade,0,2.01040167766594,234.800444278869,53.6075515006861,4.16767262425742,0.0777441331974299,0.830155979202774,0.0284723941569695,0.111908888338697,0.0294627383015597,1,0,0.132785914761032,1,0,0,134.072327375743
6462,Kerkrade,0,2.37112677970018,228.424309733324,53.6844355453056,7.05021102406195,0.131326909791426,0.866548042704627,0.0320284697508896,0.0833333333333333,0.0180901542111506,1,0,0.132785914761032,1,0,0,131.189788975938
6463,Kerkrade,0,3.90923925861155,245.242948732996,55.9054564329045,0.612807846681558,0.0109615033269074,0.870225494707777,0.0308329498389323,0.0832949838932351,0.0156465715600552,1,0,0.132785914761032,1,0,0,137.627192153318
6464,Kerkrade,0,2.98237744708063,232.818181818181,61.947904040404,0.188951910888855,0.0030501743975973,0.828821656050956,0.0342356687898089,0.109474522292993,0.027468152866242,1,0,0.132785914761032,1,0,0,138.051048089111
6466,Kerkrade,0,1.43374615971901,221.103322167727,49.7515999901032,6.80068535945495,0.136692797031809,0.840931863727455,0.0390781563126252,0.096192384769539,0.0237975951903807,1,0,0.132785914761032,1,0,0,131.439314640545
6467,Kerkrade,0,3.33261785050335,179.218820488194,49.4912085838274,4.9966209834461,0.100959768945285,0.783908864364543,0.0754716981132075,0.108223567105731,0.0323958704165183,1,0,0.132785914761032,1,0,0,133.243379016554
6471,Kerkrade,0,3.45982409803183,0,0,0,0,0.82375,0.0365625,0.109375,0.0303125,0,1,0.132785914761032,1,0,0,138.24
6511,Nijmegen,0,9.18602888700523,1435.15853266975,138.633415322398,3.68215800368693,0.026560393070631,0.824246528953607,0.0538435489332881,0.0917710802573654,0.0301388418557399,0.721386337007746,0.278613662992254,0.132785914761032,1,0,0,134.557841996313
6512,Nijmegen,0,10.124174478397,1428.16071244341,146.639760974791,4.15894778769458,0.0283616650767014,0.830779480346436,0.0566289140572951,0.0859427048634243,0.0266489007328447,0.650698770970423,0.349301229029577,0.132785914761032,1,0,0,134.081052212305
6515,Nijmegen,0,3.92723175158474,1606.10902797342,143.615283851347,3.670965925934,0.0255611090093568,0.701313937118724,0.0614734866259971,0.160488033786954,0.0767245424683247,0.383178796132665,0.616821203867335,0.132785914761032,1,0,0,134.569034074066
6521,Nijmegen,0,8.41054799959662,1338.39565642972,133.627137060507,3.2236557051802,0.0241242593090991,0.796530707923114,0.0651664322550398,0.107829348335677,0.0304735114861697,0.630336599719198,0.369663400280802,0.132785914761032,1,0,0,135.01634429482
6522,Nijmegen,0,3.57657723077143,1234.1501184829,125.092823624696,6.67520063925638,0.0533619790954863,0.697729422894987,0.0662251655629139,0.167455061494796,0.0685903500473036,0.571309699618734,0.428690300381266,0.132785914761032,1,0,0,131.564799360744
6523,Nijmegen,0,3.43953457505581,1236.90016726185,130.231201783733,4.93168730016081,0.0378687075955158,0.750000000000001,0.0737597911227154,0.12597911227154,0.0502610966057441,0.427408396396462,0.572591603603538,0.132785914761032,1,0,0,133.308312699839
6524,Nijmegen,0,6.96241352683284,1357.31437476276,140.766666669169,5.20735172010236,0.0369927898650944,0.759933774834438,0.0691225165562914,0.11796357615894,0.0529801324503311,0.559806764736379,0.440193235263621,0.132785914761032,1,0,0,133.032648279898
6525,Nijmegen,0,5.42619161004024,1226.8159305752,132.945049028952,5.56723872602308,0.0418762395943806,0.708198837959974,0.0978050355067785,0.144286636539703,0.0497094899935442,0.281695911828363,0.718304088171637,0.132785914761032,1,0,0,132.672761273977
6531,Nijmegen,0,4.11138458341523,1304.95128692898,138.441928013279,6.40464603878422,0.0462623291274151,0.785010940919038,0.0664660831509846,0.109135667396061,0.0393873085339168,0.484851816768113,0.515148183231887,0.132785914761032,1,0,0,131.835353961216
6532,Nijmegen,0,3.27822325976495,1194.35731116793,122.023905287343,6.74755232296479,0.0552969707622092,0.780160857908847,0.0536193029490616,0.133154602323503,0.033065236818588,0.473912850185411,0.526087149814589,0.132785914761032,1,0,0,131.492447677035
6533,Nijmegen,0,4.153690519431,1299.96865586033,136.793885023649,4.11088849923347,0.0300516978410459,0.811329271044911,0.0591288648160686,0.0979462875197472,0.0315955766192733,0.36372417953661,0.63627582046339,0.132785914761032,1,0,0,134.129111500767
6534,Nijmegen,0,4.69615177442729,1231.77762033871,125.289174125153,5.7225179216793,0.0456744803502575,0.750359712230216,0.0482014388489208,0.137410071942446,0.0640287769784172,0.464226363440083,0.535773636559917,0.132785914761032,1,0,0,132.517482078321
6535,Nijmegen,0,5.68510290502356,1510.10242700655,145.340791032818,4.64911700972457,0.0319876957919872,0.854628921193573,0.0474368783473603,0.08530986993114,0.0126243305279265,0.381924697697339,0.618075302302661,0.132785914761032,1,0,0,133.590882990275
6536,Nijmegen,0,2.96997272941427,1432.82902574304,130.321596786928,2.02414943900705,0.0155319570118257,0.768995098039216,0.0551470588235294,0.134191176470588,0.0416666666666666,0.258956032047062,0.741043967952938,0.132785914761032,1,0,0,136.215850560993
6537,Nijmegen,0,3.17766567529757,1469.80732834909,132.856896775185,4.63329601409682,0.0348743356691305,0.825751926423068,0.0646283867760377,0.0914740243599304,0.0181456624409644,0.307347366276653,0.692652633723347,0.132785914761032,1,0,0,133.606703985903
6538,Nijmegen,0,4.25040470762377,1363.43875399986,130.765782355784,4.0167157142989,0.0307168713553086,0.835010060362173,0.050804828973843,0.09079476861167,0.0233903420523138,0.567342634080108,0.432657365919892,0.132785914761032,1,0,0,134.223284285701
6541,Nijmegen,0,4.75980783509076,1363.71745392361,132.566225025003,4.95437104037623,0.0373728001943316,0.741082410824109,0.0612956129561295,0.126076260762607,0.0715457154571545,0.517236772210784,0.482763227789216,0.132785914761032,1,0,0,133.285628959624
6542,Nijmegen,0,4.60416433739125,1341.72465415038,132.087111815415,5.90957220187219,0.0447399607777821,0.828331332533013,0.0748299319727891,0.0752300920368147,0.0216086434573829,0.490386505111846,0.509613494888154,0.132785914761032,1,0,0,132.330427798128
6543,Nijmegen,0,4.04466080952958,1088.48117037679,103.664370217134,3.53941106353978,0.0341429852525625,0.791044776119403,0.0705223880597015,0.0985074626865671,0.0399253731343283,0.486371400093548,0.513628599906452,0.132785914761032,1,0,0,134.70058893646
6544,Nijmegen,0,4.29815830964429,838.728107649506,92.1807767700557,1.89602905456955,0.0205685948958663,0.856149732620321,0.0598930481283422,0.067379679144385,0.0165775401069518,0.703186561112985,0.296813438887015,0.132785914761032,1,0,0,136.34397094543
6545,Nijmegen,0,3.10513039672043,1216.89314626263,125.568928622204,4.91859601745044,0.0391704864524957,0.736,0.0559999999999999,0.150095238095238,0.0579047619047619,0.61123173141944,0.38876826858056,0.132785914761032,1,0,0,133.32140398255
6546,Nijmegen,0,3.2977536552392,1246.12310382606,127.183199735402,3.06904355848178,0.0241308880800826,0.784161490683231,0.0618899733806566,0.116681455190771,0.0372670807453416,0.541171453929039,0.458828546070961,0.132785914761032,1,0,0,135.170956441518
6581,Heumen,0,3.39471078751978,1317.3930342233,129.649200127971,5.71763889836097,0.0441008420624064,0.744786143513609,0.0630965005302227,0.14475079533404,0.0473665606221279,0.4535262318815,0.546473768118501,0.132785914761032,1,0,0,132.522361101639
6601,Wijchen,0,3.99096825743147,887.319975215144,88.9049305158011,4.5524472361863,0.0512057903850135,0.815970814754764,0.0494527766518038,0.102553708958248,0.0320226996351844,1,0,0.132785914761032,1,0,0,133.687552763814
6602,Wijchen,0,1.99442548955069,845.48175235079,82.7046390701598,6.3951351501438,0.0773249871112876,0.747447447447448,0.0702702702702702,0.124024024024024,0.0582582582582582,1,0,0.132785914761032,1,0,0,131.844864849856
6605,Wijchen,0,4.51425274449491,840.526795177184,87.2521486936082,0.65588482769487,0.00751711949235833,0.774786483475679,0.0531006312662458,0.130894912736724,0.0412179725213516,1,0,0.132785914761032,1,0,0,137.584115172305
6641,Beuningen,0,1.01823607875479,0,0,0,0,0.786467084160685,0.0519321826790896,0.119291278448144,0.0423094547120818,0,1,0.132785914761032,1,0,0,138.24
6642,Beuningen,0,0.97519944945227,0,0,0,0,0.689133986928105,0.0543300653594771,0.179738562091503,0.076797385620915,0,1,0.132785914761032,1,0,0,138.24
6651,Druten,0,1.11704022619363,0,0,0,0,0.76201175250605,0.0760456273764258,0.11838921534739,0.0435534047701348,0,1,0.132785914761032,1,0,0,138.24
6661,Overbetuwe,0,2.33837719331927,916.982031559263,92.1063938838398,3.75021472305172,0.0407161171436297,0.778093378306409,0.053080063909107,0.123735132256346,0.0450914255281377,0.957937765087984,0.0420622349120158,0.132785914761032,1,0,0,134.489785276948
6662,Overbetuwe,0,1.65129282870505,682.427210353018,77.297665089098,6.36585968084002,0.0823551354818071,0.731288116799114,0.0641286268711883,0.145074847532803,0.0595084087968952,1,0,0.132785914761032,1,0,0,131.87414031916
6663,Nijmegen,0,2.60128472283648,1530.36615342911,131.756199132706,6.87451805797783,0.0521760501838229,0.71585460170147,0.0612529002320185,0.152358855375096,0.0705336426914153,0.290790585146382,0.709209414853618,0.132785914761032,1,0,0,131.365481942022
6701,Wageningen,0,7.4938190233111,1987.65234795824,154.358432932632,3.750247596725,0.0242957091846207,0.746505125815472,0.0792171481826654,0.109972041006523,0.0643056849953401,0.184681525931624,0.815318474068376,0.132785914761032,1,0,0,134.489752403275
6702,Wageningen,0,5.67131164889977,1917.53290035669,148.015727756279,3.7236345795495,0.0251570197032088,0.761290322580645,0.064516129032258,0.113364055299539,0.0608294930875576,0.183466878121862,0.816533121878138,0.132785914761032,1,0,0,134.516365420451
6703,Wageningen,0,3.57615491421134,2119.84041595827,172.675966860137,3.95040861879195,0.022877582159373,0.673753066230581,0.0776778413736713,0.164349959116925,0.0842191332788225,0.246606680953858,0.753393319046142,0.132785914761032,1,0,0,134.289591381208
6706,Wageningen,0,6.55394930537773,2079.28216668101,159.660155822229,2.75253327576192,0.017239951079759,0.751463544438532,0.0787653006918573,0.128791910590739,0.0409792442788717,0.297966462389204,0.702033537610796,0.132785914761032,1,0,0,135.487466724238
6707,Wageningen,0,5.32463176930653,2035.42629798752,161.717710880378,4.15037120111239,0.0256642960039325,0.825608342989571,0.0683661645422943,0.0863267670915411,0.0196987253765932,0.284616869069749,0.715383130930251,0.132785914761032,1,0,0,134.089628798888
6708,Wageningen,0,3.74120682248501,2131.47805755113,144.205802820947,6.27648701632036,0.0435245107585133,0.757554945054946,0.0673076923076923,0.133470695970695,0.0416666666666666,0.103905519957864,0.896094480042136,0.132785914761032,1,0,0,131.96351298368
6709,Wageningen,0,9.23383688410841,1906.69452437739,148.349067129924,2.57728520852969,0.0173731136864683,0.628533859303092,0.0637738330046022,0.168967784352399,0.138724523339907,0.1316174330511,0.8683825669489,0.132785914761032,1,0,0,135.66271479147
6711,Ede,0,3.14571306848548,1248.9404690463,126.229870464535,6.06171018204015,0.0480212025864609,0.727595672533507,0.0532859680284191,0.155982560955917,0.0631357984821572,0.382507951908563,0.617492048091437,0.132785914761032,1,0,0,132.17828981796
6712,Ede,0,4.04784876789282,981.035840224572,116.55003935956,7.37718182075773,0.0632962619428975,0.775757575757576,0.0627705627705627,0.115151515151515,0.0463203463203463,0.971910086301956,0.0280899136980437,0.132785914761032,1,0,0,130.862818179242
6713,Ede,0,4.57593266817332,1151.88972202078,115.687294907635,5.9946144446793,0.0518173966248015,0.800650054171181,0.0517876489707475,0.122210184182015,0.0253521126760563,0.578361038697102,0.421638961302898,0.132785914761032,1,0,0,132.245385555321
6714,Ede,0,4.91351448959026,1233.16244331066,106.784986734067,2.59511015803449,0.0243022005003123,0.807228915662651,0.072289156626506,0.0973895582329317,0.0230923694779116,0.432207210883456,0.567792789116544,0.132785914761032,1,0,0,135.644889841966
6715,Ede,0,2.36454031324292,1426.28673354146,117.520297380589,7.14168112313629,0.0607697672854586,0.791516894320633,0.0503235082674335,0.126887131560028,0.0312724658519051,0.262071151069218,0.737928848930782,0.132785914761032,1,0,0,131.098318876864
6716,Ede,0,1.99703031917759,1749.27175401705,135.145943440218,4.29281413710575,0.0317642840608433,0.678254942058624,0.0565780504430811,0.200181776868893,0.0649852306294024,0.0540630803050187,0.945936919694981,0.132785914761032,1,0,0,133.947185862894
6717,Ede,0,3.94568215895103,1676.17254943953,162.833894495477,3.93462723745304,0.0241634412150127,0.610920497990395,0.124595627879619,0.10351926281737,0.160964611312616,0.389525398336397,0.610474601663603,0.132785914761032,1,0,0,134.305372762547
6721,Ede,0,2.16981349662076,1677.20225063822,152.083970291887,7.32034678764143,0.0481335855027447,0.724678837052063,0.0665314401622718,0.157809330628803,0.0509803921568627,0.553303034668429,0.446696965331571,0.132785914761032,1,0,0,130.919653212359
6811,Arnhem,0,13.7239325098937,1971.37764025696,193.179986705473,3.75190237101384,0.0194217964034446,0.715557439593048,0.0555320050869012,0.0970750317931326,0.131835523526918,0.727829975276393,0.272170024723607,0.132785914761032,1,0,0,134.488097628986
6812,Arnhem,0,3.70984545370016,1916.64371852656,171.4840850079,9.76082302155957,0.0569197020301324,0.723916532905298,0.0754414125200642,0.137239165329052,0.0634028892455858,0.290151574064086,0.709848425935914,0.132785914761032,1,0,0,128.47917697844
6813,Arnhem,0,3.5419021935787,1787.21750795506,165.582644836787,4.93444467526608,0.0298004943702277,0.721137757947575,0.0630228667038483,0.14835471277189,0.0674846625766871,0.386527734905569,0.613472265094431,0.132785914761032,1,0,0,133.305555324734
6814,Arnhem,0,5.90994206792959,1920.5302532937,179.874153633688,7.3545232744802,0.0408870486721378,0.710838759096132,0.0674071237073918,0.149368058215243,0.0723860589812332,0.620955146962095,0.379044853037905,0.132785914761032,1,0,0,130.88547672552
6821,Arnhem,0,9.81926903003564,2006.91266773193,199.43568665818,3.94856843395657,0.0197987055382128,0.782775119617226,0.0708133971291866,0.100478468899521,0.0459330143540669,0.709670914163293,0.290329085836707,0.132785914761032,1,0,0,134.291431566043
6822,Arnhem,0,6.44089238665904,1953.78234610973,197.450202932795,7.01762637046405,0.0355412466851331,0.817704122877931,0.0565885206143896,0.0921584478577203,0.0335489086499595,0.589893701991886,0.410106298008114,0.132785914761032,1,0,0,131.222373629536
6823,Arnhem,0,5.45992181288302,1670.04034069521,155.681102149078,3.45865956852313,0.0222163096276847,0.837175265276253,0.0501280643980973,0.0852542993047932,0.0274423710208562,0.401965098536505,0.598034901463495,0.132785914761032,1,0,0,134.781340431477
6824,Arnhem,0,4.55228842661619,1717.37123752488,169.937599842266,7.68947601312331,0.0452488208628378,0.75796930342385,0.0618654073199527,0.124439197166469,0.0557260920897284,0.384153007797415,0.615846992202585,0.132785914761032,1,0,0,130.550523986877
6825,Arnhem,0,3.60318709179471,1572.97341679222,156.057449339076,9.19407381253001,0.0589146743809292,0.781294452347084,0.063655761024182,0.109886201991465,0.0451635846372688,0.182638998606775,0.817361001393225,0.132785914761032,1,0,0,129.04592618747
6826,Arnhem,0,4.32510509077169,1546.94755328293,154.42269584428,6.16236053295551,0.0399057955779353,0.80331144733086,0.064516129032258,0.112760491007707,0.0194119326291749,0.259513728032259,0.740486271967741,0.132785914761032,1,0,0,132.077639467045
6827,Arnhem,0,1.12836071094891,1798.52713357524,167.44113769657,30.0673747281063,0.179569818634374,0.241237113402062,0.365463917525773,0.0597938144329896,0.333505154639175,0.42246644906369,0.57753355093631,0.132785914761032,1,0,0,108.172625271894
6828,Arnhem,0,12.2115767200644,1960.7127991932,193.886580432102,3.92554256019506,0.0202465923708927,0.811959476155177,0.0798122065727699,0.0812947862614282,0.0269335310106251,0.607700894311615,0.392299105688385,0.132785914761032,1,0,0,134.314457439805
6831,Arnhem,0,6.05054413609658,1666.03796458493,151.86617365486,2.94165339511258,0.0193700369497552,0.814578910120312,0.0424628450106157,0.10969568294409,0.0332625619249823,0.249643667694711,0.750356332305289,0.132785914761032,1,0,0,135.298346604887
6832,Arnhem,0,3.67871856811098,1739.71678083345,154.182623995191,7.51720224428469,0.0487551842710833,0.831662269129288,0.0691292875989446,0.0854881266490765,0.0137203166226912,0.18118452107978,0.81881547892022,0.132785914761032,1,0,0,130.722797755715
6833,Arnhem,0,6.2163260783793,1629.33205099711,152.911275508037,2.70853086216369,0.0177130878881547,0.777647975077883,0.0708722741433021,0.113317757009345,0.0381619937694704,0.232642691953921,0.76735730804608,0.132785914761032,1,0,0,135.531469137836
6834,Arnhem,0,2.2844503499576,1365.51338590344,133.506341002892,1.60663609688586,0.0120341557173757,0.864785992217899,0.0476653696498054,0.0710116731517509,0.0165369649805447,0,1,0.132785914761032,1,0,0,136.633363903114
6835,Arnhem,0,5.16190765745984,1674.08096552222,155.385378300415,4.97078220695726,0.0319900254536626,0.811297071129707,0.0552301255230125,0.108786610878661,0.0246861924686192,0.178050697151568,0.821949302848432,0.132785914761032,1,0,0,133.269217793043
6836,Arnhem,0,2.14141643137145,1546.40526164136,144.706290876549,2.12405938907267,0.014678417753688,0.756410256410257,0.0518476621417797,0.144230769230769,0.0475113122171945,0.517723617261748,0.482276382738252,0.132785914761032,1,0,0,136.115940610927
6841,Arnhem,0,2.58149091613312,1862.71637198537,165.666087935235,17.4496909092747,0.105330494169069,0.793195108984584,0.0659223817118553,0.103136629452418,0.037745879851143,0.345858970018301,0.654141029981699,0.132785914761032,1,0,0,120.790309090725
6842,Arnhem,0,1.98091457040295,1603.44882097631,150.183936384119,10.0953712727793,0.0672200470692074,0.729490022172949,0.0606060606060606,0.144863266814486,0.065040650406504,0.362234140890489,0.637765859109511,0.132785914761032,1,0,0,128.144628727221
6843,Arnhem,0,4.44582140303364,1590.17044951786,156.322454994937,4.16707913391053,0.0266569453124664,0.814244250948873,0.04911810672025,0.112301853092208,0.0243357892386693,0.574503173316064,0.425496826683936,0.132785914761032,1,0,0,134.072920866089
6844,Arnhem,0,4.731212923067,1643.58104004378,153.940027408662,8.14592677704474,0.0529162357196409,0.793632075471698,0.0654481132075471,0.115566037735849,0.0253537735849056,0.470949163748846,0.529050836251154,0.132785914761032,1,0,0,130.094073222955
6845,Arnhem,0,2.6168875565733,1528.3417105563,150.983245679951,0.312225549948401,0.00206794832461243,0.822946175637395,0.0442634560906515,0.108002832861189,0.0247875354107648,1,0,0.132785914761032,1,0,0,137.927774450052
6846,Arnhem,0,5.48228349998229,1756.51396406936,162.905370181711,5.58302538266015,0.0342715858687324,0.717440629254274,0.0500680683708969,0.158069883527454,0.0744214188473755,0.300029951791884,0.699970048208116,0.132785914761032,1,0,0,132.65697461734
6851,Lingewaard,0,0.976566351475833,0,0,0,0,0.76923076923077,0.0534351145038168,0.137404580152671,0.0399295361127422,0,1,0.132785914761032,1,0,0,138.24
6852,Lingewaard,0,1.32326790154959,0,0,0,0,0.772362869198313,0.0424050632911392,0.139662447257383,0.0455696202531645,0,1,0.132785914761032,1,0,0,138.24
6862,Renkum,0,1.14585647336767,1769.75,172.263078703703,0.153870969494942,0.00089323243641549,0.713952713952715,0.0789210789210789,0.139860139860139,0.0672660672660672,0,1,0.132785914761032,1,0,0,138.086129030505
6871,Renkum,0,1.37472001525303,0,0,0,0,0.775188916876575,0.0638119227539882,0.116498740554156,0.0445004198152812,0,1,0.132785914761032,1,0,0,138.24
6881,Rheden,0,6.73275491591045,1891.09089399792,155.527611190144,2.6123058178806,0.0167964118904062,0.710302708443973,0.0685077004779606,0.146840148698884,0.0743494423791821,0.953038754865305,0.0469612451346949,0.132785914761032,1,0,0,135.627694182119
6882,Rheden,0,5.63986996600211,1690.81037033062,147.270336028548,5.20736501278875,0.035359225443604,0.854009077155825,0.0495461422087745,0.0813161875945537,0.0151285930408472,0.442962128273379,0.557037871726621,0.132785914761032,1,0,0,133.032634987211
6883,Rheden,0,5.092763537271,1868.24100557799,174.438582133037,3.17627704495756,0.0182085694925859,0.645332390381896,0.0442008486562942,0.21039603960396,0.10007072135785,0.892330551173399,0.107669448826601,0.132785914761032,1,0,0,135.063722955042
6901,Zevenaar,0,1.4826229996536,0,0,0,0,0.81024844720497,0.0462732919254658,0.116459627329192,0.0270186335403726,0,1,0.132785914761032,1,0,0,138.24
6903,Zevenaar,0,0.99171296066907,0,0,0,0,0.79363689433742,0.0446584938704028,0.130180969060128,0.031523642732049,0,1,0.132785914761032,1,0,0,138.24
6904,Zevenaar,0,1.26303885178964,0,0,0,0,0.814750290360047,0.0496515679442508,0.112078977932636,0.0235191637630662,0,1,0.132785914761032,1,0,0,138.24
6921,Duiven,0,2.03212809722833,626.996649146421,97.8956916460906,5.3902387750489,0.0550610418539717,0.761352917396578,0.0463549386875084,0.145802452499663,0.0464896914162511,1,0,0.132785914761032,1,0,0,132.849761224951
6922,Duiven,0,3.44552582576226,864.650709434555,106.819407120896,5.98753306886595,0.056052858092438,0.742124933262147,0.0536572343833422,0.158836091831286,0.0453817405232247,1,0,0.132785914761032,1,0,0,132.252466931134
6931,Westervoort,0,1.08143492853677,0,0,0,0,0.779568494931116,0.0621263322069144,0.124252664413828,0.0340525084481414,0,1,0.132785914761032,1,0,0,138.24
6932,Westervoort,0,1.26523601515797,0,0,0,0,0.808223035764574,0.041396789636722,0.121655871585468,0.0287243030132357,0,1,0.132785914761032,1,0,0,138.24
6942,Montferland,0,0.888132312251649,0,0,0,0,0.777777777777778,0.0518323842896773,0.12512775587677,0.0452620820557745,0,1,0.132785914761032,1,0,0,138.24
6951,Rheden,0,3.33348679344865,0,0,0,0,0.818393480791618,0.0701396973224679,0.0858556461001164,0.0256111757857974,0,1,0.132785914761032,1,0,0,138.24
6952,Rheden,0,2.73481164493284,0,0,0,0,0.824596774193549,0.0549395161290322,0.0846774193548387,0.0357862903225806,0,1,0.132785914761032,1,0,0,138.24
6991,Rheden,0,3.30508341016737,0,0,0,0,0.799648064353947,0.0608345902463549,0.10306686777275,0.0364504776269482,0,1,0.132785914761032,1,0,0,138.24
7001,Doetinchem,0,1.54704751159391,1679.23580007428,141.353415536177,4.92478540619412,0.0348402292757737,0.776480400333612,0.0571309424520433,0.120100083402835,0.0462885738115095,1,0,0.132785914761032,1,0,0,133.315214593806
7002,Doetinchem,0,1.66414550776246,1832.0525297407,160.706390156884,1.8176188592187,0.0113101841030983,0.840545144804089,0.0415672913117546,0.0926746166950596,0.0252129471890971,1,0,0.132785914761032,1,0,0,136.422381140781
7003,Doetinchem,0,1.31970929304419,1735.73906304157,148.509086362141,7.26578370967579,0.0489248428339132,0.818466353677621,0.0641627543035993,0.094679186228482,0.0226917057902973,1,0,0.132785914761032,1,0,0,130.974216290324
7005,Doetinchem,0,0.974091274744951,1632.96616288822,135.493748756724,15.7082462108699,0.115933364860055,0.694235588972432,0.06265664160401,0.155388471177944,0.087719298245614,1,0,0.132785914761032,1,0,0,122.53175378913
7006,Doetinchem,0,1.04359617614028,1054.1234600883,128.267338756905,5.11430343701445,0.0398722191212464,0.773640085786704,0.0526418405147202,0.125365568336907,0.0483525053616689,1,0,0.132785914761032,1,0,0,133.125696562986
7007,Doetinchem,0,1.1310282675236,1098.12683078411,127.904406424625,9.97806357014271,0.0780118828511421,0.73100659714833,0.0661842945307512,0.145562885720366,0.0572462226005533,1,0,0.132785914761032,1,0,0,128.261936429857
7009,Doetinchem,0,1.04656385415539,1836.33333333333,161.248518518518,0.0352964805744618,0.000218894913880454,0.784533832241971,0.0673526660430308,0.11474898659183,0.033364515123168,1,0,0.132785914761032,1,0,0,138.204703519426
7071,Oude IJsselstreek,0,0.91311513001088,0,0,0,0,0.805328983143013,0.0525647997099873,0.110023563530904,0.0320826536160957,0,1,0.132785914761032,1,0,0,138.24
7101,Winterswijk,0,1.13265816310413,0,0,0,0,0.813694532158884,0.0521854744889479,0.104370948977895,0.0297490443742728,0,1,0.132785914761032,1,0,0,138.24
7102,Winterswijk,0,0.90407466209768,0,0,0,0,0.770516717325229,0.058257345491388,0.135764944275582,0.0354609929078014,0,1,0.132785914761032,1,0,0,138.24
7103,Winterswijk,0,1.19787617895219,0,0,0,0,0.803932909196067,0.0456911509543088,0.123481781376518,0.0268941584731058,0,1,0.132785914761032,1,0,0,138.24
7151,Berkelland,0,0.84979775878968,0,0,0,0,0.813000242541839,0.060878001455251,0.0996846956099927,0.0264370603929177,0,1,0.132785914761032,1,0,0,138.24
7201,Zutphen,0,3.97033205300533,1714.76056573692,155.65070491926,4.63673455789878,0.0297893579107398,0.7608,0.0804,0.112,0.0468,0.714957710181941,0.285042289818059,0.132785914761032,1,0,0,133.603265442101
7202,Zutphen,0,1.48992863548137,1617.84013054983,146.205118007622,5.76515366936695,0.0394319552415833,0.635761589403974,0.0936613055818353,0.191106906338694,0.0794701986754966,0.419274438159686,0.580725561840314,0.132785914761032,1,0,0,132.474846330633
7203,Zutphen,0,3.9405544733218,1843.27931104566,143.769743604084,3.99222998808907,0.0277682208231723,0.781788793103449,0.0608836206896551,0.122306034482758,0.0350215517241379,0.304319826757337,0.695680173242663,0.132785914761032,1,0,0,134.247770011911
7204,Zutphen,0,4.2473121918236,1721.53159942981,150.108430663193,6.21045749477218,0.0413731425166048,0.832635983263599,0.0684223480187053,0.0822052670440561,0.0167364016736401,0.743383997652432,0.256616002347568,0.132785914761032,1,0,0,132.029542505228
7206,Zutphen,0,2.36178323713988,1561.13586344403,130.273474347877,1.8025324733745,0.0138365272162857,0.823488533703962,0.0514246004169562,0.100764419735927,0.0243224461431549,0.434047044753795,0.565952955246205,0.132785914761032,1,0,0,136.437467526626
7207,Zutphen,0,2.07172287820901,0,0,0,0,0.720292100022129,0.0694843992033635,0.156671830050896,0.0535516707236114,0,1,0.132785914761032,1,0,0,138.24
7231,Zutphen,0,1.517052192465,1620.44407987406,140.739321982513,1.98041886113294,0.0140715390214755,0.734693877551021,0.078937235271467,0.130535232961108,0.0558336542164035,0.774239632561719,0.225760367438281,0.132785914761032,1,0,0,136.259581138867
7232,Zutphen,0,1.73112210882427,0,0.386944444444444,0.00026852558027832,0.000693964170137797,0.783922829581995,0.0591639871382636,0.12733118971061,0.0295819935691318,0,1,0.132785914761032,1,0,0,138.23973147442
7242,Lochem,0,1.10304478917788,0,0,0,0,0.798518518518519,0.0781481481481481,0.094074074074074,0.0292592592592592,0,1,0.132785914761032,1,0,0,138.24
7311,Apeldoorn,0,5.35419536641006,1189.1890427881,137.346589727976,5.30663761216094,0.038636835633641,0.791235544735241,0.0566037735849056,0.114627713532156,0.0375329681476973,0.867917654775757,0.132082345224243,0.132785914761032,1,0,0,132.933362387839
7312,Apeldoorn,0,3.77075224803769,1320.34505788768,131.328496097904,7.74841311912645,0.0590002425166743,0.803765690376569,0.0606694560669456,0.108786610878661,0.0267782426778242,0.70364041836575,0.29635958163425,0.132785914761032,1,0,0,130.491586880874
7314,Apeldoorn,0,3.66416556962933,1197.66605341241,123.580639130381,5.00663755123218,0.0405131223342358,0.758257819351068,0.0602163110201695,0.130955860859397,0.0505700087693656,0.87774148115663,0.12225851884337,0.132785914761032,1,0,0,133.233362448768
7315,Apeldoorn,0,2.35407072267589,1233.28669872074,129.630572250037,5.66396587948715,0.0436931333494559,0.735818476499191,0.0623987034035656,0.141004862236628,0.0607779578606158,0.581069002743428,0.418930997256572,0.132785914761032,1,0,0,132.576034120513
7316,Apeldoorn,0,2.46944506091164,947.991715082711,121.780358314516,9.6260751299725,0.0790445623842863,0.737874097007225,0.0581355349157206,0.14344685242518,0.0605435156518747,0.682282155717801,0.317717844282199,0.132785914761032,1,0,0,128.613924870028
7317,Apeldoorn,0,1.84384156388065,792.33233523567,122.431673309743,27.0697196385566,0.221100626224982,0.510989010989012,0.214285714285714,0.181318681318681,0.0934065934065934,0.665132949512817,0.334867050487183,0.132785914761032,1,0,0,111.170280361443
7321,Apeldoorn,0,2.47079381223901,1116.05857726904,128.404034798215,8.37788965208541,0.0652463114983196,0.73050345508391,0.0644948996380388,0.148404080289568,0.056597564988483,0.680705563067743,0.319294436932257,0.132785914761032,1,0,0,129.862110347915
7322,Apeldoorn,0,2.73823945550602,964.828958510936,122.122497303564,5.30948407996261,0.0434767073814798,0.79307892865608,0.0566484949040056,0.122303863474757,0.0279687129651576,0.592253039955971,0.407746960044029,0.132785914761032,1,0,0,132.930515920037
7323,Apeldoorn,0,3.11130423522744,981.59677683549,116.922735898062,1.787039897325,0.0152839384367726,0.778861500266005,0.0599397056215641,0.121830111721936,0.0393686823904947,0.327023949058442,0.672976050941558,0.132785914761032,1,0,0,136.452960102675
7325,Apeldoorn,0,3.75480683058421,1174.19897623868,135.249654044435,4.71748559788808,0.0348798348596011,0.735970721505751,0.0630881840362495,0.138550017427675,0.0623910770303241,0.319748377211651,0.680251622788349,0.132785914761032,1,0,0,133.522514402112
7326,Apeldoorn,0,2.57780107718578,470.326080503041,99.627003720722,2.88892451977788,0.0289974044374176,0.823240589198037,0.044423661444938,0.109890109890109,0.022445639466916,1,0,0.132785914761032,1,0,0,135.351075480222
7327,Apeldoorn,0,2.07731966248418,615.290542756181,93.3861569978133,4.76800877617063,0.0510569117463767,0.821653543307087,0.0590551181102362,0.0929133858267716,0.0263779527559055,0.834776744426362,0.165223255573638,0.132785914761032,1,0,0,133.471991223829
7328,Apeldoorn,0,4.27146550352538,1252.76980983932,131.926578442822,7.6458233157444,0.0579551399421623,0.7946117274168,0.0729001584786053,0.100475435816164,0.032012678288431,0.580012683927736,0.419987316072264,0.132785914761032,1,0,0,130.594176684256
7329,Apeldoorn,0,3.01700311727535,590.242337629874,92.8124510126963,11.0931030111158,0.11952171168929,0.822362488728584,0.0513976555455365,0.0973850315599639,0.0288548241659152,1,0,0.132785914761032,1,0,0,127.146896988884
7331,Apeldoorn,0,5.02812941588967,1502.01549628157,153.184832660315,12.635673906142,0.0824864556542712,0.841390331602078,0.0577307231322413,0.0761086695964842,0.0247702756691969,0.524070428572874,0.475929571427126,0.132785914761032,1,0,0,125.604326093858
7332,Apeldoorn,0,0.951022002867651,1282.5609737145,139.395802163682,41.1000560662416,0.294844288194425,0.364919354838711,0.0473790322580645,0.415322580645161,0.172379032258064,0.517122322526051,0.482877677473949,0.132785914761032,1,0,0,97.1399439337584
7333,Apeldoorn,0,2.58436815275861,797.836647890831,94.1233861842571,3.89458534889272,0.0413774462094748,0.818693341669272,0.0484526414504532,0.103782432010003,0.0290715848702719,0.518561692194094,0.481438307805906,0.132785914761032,1,0,0,134.345414651107
7334,Apeldoorn,0,2.13102409013511,886.452067880949,86.2710506834021,4.97645419231673,0.0576839409384191,0.755659640905543,0.0686963309914129,0.115534738485558,0.0601092896174863,0.489858332059611,0.510141667940389,0.132785914761032,1,0,0,133.263545807683
7335,Apeldoorn,0,3.50094578817276,1663.64284382369,134.419843468702,12.424574134203,0.0924311010457018,0.790290620871863,0.0640686922060766,0.0980845442536327,0.047556142668428,0.238115970084045,0.761884029915955,0.132785914761032,1,0,0,125.815425865797
7336,Apeldoorn,0,1.57421630242187,1813.74014455064,141.28882476105,51.4603619717522,0.364221034882149,0.619354838709678,0.14516129032258,0.161290322580645,0.0741935483870967,0.161253153614428,0.838746846385572,0.132785914761032,1,0,0,86.7796380282478
7391,Voorst,0,1.95921496858296,498.674216613071,75.5371813922579,3.28893980366141,0.0435406741824564,0.78148268047912,0.0684687601165425,0.110715441890579,0.0393331175137584,1,0,0.132785914761032,1,0,0,134.951060196339
7411,Deventer,0,7.2851073538876,1510.64112810876,180.908060373362,5.98158994316457,0.0330642533606277,0.764972776769511,0.0783424077434966,0.105565638233514,0.0511191772534785,0.605594641675931,0.394405358324069,0.132785914761032,1,0,0,132.258410056835
7412,Deventer,0,6.5523901893889,1343.7149445483,154.51503584112,4.35480337637137,0.0281836868021647,0.835817888799356,0.0648670427074939,0.08058017727639,0.0187348912167606,0.594821446013799,0.405178553986202,0.132785914761032,1,0,0,133.885196623629
7413,Deventer,0,6.11542606225467,1508.98647062597,176.67257183244,10.0575765961733,0.0569277760087858,0.797765793528506,0.0970724191063174,0.0866718027734976,0.0184899845916795,0.598882208052057,0.401117791947943,0.132785914761032,1,0,0,128.182423403827
7414,Deventer,0,3.07684079948811,1303.43457691905,124.052794397961,4.32135776555675,0.034834828078873,0.809567198177677,0.0596810933940774,0.104783599088838,0.0259681093394077,0.386563827364819,0.613436172635181,0.132785914761032,1,0,0,133.918642234443
7415,Deventer,0,5.94414307414735,1522.56960077409,163.40445508463,4.63878544258224,0.0283883657895357,0.806667981850464,0.0652988755178536,0.0992306174787926,0.0288025251528901,0.594384482993068,0.405615517006933,0.132785914761032,1,0,0,133.601214557418
7416,Deventer,0,4.04768475788192,1680.48322389203,178.999532786356,7.27049789667772,0.0406174127021627,0.79601593625498,0.0828685258964143,0.0804780876494023,0.0406374501992031,0.477627749255898,0.522372250744102,0.132785914761032,1,0,0,130.969502103322
7417,Deventer,0,7.24201750448273,1575.43035101638,182.440807984145,7.54025255275906,0.041329857262057,0.823051948051948,0.0844155844155844,0.079004329004329,0.0135281385281385,0.544024496059697,0.455975503940303,0.132785914761032,1,0,0,130.699747447241
7419,Deventer,0,2.2660730860688,1388.53741084075,171.709328543853,24.7275615737221,0.144008259675926,0.840447154471545,0.0599593495934959,0.0772357723577235,0.0223577235772357,0.683850255188052,0.316149744811948,0.132785914761032,1,0,0,113.512438426278
7421,Deventer,0,2.03125003907205,1336.66666666666,78.1750231481481,2.77057730746568,0.0354406969885408,0.7286470143613,0.0578231292517006,0.164021164021164,0.0495086923658352,0,1,0.132785914761032,1,0,0,135.469422692534
7422,Deventer,0,2.35983088805724,1336.66666666666,78.1750231481481,1.86797869197873,0.0238948274877867,0.802292263610315,0.0659025787965616,0.110792741165234,0.0210124164278892,0,1,0.132785914761032,1,0,0,136.372021308021
7423,Deventer,0,3.36331024182427,1336.66666666666,78.1750231481481,0.834744643179687,0.0106778944164529,0.811276429130776,0.0649960845732184,0.102975724353954,0.0207517619420516,0,1,0.132785914761032,1,0,0,137.40525535682
7424,Deventer,0,2.98271893448406,0,0,0,0,0.7345,0.0795,0.137,0.049,0,1,0.132785914761032,1,0,0,138.24
7425,Deventer,0,2.69752194488625,1336.66666666666,78.1750231481481,0.00709180669291075,9.07170398846086e-05,0.716709807305149,0.0762151279838941,0.144377336784584,0.0626977279263733,0,1,0.132785914761032,1,0,0,138.232908193307
7429,Deventer,0,1.49562282424114,1336.66666666666,78.1750231481481,3.22986486866379,0.0413158159549621,0.741197183098592,0.0774647887323943,0.13556338028169,0.0457746478873239,0,1,0.132785914761032,1,0,0,135.010135131336
7441,Hellendoorn,0,0.896372232327605,439.597001918949,41.6802562104896,3.16845231453111,0.0760180623298018,0.709654435340221,0.093338083363021,0.150694691841824,0.046312789454934,1,0,0.132785914761032,1,0,0,135.071547685469
7442,Hellendoorn,0,0.894703705325148,488.322061514385,48.3126098996331,2.39448621077715,0.0495623444014217,0.745104232469995,0.0557485786481364,0.158875552747946,0.0402716361339229,1,0,0.132785914761032,1,0,0,135.845513789223
7461,Rijssen-Holten,0,0.867054624757623,0,0,0,0,0.705394892609505,0.0602063250465077,0.177574835109081,0.0568239472349061,0,1,0.132785914761032,1,0,0,138.24
7462,Rijssen-Holten,0,1.07950639942365,0,0,0,0,0.811397779229263,0.0589483997387328,0.104180274330502,0.0254735467015022,0,1,0.132785914761032,1,0,0,138.24
7481,Haaksbergen,0,0.844151342518136,0,0,0,0,0.801466911151859,0.0725120853475579,0.100850141690281,0.0251708618103017,0,1,0.132785914761032,1,0,0,138.24
7482,Haaksbergen,0,0.695018016305481,0,0,0,0,0.795308427454388,0.0740225890529974,0.103735881841876,0.0269331016507384,0,1,0.132785914761032,1,0,0,138.24
7483,Haaksbergen,0,0.838551594467796,0,0,0,0,0.721474546518433,0.07489760093622,0.159157401989467,0.0444704505558806,0,1,0.132785914761032,1,0,0,138.24
7511,Enschede,0,6.90615141621215,1326.5367775236,141.547185973371,5.03143921945858,0.0355460208188464,0.815288827395366,0.0432376340366655,0.104462123832583,0.0370114147353856,0.722045870171808,0.277954129828192,0.132785914761032,1,0,0,133.208560780541
7512,Enschede,0,5.01097404647434,1146.37296183374,122.527106044151,3.90358752711431,0.0318589710729616,0.813343617431547,0.0570767450829155,0.102969533359043,0.0266101041264944,0.689518620141851,0.310481379858149,0.132785914761032,1,0,0,134.336412472886
7513,Enschede,0,4.39298813536788,1334.68415057802,135.310960628446,7.23986291839103,0.0535053692972528,0.765725606736009,0.0579494799405646,0.13075780089153,0.0455671124318969,0.859508221759265,0.140491778240735,0.132785914761032,1,0,0,131.000137081609
7514,Enschede,0,4.78337913445053,1501.54636681647,162.947151585854,8.75680061228703,0.0537401269495234,0.751824817518249,0.0708458565908115,0.132674967797337,0.0446543580936024,0.876536834714039,0.123463165285961,0.132785914761032,1,0,0,129.483199387713
7521,Enschede,0,5.49593851024897,1128.388509214,116.34047157821,2.31437240784161,0.0198930980461582,0.839182094501244,0.0547112462006078,0.081237911025145,0.0248687482730035,1,0,0.132785914761032,1,0,0,135.925627592158
7522,Enschede,0,7.46497302212695,1081.78023050454,131.212388412308,3.93991747970149,0.0300270235712889,0.758414997869621,0.0805283340434597,0.121431614827439,0.0396250532594801,1,0,0.132785914761032,1,0,0,134.300082520299
7523,Enschede,0,4.63153449731105,1160.37692948183,146.995537509611,5.56131141777772,0.0378331989664251,0.82092015679802,0.0521972354033422,0.102125025789147,0.0247575820094904,0.948649696178942,0.0513503038210585,0.132785914761032,1,0,0,132.678688582222
7531,Enschede,0,3.27060743656886,816.381156162258,117.608424812961,6.70191636865628,0.0569850023866462,0.801220806794056,0.0544055201698513,0.122876857749469,0.0214968152866242,0.52249679755875,0.47750320244125,0.132785914761032,1,0,0,131.538083631344
7533,Enschede,0,4.06664976713199,976.603837864809,131.196974856228,5.39942939481464,0.0411551363949633,0.836538461538462,0.0521255060728744,0.0931174089068826,0.0182186234817813,0.335305226576328,0.664694773423672,0.132785914761032,1,0,0,132.840570605185
7534,Enschede,0,3.48567913434479,584.710782156023,93.1947084030974,3.41439527489628,0.0366372225784313,0.806874255572572,0.0571720265441551,0.1107708014293,0.0251829164539731,1,0,0.132785914761032,1,0,0,134.825604725104
7535,Enschede,0,2.07665472112359,829.89669276432,117.277316664494,9.03312603008996,0.0770236418005014,0.801757276221857,0.0494233937397034,0.120263591433278,0.0285557386051619,0.633144269326214,0.366855730673786,0.132785914761032,1,0,0,129.20687396991
7541,Enschede,0,2.21202953859717,999.958593110572,115.163315869615,16.5227379373147,0.14347223169591,0.80635838150289,0.0570809248554913,0.0946531791907514,0.041907514450867,0.649530323442099,0.350469676557901,0.132785914761032,1,0,0,121.717262062685
7542,Enschede,0,3.2856260709633,568.005052028216,91.7735803678994,4.01059524369798,0.0437009782948471,0.813385655112275,0.0499236974057118,0.11794201002834,0.0187486374536734,1,0,0.132785914761032,1,0,0,134.229404756302
7543,Enschede,0,3.47135543697017,723.622230544109,107.264775987818,3.19231333148195,0.029761059043693,0.738664987405542,0.0664357682619647,0.144836272040302,0.0500629722921914,0.539003481867865,0.460996518132135,0.132785914761032,1,0,0,135.047686668518
7544,Enschede,0,2.23712200634818,340.944625944362,44.246657527595,1.80557391324176,0.0408070126453211,0.832115603182335,0.0522812144828706,0.0975807761000162,0.0180224062347783,1,0,0.132785914761032,1,0,0,136.434426086758
7545,Enschede,0,4.57667723727213,642.958313337784,85.0258019666761,2.43355690141174,0.0286213930962453,0.82581287325813,0.0512607830126078,0.101857996018579,0.0210683477106834,0.999153147857148,0.000846852142852295,0.132785914761032,1,0,0,135.806443098588
7546,Enschede,0,2.00923480871946,229.851731464416,29.1213391680373,1.41994936824581,0.0487597551765168,0.784472201812394,0.0604947342640215,0.125397991672789,0.0296350722507959,1,0,0.132785914761032,1,0,0,136.820050631754
7551,Hengelo,0,6.69704400803468,1114.96754506852,160.996021180297,5.41632655502494,0.0336426112603073,0.793878527020565,0.0612147297943567,0.108560497369679,0.0363462458153993,0.829143009351948,0.170856990648052,0.132785914761032,1,0,0,132.823673444975
7552,Hengelo,0,4.7922148183185,953.169261705635,169.066004484574,3.22141799325293,0.0190542031384368,0.821276595744681,0.055705996131528,0.0967117988394584,0.0263056092843326,0.893932287603671,0.106067712396329,0.132785914761032,1,0,0,135.018582006747
7553,Hengelo,0,6.8264293287308,1380.16189177295,184.223250806069,10.6822690687117,0.0579854552667563,0.82064332247557,0.0631107491856677,0.0930374592833876,0.0232084690553745,0.388503831718392,0.611496168281608,0.132785914761032,1,0,0,127.557730931288
7555,Hengelo,0,3.24112253010074,717.017436088527,123.672120515393,8.93821735329227,0.0722735028399531,0.788998530338023,0.0583665756875918,0.117992861641822,0.0346420323325635,0.928285381470839,0.0717146185291612,0.132785914761032,1,0,0,129.301782646708
7556,Hengelo,0,4.04722237484362,841.882584192098,126.259296225641,7.20148324297834,0.0570372515787542,0.670012706480306,0.0520965692503176,0.164930114358322,0.112960609911054,1,0,0.132785914761032,1,0,0,131.038516757022
7557,Hengelo,0,6.32806307687008,874.626148018349,161.370999010551,4.40336155920303,0.0272871927806255,0.839556460737724,0.0568001810364335,0.0864448970355283,0.0171984611903145,1,0,0.132785914761032,1,0,0,133.836638440797
7558,Hengelo,0,3.59826769672407,784.5,160.939179884259,1.83257560170803,0.0113867586688707,0.796915167095117,0.0591259640102827,0.115852613538988,0.0281062553556126,1,0,0.132785914761032,1,0,0,136.407424398292
7571,Oldenzaal,0,3.77428340680057,156.353889145573,61.7931826651504,1.38287235763482,0.0223790440626506,0.779210925644917,0.0705614567526555,0.125189681335356,0.0250379362670713,0.342895599208946,0.657104400791054,0.132785914761032,1,0,0,136.857127642365
7572,Oldenzaal,0,1.65158684606619,156.858788558008,61.8471146546078,4.30426322575011,0.0695952147450653,0.818713450292398,0.068922305764411,0.0772765246449457,0.0350877192982456,0.407518550278375,0.592481449721625,0.132785914761032,1,0,0,133.93573677425
7573,Oldenzaal,0,1.01913949366141,155.843431969797,58.46348284194,7.04015271123555,0.120419659743315,0.701698513800425,0.0875796178343949,0.167197452229299,0.0435244161358811,0.285555609787407,0.714444390212593,0.132785914761032,1,0,0,131.199847288764
7576,Oldenzaal,0,1.9496515741241,153.100547405294,67.6184771347861,1.48562276140079,0.0219706628180852,0.810185185185186,0.0594729344729344,0.103632478632478,0.0267094017094017,0.894054461472441,0.105945538527559,0.132785914761032,1,0,0,136.754377238599
7577,Oldenzaal,0,2.36772622947485,186.776332915543,76.8346006946867,0.825408966135048,0.0107426726848615,0.744897959183674,0.0620408163265306,0.157755102040816,0.0353061224489795,0.707576642747687,0.292423357252313,0.132785914761032,1,0,0,137.414591033865
7581,Losser,0,0.866741118806153,0,0,0,0,0.781826900023975,0.0649724286741788,0.117957324382642,0.035243346919204,0,1,0.132785914761032,1,0,0,138.24
7582,Losser,0,0.861912865849331,0,0,0,0,0.782234957020058,0.075214899713467,0.115329512893982,0.0272206303724928,0,1,0.132785914761032,1,0,0,138.24
7601,Almelo,0,1.52697594848761,1451.25,188.824243912037,0.955698265686003,0.00506131122723421,0.832275309054461,0.0624791179418643,0.0885399264951553,0.0167056465085198,1,0,0.132785914761032,1,0,0,137.284301734314
7602,Almelo,0,0.974560106787711,1451.25,188.824243912037,9.84967195971829,0.0521631743660349,0.736321303841677,0.0750873108265424,0.142607683352735,0.0459837019790454,1,0,0.132785914761032,1,0,0,128.390328040282
7603,Almelo,0,1.33953896862085,0,0,0,0,0.763056092843327,0.0660863958736299,0.136363636363636,0.0344938749194068,0,1,0.132785914761032,1,0,0,138.24
7604,Almelo,0,1.1017925172421,1451.25,188.824243912037,14.9508167316117,0.0791784805905351,0.800316957210777,0.0570522979397781,0.123613312202852,0.0190174326465927,1,0,0.132785914761032,1,0,0,123.289183268388
7605,Almelo,0,1.72701630587739,1451.25,188.824243912037,33.8263160701697,0.179141805995672,0.851338873499539,0.0757156048014773,0.0526315789473684,0.0203139427516158,1,0,0.132785914761032,1,0,0,104.41368392983
7606,Almelo,0,1.67452091147258,1451.25,188.824243912037,0.0326307246891759,0.000172810037594414,0.852100247087893,0.0638898693963995,0.0744793505118249,0.0095305330038828,1,0,0.132785914761032,1,0,0,138.207369275311
7607,Almelo,0,1.69564057246718,1451.25,188.824243912037,4.45379508061306,0.0235869874987443,0.749143248800549,0.0571167466301119,0.131596984235777,0.0621430203335618,1,0,0.132785914761032,1,0,0,133.786204919387
7608,Almelo,0,1.01908929555174,0,0,0,0,0.795384018619085,0.0585725368502715,0.121993793638479,0.0240496508921644,0,1,0.132785914761032,1,0,0,138.24
7609,Almelo,0,0.837168082654674,0,0,0,0,0.736950109016289,0.0591253046043349,0.147364370911889,0.0565602154674875,0,1,0.132785914761032,1,0,0,138.24
7621,Borne,0,0.98174685119061,0,0,0,0,0.7821875,0.0684375,0.116875,0.0325,0,1,0.132785914761032,1,0,0,138.24
7622,Borne,0,1.12316909017581,0,0,0,0,0.765851223165253,0.0696455317024463,0.116325511732401,0.0481777333999001,0,1,0.132785914761032,1,0,0,138.24
7623,Borne,0,1.33815603630532,0,0,0,0,0.718779342723005,0.0582159624413145,0.169483568075117,0.0535211267605633,0,1,0.132785914761032,1,0,0,138.24
7811,Emmen,0,1.45243304330438,867.527480418588,187.583092866635,12.198751128043,0.0650311866683841,0.748723989006675,0.0726344719277581,0.157832744405182,0.0208087946603847,1,0,0.132785914761032,1,0,0,126.041248871957
7812,Emmen,0,1.12123859599385,379.467398383873,86.9230908967573,7.89721604032328,0.0908529132920869,0.805944432479001,0.0747361619642472,0.0941201809175102,0.0251992246392418,1,0,0.132785914761032,1,0,0,130.342783959677
7815,Emmen,0,1.70856633573942,872.156654695464,182.754914416817,15.7487426960721,0.0861741132725616,0.816962667633201,0.0724900326205146,0.0974990938745922,0.0130482058716926,1,0,0.132785914761032,1,0,0,122.491257303928
7822,Emmen,0,1.04598265844496,883.696250464323,192.229356018229,20.4515814006955,0.10639156174854,0.721364221364222,0.0965250965250965,0.139639639639639,0.0424710424710424,1,0,0.132785914761032,1,0,0,117.788418599305
7823,Emmen,0,1.36724291553654,0,0,0,0,0.830438378825476,0.0675489385166804,0.086848635235732,0.0151640474221119,0,1,0.132785914761032,1,0,0,138.24
7824,Emmen,0,1.18842959619334,901.080574909295,223.922808336875,4.02033577769905,0.0179541146681706,0.82125,0.0803125,0.0834375,0.015,1,0,0.132785914761032,1,0,0,134.219664222301
7901,Hoogeveen,0,1.04911906946669,1021.17784160727,170.969798632485,24.5220600555506,0.143429191890569,0.735625370480143,0.0841730883224659,0.137522228808535,0.0426793123888559,1,0,0.132785914761032,1,0,0,113.717939944449
7902,Hoogeveen,0,1.55148496062926,948.578537221093,143.790679608547,4.17146225918902,0.0290106582050056,0.803386641580433,0.0954844778927563,0.0823142050799623,0.0188146754468485,1,0,0.132785914761032,1,0,0,134.068537740811
7904,Hoogeveen,0,1.27778035578102,121.5,41.8816666666666,0.202105586760548,0.00482563381178435,0.831683168316832,0.0853371051390853,0.0721357850070721,0.0108439415370108,1,0,0.132785914761032,1,0,0,138.037894413239
7905,Hoogeveen,0,1.06784878975256,230.56892420956,38.3240272168585,1.27430530341637,0.0332508192890492,0.761049723756906,0.0985267034990791,0.113720073664825,0.0267034990791896,1,0,0.132785914761032,1,0,0,136.965694696584
7906,Hoogeveen,0,1.62689339149651,374.540675847982,34.7083687122519,2.24942400907078,0.0648092691338945,0.850437828371279,0.0700525394045534,0.0683012259194395,0.0112084063047285,1,0,0.132785914761032,1,0,0,135.990575990929
7907,Hoogeveen,0,1.11445961072533,429.76803805218,33.3214071759216,0.798172484023686,0.0239537448046448,0.808274470232089,0.0887991927346115,0.0817356205852674,0.0211907164480322,1,0,0.132785914761032,1,0,0,137.441827515976
7908,Hoogeveen,0,1.16187922128136,0,0,0,0,0.742091551916637,0.0934127279493859,0.132117603275027,0.0323781168589505,0,1,0.132785914761032,1,0,0,138.24
7909,Hoogeveen,0,1.18456536549383,1027.3,174.408137499999,0,0,0.734230445752734,0.0950378469301934,0.134566862910008,0.0361648444070647,1,0,0.132785914761032,1,0,0,138.24
7941,Meppel,0,1.68823113977445,1779.20833333333,220.08429537037,5.01454474769413,0.0227846550307253,0.741286057692308,0.0970552884615384,0.123197115384615,0.0384615384615384,1,0,0.132785914761032,1,0,0,133.225455252306
7942,Meppel,0,1.54788087332801,1779.20833333333,220.08429537037,0.65486211924128,0.0029755058994066,0.783689072953171,0.101306148454921,0.084740363172985,0.0302644154189232,1,0,0.132785914761032,1,0,0,137.585137880759
7944,Meppel,0,1.17944572861417,1779.20833333333,220.08429537037,7.69863186380609,0.0349803780903604,0.748571428571429,0.0953846153846153,0.118241758241758,0.0378021978021978,1,0,0.132785914761032,1,0,0,130.541368136194
8011,Zwolle,0,6.06224321037295,1548.80664079212,154.785355117023,6.26929817559247,0.0405031740299505,0.747094801223242,0.0840978593272171,0.120489296636085,0.0483180428134556,0.651373850915575,0.348626149084425,0.132785914761032,1,0,0,131.970701824408
8012,Zwolle,0,6.58800799734421,1609.6814167336,153.586422664802,5.56618188543802,0.0362413668399976,0.789719626168225,0.101529311809685,0.0819881053525913,0.0267629566694987,0.604753039469614,0.395246960530386,0.132785914761032,1,0,0,132.673818114562
8013,Zwolle,0,1.76885557832999,1494.32788593731,111.831589926802,8.35767389864397,0.0747344637066716,0.576650503543456,0.0876538604998135,0.215964192465497,0.119731443491234,0.711695646873134,0.288304353126866,0.132785914761032,1,0,0,129.882326101356
8014,Zwolle,0,4.0448761885421,1156.87381298692,86.4212620099193,2.61365791528135,0.0302432278179571,0.775248344370862,0.0774006622516556,0.120033112582781,0.0273178807947019,0.699537007150868,0.300462992849132,0.132785914761032,1,0,0,135.626342084719
8016,Zwolle,0,2.86452327563885,1010.69686644942,88.1283072872487,2.80072081633464,0.0317800364326285,0.738451736221728,0.0745460337687161,0.145587766804714,0.0414144632048423,0.66388262889008,0.33611737110992,0.132785914761032,1,0,0,135.439279183665
8017,Zwolle,0,2.58518832047725,1620.78291898049,164.677358297168,20.6693790703546,0.125514395446251,0.710013908205843,0.0956189151599443,0.144297635605006,0.0500695410292072,0.506843225641363,0.493156774358637,0.132785914761032,1,0,0,117.570620929645
8021,Zwolle,0,6.37954615572782,1434.83167367986,137.70092053986,4.54135021113319,0.032979810108231,0.788518155053975,0.0839057899901864,0.092737978410206,0.0348380765456329,0.777485763372997,0.222514236627003,0.132785914761032,1,0,0,133.698649788867
8022,Zwolle,0,6.63883959270172,1479.06386116778,129.451347955571,4.22614768553964,0.0326466101147908,0.825348696179503,0.0855063674954517,0.0739842328684051,0.0151607034566403,0.599312450666719,0.400687549333281,0.132785914761032,1,0,0,134.01385231446
8023,Zwolle,0,7.49460979512525,1509.7410232823,132.065169212419,2.55026406883772,0.0193106485536377,0.770862800565771,0.090994813767091,0.113154172560113,0.0249882131070249,0.489489743383247,0.510510256616753,0.132785914761032,1,0,0,135.689735931162
8025,Zwolle,0,4.29123781186995,1525.80468842006,124.703412710854,6.14767893907256,0.049298401747248,0.724747474747476,0.0744949494949495,0.128787878787878,0.0719696969696969,0.36899634079991,0.63100365920009,0.132785914761032,1,0,0,132.092321060927
8031,Zwolle,0,4.6490104649255,1455.38872933808,122.721506440516,3.60017981590796,0.0293361768473156,0.816531695057247,0.0812622172577492,0.0795867076235688,0.0226193800614353,0.690951727587507,0.309048272412493,0.132785914761032,1,0,0,134.639820184092
8032,Zwolle,0,3.25274302731352,1185.48055195689,106.999860829772,3.43160044932616,0.0320710739501386,0.781035393555204,0.0792393026941363,0.11648177496038,0.0232435287902799,0.576189175556929,0.423810824443071,0.132785914761032,1,0,0,134.808399550674
8033,Zwolle,0,2.24102056486875,1096.97419888296,92.5493803014531,2.09210033555822,0.0226052333224037,0.778021978021978,0.0835164835164835,0.114285714285714,0.0241758241758241,0.253390655497825,0.746609344502175,0.132785914761032,1,0,0,136.147899664442
8042,Zwolle,0,1.92649406954974,2039.62128497796,142.602967041135,3.91876641707299,0.0274802586396578,0.717745136959111,0.113934100833664,0.117109964271536,0.0512107979356887,0.432149316873606,0.567850683126394,0.132785914761032,1,0,0,134.321233582927
8043,Zwolle,0,5.0916368824291,1875.79576280235,147.207516606017,4.27665503304289,0.0290518794939584,0.714091987795232,0.0869024748559159,0.146005198327494,0.0530003390213583,0.430690342565872,0.569309657434128,0.132785914761032,1,0,0,133.963344966957
8071,Nunspeet,0,2.21243914990234,876.147912586337,79.1142225965087,4.51419906802455,0.0570592608998697,0.767523364485982,0.0757885514018691,0.123685747663551,0.0330023364485981,0,1,0.132785914761032,1,0,0,133.725800931975
8072,Nunspeet,0,3.21885972101433,896.544167652895,80.9210280741179,2.19332432337097,0.0271045039289669,0.795891493284173,0.0729523307874637,0.102185936265472,0.0289702396628917,0,1,0.132785914761032,1,0,0,136.046675676629
8101,Raalte,0,2.47700203931627,150.27977913344,58.1462859968708,27.4880001465066,0.472738708504716,0.784412955465587,0.0809716599190283,0.101889338731444,0.0327260458839406,1,0,0.132785914761032,1,0,0,110.751999853493
8102,Raalte,0,1.20418180250764,151.964333960668,58.7034332028457,3.18147205107509,0.0541956726803649,0.672789896670495,0.143972445464982,0.115499425947187,0.0677382319173364,1,0,0.132785914761032,1,0,0,135.058527948925
8223,Lelystad,0,4.89380206932664,1299.33333333333,181.732407407407,0.136917934033596,0.000753404062527242,0.792221084953941,0.101330603889457,0.0798362333674513,0.0266120777891504,1,0,0.132785914761032,1,0,0,138.103082065966
8224,Lelystad,0,5.39904531608485,1436.00899195044,177.992261910531,7.02554793572443,0.0394710863287746,0.772103415256943,0.0880944781359719,0.105330354293009,0.0344717523140759,1,0,0.132785914761032,1,0,0,131.214452064276
8225,Lelystad,0,5.67329933739596,1373.06689177689,153.756644024181,4.81733717285763,0.031330920386764,0.78726074678381,0.0731095073737056,0.10542830247882,0.0342014433636648,1,0,0.132785914761032,1,0,0,133.422662827142
8226,Lelystad,0,4.76977464967907,1316.83333333333,131.652919444444,1.60685244317032,0.0122052169443033,0.734202607823471,0.0802407221664995,0.12963891675025,0.0559177532597793,1,0,0.132785914761032,1,0,0,136.63314755683
8231,Lelystad,0,4.07195991179224,1601.94777812173,173.040343400984,2.94033057107257,0.0169921679146174,0.795401220084468,0.0713280150164242,0.102299389957766,0.030971374941342,1,0,0.132785914761032,1,0,0,135.299669428927
8232,Lelystad,0,5.08049594815939,1660.91582470731,178.53668312423,5.68607856639469,0.031848236826704,0.765174129353235,0.0623548922056384,0.128358208955223,0.0441127694859038,1,0,0.132785914761032,1,0,0,132.553921433605
8233,Lelystad,0,2.90033387901364,1518.60488376711,166.671570161934,0,0,0.668032786885246,0.0881147540983606,0.176229508196721,0.0676229508196721,1,0,0.132785914761032,1,0,0,138.24
8242,Lelystad,0,3.76691915501768,1570.63441559504,134.418137271199,0.419596822237603,0.00312157890858905,0.715206185567011,0.0766752577319587,0.147873711340206,0.0602448453608247,1,0,0.132785914761032,1,0,0,137.820403177762
8243,Lelystad,0,3.67861775029228,1672.59309062912,158.622010444728,4.77854429365559,0.0301253544842737,0.738143862037668,0.0780576355797594,0.130701157249829,0.0530973451327433,1,0,0.132785914761032,1,0,0,133.461455706344
8251,Dronten,0,1.09523741564812,0,0,0,0,0.729525011835254,0.100205144390089,0.119772763137131,0.0504970806375256,0,1,0.132785914761032,1,0,0,138.24
8254,Dronten,0,1.21891073672255,0,0,0,0,0.736607142857144,0.0758928571428571,0.158482142857142,0.0290178571428571,0,1,0.132785914761032,1,0,0,138.24
8261,Kampen,0,7.05976734709717,431.76722068431,43.2664876933641,0.726096939667487,0.0167819709520551,0.795200661977658,0.0864708316094331,0.083160943318163,0.0351675630947455,1,0,0.132785914761032,1,0,0,137.513903060333
8262,Kampen,0,5.15310948918197,468.098780259169,43.3225818350941,1.5543294088973,0.0358780419600521,0.827961165048544,0.0664077669902912,0.0823300970873786,0.0233009708737864,1,0,0.132785914761032,1,0,0,136.685670591103
8264,Kampen,0,2.83112253622158,432.22801882695,45.8321380547116,0,0,0.773109243697479,0.0525210084033613,0.144957983193277,0.0294117647058823,1,0,0.132785914761032,1,0,0,138.24
8265,Kampen,0,1.90345619170151,406.66512733397,35.0206996649124,2.07964438621852,0.0593832906286031,0.794165580182529,0.0748044328552803,0.105606258148631,0.0254237288135593,1,0,0.132785914761032,1,0,0,136.160355613782
8266,Kampen,0,3.87865758687054,423.720795465426,36.4698243306699,0.663497712513591,0.0181930602817741,0.748314606741574,0.0889245585874799,0.115248796147672,0.0475120385232744,1,0,0.132785914761032,1,0,0,137.576502287486
8271,Kampen,0,2.99315238641376,415.114340211474,44.6677500644367,0.910108001774518,0.0203750580779559,0.770088896635873,0.0868049503224681,0.11016210563012,0.0329440474115391,1,0,0.132785914761032,1,0,0,137.329891998226
8301,Noordoostpolder,0,1.26416908071438,0,0,0,0,0.816666666666667,0.08125,0.084375,0.0177083333333333,0,1,0.132785914761032,1,0,0,138.24
8302,Noordoostpolder,0,1.03763297663325,0,0,0,0,0.699038947900861,0.110942505479683,0.138256617771033,0.0517619288484235,0,1,0.132785914761032,1,0,0,138.24
8303,Noordoostpolder,0,1.33971582455575,0,0,0,0,0.78688524590164,0.104594781805587,0.0865850842761487,0.0219348880166243,0,1,0.132785914761032,1,0,0,138.24
8321,Urk,0,0.971455464617162,0,0,0,0,0.674100449775113,0.0892053973013493,0.208958020989505,0.0277361319340329,0,1,0.132785914761032,1,0,0,138.24
8322,Urk,0,1.42192595907414,0,0,0,0,0.681489927784113,0.0577727099961991,0.22690992018244,0.0338274420372481,0,1,0.132785914761032,1,0,0,138.24
8331,Steenwijkerland,0,1.15061914921719,553,102.124088055555,4.49938776223954,0.0440580459312586,0.774356811471953,0.102277520033741,0.0991142977646562,0.0242513707296499,1,0,0.132785914761032,1,0,0,133.74061223776
8441,Heerenveen,0,4.84210738661785,1242.33333333333,194.314804791666,24.3562799778039,0.12534443787707,0.672699268386601,0.175972275702733,0.0862533692722372,0.0650750866384289,1,0,0.132785914761032,1,0,0,113.883720022196
8442,Heerenveen,0,5.60263101756396,1242.33333333333,194.314804791666,3.60068721417518,0.0185301743633772,0.814620355411955,0.0916801292407108,0.0763327948303715,0.0173667205169628,1,0,0.132785914761032,1,0,0,134.639312785825
8443,Heerenveen,0,2.80704107765956,0,0,0,0,0.781804163454126,0.111796453353893,0.0886661526599845,0.0177332305319969,0,1,0.132785914761032,1,0,0,138.24
8446,Heerenveen,0,3.41425582784293,1242.33333333333,194.314804791666,13.2035780961077,0.0679494190381628,0.78061063896758,0.106389675794774,0.0837267862763613,0.0292728989612842,1,0,0.132785914761032,1,0,0,125.036421903892
8447,Heerenveen,0,2.54176501163048,1242.33333333333,194.314804791666,32.9309713412981,0.169472271434001,0.704983012457532,0.106455266138165,0.140996602491506,0.0475651189127972,1,0,0.132785914761032,1,0,0,105.309028658702
8471,Weststellingwerf,0,0.91596722017801,589.416666666666,103.660185185185,8.81022546072006,0.0849914115528631,0.791799787007455,0.117678381256656,0.0688675896343627,0.0216542421015264,1,0,0.132785914761032,1,0,0,129.42977453928
8501,De Fryske Marren,0,1.00268484655515,0,0,0,0,0.760492332526231,0.130750605326876,0.0807102502017756,0.028046811945117,0,1,0.132785914761032,1,0,0,138.24
8601,SÃºdwest-FryslÃ¢n,0,1.10600090817036,852.114842130821,154.850251113371,9.91449356810617,0.064026331871089,0.626024096385543,0.119036144578313,0.186506024096385,0.068433734939759,1,0,0.132785914761032,1,0,0,128.325506431894
8602,SÃºdwest-FryslÃ¢n,0,1.65491274340557,851.962336088593,154.724440807787,16.5564150228356,0.107005815864628,0.788913773796194,0.0845464725643897,0.1013437849944,0.0251959686450168,1,0,0.132785914761032,1,0,0,121.683584977164
8603,SÃºdwest-FryslÃ¢n,0,1.35649286166955,846.987755823771,153.390426940272,2.24377422333037,0.0146278634728884,0.740477187107578,0.104646295521138,0.111343658434491,0.0435328589367936,1,0,0.132785914761032,1,0,0,135.99622577667
8604,SÃºdwest-FryslÃ¢n,0,0.948295608962897,0,0,0,0,0.686383485510125,0.11949186184994,0.128225486304088,0.0658991663358475,0,1,0.132785914761032,1,0,0,138.24
8605,SÃºdwest-FryslÃ¢n,0,1.57066926079283,0,0,0,0,0.78485576923077,0.0829326923076923,0.112980769230769,0.0192307692307692,0,1,0.132785914761032,1,0,0,138.24
8606,SÃºdwest-FryslÃ¢n,0,1.11646748202621,840.091939951381,151.541202782277,2.8672271441868,0.0189204460011197,0.736588720770289,0.125171939477304,0.0818431911966987,0.0563961485557083,1,0,0.132785914761032,1,0,0,135.372772855813
8607,SÃºdwest-FryslÃ¢n,0,1.31330559877946,849.141027430028,153.967861423255,2.29051851107192,0.0148766014536977,0.733255903987613,0.113433991482771,0.120402632597754,0.0329074719318621,1,0,0.132785914761032,1,0,0,135.949481488928
8608,SÃºdwest-FryslÃ¢n,0,1.40372808409735,852.1652773728,154.85463482168,8.68095891446492,0.056058760685215,0.819387755102041,0.0913265306122449,0.071938775510204,0.0173469387755102,1,0,0.132785914761032,1,0,0,129.559041085535
8701,SÃºdwest-FryslÃ¢n,0,1.03768237926924,0,0,0,0,0.776974416017798,0.105951056729699,0.0864849833147942,0.0305895439377085,0,1,0.132785914761032,1,0,0,138.24
8801,Waadhoeke,0,0.985432779022211,0,0,0,0,0.752875175315569,0.100701262272089,0.105750350631136,0.0406732117812061,0,1,0.132785914761032,1,0,0,138.24
8861,Harlingen,0,0.894935340063897,0,0,0,0,0.716718266253872,0.120743034055727,0.120123839009287,0.0424148606811145,0,1,0.132785914761032,1,0,0,138.24
8862,Harlingen,0,1.01944162036882,0,0,0,0,0.746155921230106,0.111950364175883,0.110871324521176,0.0310223900728351,0,1,0.132785914761032,1,0,0,138.24
8911,Leeuwarden,0,10.7421869569993,1428.6217521573,164.668698106561,4.88059801791397,0.0296388935725697,0.773212379935966,0.0944503735325506,0.0917822838847385,0.0405549626467449,0.94704787558583,0.0529521244141702,0.132785914761032,1,0,0,133.359401982086
8913,Leeuwarden,0,4.98067369636272,1113.36364700126,130.939268576136,12.9946678756609,0.0992419464150664,0.702149973780809,0.120083901415836,0.145778710015731,0.0319874147876245,0.860885504779519,0.139114495220481,0.132785914761032,1,0,0,125.245332124339
8914,Leeuwarden,0,1.83338633950904,278.772547305192,65.8603930238079,22.6940316455703,0.344577835078613,0.529002320185616,0.11368909512761,0.129930394431554,0.22737819025522,1,0,0.132785914761032,1,0,0,115.54596835443
8915,Leeuwarden,0,2.55050029718141,312.129993235488,70.4305206387226,5.92020739591568,0.084057413493842,0.819863680623174,0.0686465433300876,0.0993184031158714,0.0121713729308666,1,0,0.132785914761032,1,0,0,132.319792604084
8916,Leeuwarden,0,7.01193348700091,687.863476158294,102.797539303548,2.90798488609257,0.0282884678543293,0.81391830559758,0.0816944024205749,0.086232980332829,0.0181543116490166,1,0,0.132785914761032,1,0,0,135.332015113907
8917,Leeuwarden,0,4.51432329674739,1116.8183478773,139.234083128944,7.26681189569568,0.0521913293957337,0.751069289991446,0.0906757912745936,0.110350727117194,0.0479041916167664,1,0,0.132785914761032,1,0,0,130.973188104304
8918,Leeuwarden,0,4.64006331360401,1033.33941868034,131.612828770111,4.74505474765418,0.0360531324491353,0.843718079673136,0.0699693564862104,0.078140960163432,0.0081716036772216,1,0,0.132785914761032,1,0,0,133.494945252346
8919,Leeuwarden,0,2.31959600102588,270.839035489983,66.8817041548794,38.7388820850054,0.579214937395987,0.69889502762431,0.0939226519337016,0.149171270718232,0.0580110497237569,1,0,0.132785914761032,1,0,0,99.5011179149946
8921,Leeuwarden,0,7.70988879287041,1451.50193784784,169.775545163585,6.7763242939523,0.0399134297429177,0.838171710932675,0.0911056207535515,0.0583693638048177,0.0123533045089561,1,0,0.132785914761032,1,0,0,131.463675706048
8922,Leeuwarden,0,7.90047671376437,1437.60038058522,172.229837894894,4.61047542655494,0.0267693187365627,0.873252562907736,0.0736253494874184,0.0410065237651444,0.0121155638397017,1,0,0.132785914761032,1,0,0,133.629524573445
8923,Leeuwarden,0,4.3302582575788,1073.22757266578,140.947752200322,3.46786318886354,0.0246038914046308,0.793452844894778,0.0904130943102104,0.0849571317225253,0.0311769290724863,1,0,0.132785914761032,1,0,0,134.772136811136
8924,Leeuwarden,0,5.07130837645101,916.669956440273,120.851142384817,5.54114215241018,0.0458509704009743,0.853383458646617,0.0996240601503759,0.037593984962406,0.0093984962406015,1,0,0.132785914761032,1,0,0,132.69885784759
8925,Leeuwarden,0,2.28934176348711,379.851137028006,58.985528744592,3.93172641679302,0.0666557798238521,0.748717948717949,0.0702169625246548,0.138461538461538,0.0426035502958579,1,0,0.132785914761032,1,0,0,134.308273583207
8926,Leeuwarden,0,2.9779270234852,372.343783472565,57.976910946206,1.22549275069573,0.02113759996342,0.796538623891938,0.0886449978894048,0.0886449978894048,0.0261713803292528,1,0,0.132785914761032,1,0,0,137.014507249304
8931,Leeuwarden,0,7.98678933170683,1615.87837830504,168.259691607601,8.57444771996343,0.050959606772369,0.866187989556136,0.054177545691906,0.0724543080939947,0.0071801566579634,0.484226438259842,0.515773561740158,0.132785914761032,1,0,0,129.665552280037
8932,Leeuwarden,0,6.30292414692918,1579.06498554575,168.316841566119,6.75677655473625,0.0401431995269589,0.834965542256076,0.0812477330431628,0.0703663402248821,0.0134203844758795,0.765795304598855,0.234204695401145,0.132785914761032,1,0,0,131.483223445264
8933,Leeuwarden,0,7.31503430956937,1541.27979128712,174.549533174215,6.01348825463747,0.0344514714263687,0.798991354466859,0.111671469740634,0.0641210374639769,0.0252161383285302,0.997022342146692,0.00297765785330795,0.132785914761032,1,0,0,132.226511745363
8934,Leeuwarden,0,2.3688856137748,1481.27784254861,160.385193777918,15.2080952492729,0.0948223142737927,0.771498771498772,0.0945945945945946,0.104422604422604,0.0294840294840294,0.907160863778321,0.0928391362216793,0.132785914761032,1,0,0,123.031904750727
8935,Leeuwarden,0,3.8181240192445,1106.25492929807,132.350042979439,0.764066565442949,0.00577307379916491,0.792288989232373,0.0809308787773532,0.111149704758596,0.0156304272316776,0.672436916048247,0.327563083951753,0.132785914761032,1,0,0,137.475933434557
8936,Leeuwarden,0,3.22957340300167,1476.58641312399,132.480241452053,0,0,0.821229050279331,0.12290502793296,0.0558659217877094,0,1,0,0.132785914761032,1,0,0,138.24
8937,Leeuwarden,0,6.68129222659934,1373.60869158449,130.444205579658,8.66737163652733,0.0664450490384907,0.904306220095694,0.0956937799043062,0,0,1,0,0.132785914761032,1,0,0,129.572628363473
9083,Leeuwarden,0,1.83586920649863,1137.83333333333,160.820926319444,0,0,0.792079207920793,0.099009900990099,0.108910891089108,0,1,0,0.132785914761032,1,0,0,138.24
9101,Noardeast-FryslÃ¢n,0,1.02023163358998,0,0,0,0,0.786257833482543,0.113473589973142,0.0722918531781557,0.0279767233661593,0,1,0.132785914761032,1,0,0,138.24
9201,Smallingerland,0,3.18096244553635,733.047884832488,76.7494346363506,3.84731236102675,0.0501282176117107,0.500620732464309,0.0412787088764742,0.181771156631491,0.276329402027726,1,0,0.132785914761032,1,0,0,134.392687638973
9202,Smallingerland,0,4.46608041997004,906.285714285714,93.6688095238095,1.33794147369043,0.0142837458967635,0.823463373561606,0.100477126017401,0.0589390962671905,0.0171204041538029,1,0,0.132785914761032,1,0,0,136.90205852631
9203,Smallingerland,0,2.40023319270944,450.211219983146,82.6050340387479,9.94765344473221,0.120424300534348,0.788053097345133,0.0971238938053097,0.086504424778761,0.0283185840707964,1,0,0.132785914761032,1,0,0,128.292346555268
9204,Smallingerland,0,2.26652365638726,427.115151285108,113.735873158738,10.6104795898006,0.0932905273870088,0.728185512789866,0.112359550561797,0.114032990676547,0.0454219459717905,1,0,0.132785914761032,1,0,0,127.629520410199
9301,Noordenveld,0,0.814967108895847,0,0,0,0,0.784423044433181,0.0888663625612434,0.0961311032268964,0.0305794897786788,0,1,0.132785914761032,1,0,0,138.24
9401,Assen,0,5.02852406548465,1507.19222171716,201.879865599905,11.7752005786499,0.0583277611348651,0.741162722757815,0.0996202161846333,0.120654396728016,0.0385626643295355,0.978928237926901,0.0210717620730995,0.132785914761032,1,0,0,126.46479942135
9402,Assen,0,3.52015231852128,1386.04309176294,203.144224472383,6.73653317464266,0.0331613325071837,0.789937106918239,0.08,0.0943396226415094,0.0357232704402515,0.97006167693467,0.0299383230653301,0.132785914761032,1,0,0,131.503466825357
9403,Assen,0,2.32296524571146,1594.69670876742,214.515248860142,2.91688792288946,0.0135975784397089,0.664237245539082,0.141367177682834,0.140487559688363,0.053908017089721,0.903925985860832,0.0960740141391679,0.132785914761032,1,0,0,135.323112077111
9404,Assen,0,7.44658494958065,1636.27565107663,222.981073977212,15.7395384310989,0.0705868805381549,0.772114436040777,0.0841828345938836,0.109832292009207,0.0338704373561328,0.989269571123397,0.010730428876603,0.132785914761032,1,0,0,122.500461568901
9406,Assen,0,3.97339085410149,1374.78966900046,201.502677490347,5.44285437719617,0.0270113253331679,0.80911116613023,0.0824461500371379,0.0901213171577123,0.0183213666749195,0.995244190151607,0.00475580984839297,0.132785914761032,1,0,0,132.797145622804
9407,Assen,0,3.26565882130359,0,0,0,0,0.803300774671607,0.0761199056921522,0.0993600538901987,0.0212192657460424,0,1,0.132785914761032,1,0,0,138.24
9501,Stadskanaal,0,1.01146381431794,0,0,0,0,0.798499898641801,0.0756132171092641,0.103588080275694,0.0222988039732414,0,1,0.132785914761032,1,0,0,138.24
9601,Midden-Groningen,0,1.27827223578252,0,0,0,0,0.792496392496393,0.0816738816738816,0.107647907647907,0.0181818181818181,0,1,0.132785914761032,1,0,0,138.24
9602,Midden-Groningen,0,1.29593449460611,0,0,0,0,0.837648993012742,0.0696670776818742,0.0795314426633785,0.0131524866420057,0,1,0.132785914761032,1,0,0,138.24
9603,Midden-Groningen,0,0.805276202275206,0,0,0,0,0.72287315333673,0.0713194090677534,0.151299032093734,0.0545084055017829,0,1,0.132785914761032,1,0,0,138.24
9611,Midden-Groningen,0,1.02616972115244,0,0,0,0,0.775490433519012,0.0862194235892468,0.108016468878663,0.0302736740130782,0,1,0.132785914761032,1,0,0,138.24
9641,Veendam,0,0.877751881745996,0,0,0,0,0.744968458996696,0.0829077801141484,0.128266746770802,0.0438570141183538,0,1,0.132785914761032,1,0,0,138.24
9642,Veendam,0,1.01121978983162,0,0,0,0,0.809853307500693,0.0733462496540271,0.103791862717962,0.013008580127318,0,1,0.132785914761032,1,0,0,138.24
9645,Veendam,0,1.00510980625619,0,0,0,0,0.818523742360132,0.079924776680771,0.078044193700047,0.0235072872590503,0,1,0.132785914761032,1,0,0,138.24
9646,Veendam,0,0.722035134485042,0,0,0,0,0.692640692640694,0.0779220779220779,0.178932178932178,0.0505050505050505,0,1,0.132785914761032,1,0,0,138.24
9671,Oldambt,0,1.38452842315478,33.4606088373156,37.9196483654241,2.05140535524502,0.0540987441517398,0.803738317757009,0.0783266577659101,0.0996884735202492,0.0182465509568313,1,0,0.132785914761032,1,0,0,136.188594644755
9673,Oldambt,0,1.29968277185505,65.082653174421,16.2009389100973,0,0,0.826254826254826,0.0656370656370656,0.0895752895752895,0.0185328185328185,1,0,0.132785914761032,1,0,0,138.24
9674,Oldambt,0,1.0175060536793,24.2806660830979,70.6943429229584,0,0,0.815261044176707,0.072289156626506,0.0923694779116465,0.0200803212851405,1,0,0.132785914761032,1,0,0,138.24
9675,Oldambt,0,1.00934582728058,3.1750811016736,99.2423659521298,6.40548876326631,0.0645438941505691,0.797800338409476,0.0891144952058657,0.0939086294416243,0.0191765369430344,1,0,0.132785914761032,1,0,0,131.834511236734
9711,Groningen,0,11.0567559334587,1532.577495955,148.593053683785,3.33010362607861,0.0224108970340247,0.764099037138928,0.0859697386519945,0.114167812929848,0.0357634112792297,0.598689948680321,0.401310051319679,0.132785914761032,1,0,0,134.909896373921
9712,Groningen,0,9.42624584774568,1476.06152839524,144.775873645403,3.39507354146074,0.0234505477741148,0.735217163788593,0.0962846677132391,0.108320251177394,0.0601779173207744,0.557178001395803,0.442821998604197,0.132785914761032,1,0,0,134.844926458539
9713,Groningen,0,7.68061593786991,1431.6838058778,129.451889344464,3.63419495368493,0.0280737111840411,0.831551574689396,0.068477318694019,0.0794568043917942,0.0205143022247905,0.68146379702273,0.318536202977271,0.132785914761032,1,0,0,134.605805046315
9714,Groningen,0,9.15582196857961,1388.78588563031,131.080753869909,2.47729266169475,0.0188989808843588,0.824842986741103,0.0872295882763433,0.0655966503838101,0.0223307745987438,0.600187703241581,0.399812296758419,0.132785914761032,1,0,0,135.762707338305
9715,Groningen,0,9.08760950862756,1342.74894694061,127.777521467977,2.40643718249512,0.0188330244228302,0.83991462113127,0.0843116328708644,0.0592315901814301,0.0165421558164354,0.616037105216178,0.383962894783822,0.132785914761032,1,0,0,135.833562817505
9716,Groningen,0,7.70911197913961,1321.32466377641,122.346576195894,3.50510492422864,0.0286489825315298,0.852035749751738,0.0774577954319761,0.054617676266137,0.0158887785501489,0.667132857966002,0.332867142033998,0.132785914761032,1,0,0,134.734895075771
9717,Groningen,0,7.40536861323154,1338.91578430702,140.61749934957,3.88347250895187,0.0276172775573095,0.784084259801053,0.0947922761849034,0.0912814511410181,0.0298420128730251,0.58445332451582,0.41554667548418,0.132785914761032,1,0,0,134.356527491048
9718,Groningen,0,8.40396556388411,1300.40508645249,137.094517548478,2.9538326455351,0.0215459574777715,0.794025858225591,0.0873829692376281,0.0913954525189478,0.0271957200178332,0.599196489976754,0.400803510023246,0.132785914761032,1,0,0,135.286167354465
9721,Groningen,0,6.50219350841071,1305.87996677743,158.674610090512,5.5029591080816,0.0346807791425646,0.757313362976832,0.0788673063421483,0.121460332319213,0.0423589983618066,0.478488692715178,0.521511307284822,0.132785914761032,1,0,0,132.737040891918
9722,Groningen,0,8.0238021727655,1193.45385801859,146.212751630451,4.80877454121535,0.032888886144277,0.735481812380345,0.0861518825781748,0.132737715379706,0.045628589661774,0.386734378843971,0.613265621156029,0.132785914761032,1,0,0,133.431225458785
9723,Groningen,0,1.38419645182449,1344.63056791193,132.539421285695,7.99816244727574,0.0603455362162426,0.374718240014427,0.027364529798936,0.275809214678568,0.322108015508069,0.735695757710953,0.264304242289047,0.132785914761032,1,0,0,130.241837552724
9724,Groningen,0,8.67054544405059,1481.88508341917,149.855827504264,3.07030278345295,0.0204883776265931,0.821078431372549,0.082516339869281,0.0669934640522875,0.0294117647058823,0.649261220969413,0.350738779030587,0.132785914761032,1,0,0,135.169697216547
9725,Groningen,0,8.82942359349651,1452.03991137016,156.891842816289,4.72049995040476,0.0300876059944824,0.81445937300064,0.0748560460652591,0.0876519513755598,0.0230326295585412,0.620839779193333,0.379160220806667,0.132785914761032,1,0,0,133.519500049595
9726,Groningen,0,8.37391095382675,1364.84951969731,142.695855851421,4.99465689218806,0.0350021159506457,0.804597701149425,0.0804597701149425,0.0708812260536398,0.0440613026819923,0.60715623412586,0.392843765874141,0.132785914761032,1,0,0,133.245343107812
9727,Groningen,0,6.46131055522621,1303.34538508076,140.496040114774,6.32488253053094,0.0450182263170123,0.734104046242776,0.113198458574181,0.118015414258188,0.0346820809248554,0.70838564168214,0.29161435831786,0.132785914761032,1,0,0,131.915117469469
9728,Groningen,0,3.60792634983213,1243.56041159458,122.95625126528,4.67065940905723,0.0379863517388816,0.77029239766082,0.0807017543859649,0.11391812865497,0.0350877192982456,0.506610790936476,0.493389209063524,0.132785914761032,1,0,0,133.569340590943
9731,Groningen,0,1.99836091460185,976.762595616654,108.197082217923,10.4316418328807,0.0964133377633052,0.72236727589208,0.0939947780678851,0.14621409921671,0.0374238468233246,0.667820339952715,0.332179660047285,0.132785914761032,1,0,0,127.808358167119
9732,Groningen,0,2.89501283259142,705.520273132875,93.0898197804659,3.40142855283933,0.036539210848844,0.820230345518278,0.072608913370055,0.0906359539308963,0.0165247871807711,0.63052047424743,0.36947952575257,0.132785914761032,1,0,0,134.838571447161
9733,Groningen,0,2.73030895203666,672.215502661191,92.1357163838297,2.67831161374458,0.0290692005105486,0.844967532467533,0.0592532467532467,0.0836038961038961,0.0121753246753246,0.69473609349184,0.30526390650816,0.132785914761032,1,0,0,135.561688386255
9734,Groningen,0,1.7980492834659,649.3268183721,93.0854153174158,19.6982835995573,0.211615144353036,0.752285951787199,0.0731504571903574,0.13383208645054,0.0407315045719035,0.692421993570568,0.307578006429432,0.132785914761032,1,0,0,118.541716400443
9735,Groningen,0,0.241242866518983,796.410942446668,125.931942219335,21.8779622084165,0.173728458585287,0.56,0.0666666666666666,0.26,0.113333333333333,0.665480999057569,0.334519000942431,0.132785914761032,1,0,0,116.362037791584
9736,Groningen,0,6.00111854879152,911.42229895861,163.339715104362,3.18424337245954,0.0194946058919293,0.842668024439919,0.0646639511201629,0.079938900203666,0.0127291242362525,0.583395416172585,0.416604583827415,0.132785914761032,1,0,0,135.05575662754
9737,Groningen,0,5.12874260688799,860.599533041654,156.025147910959,3.80402355996441,0.0243808361081337,0.812846580406655,0.0702402957486136,0.093807763401109,0.0231053604436229,0.578257667016298,0.421742332983702,0.132785914761032,1,0,0,134.435976440036
9738,Groningen,0,0.5744090022369,897.230949450579,130.890548943655,22.3007460037137,0.17037705306984,0.723602484472051,0.12111801242236,0.111801242236024,0.0434782608695652,0.439477754972536,0.560522245027464,0.132785914761032,1,0,0,115.939253996286
9741,Groningen,0,6.22068454322972,1304.70326968229,130.922421143517,4.68860766665369,0.0358121063275636,0.856509695290859,0.0581717451523545,0.0703601108033241,0.0149584487534626,0.701101781669661,0.298898218330339,0.132785914761032,1,0,0,133.551392333346
9742,Groningen,0,6.68148827416528,1253.16532604959,140.378682712436,4.13612006196339,0.0294640181973796,0.816002819880155,0.0704970038773352,0.0979908353894959,0.0155093408530137,0.724328159270442,0.275671840729558,0.132785914761032,1,0,0,134.103879938037
9743,Groningen,0,5.1171941841617,1063.23657711688,123.570969527901,3.70133033426992,0.0299530735124175,0.833510355815189,0.0714285714285714,0.0778013807753584,0.0172596919808815,0.728154723390186,0.271845276609814,0.132785914761032,1,0,0,134.53866966573
9746,Groningen,0,2.97211935470685,967.667730902501,97.8739065213136,0.366835238579541,0.00374803920286616,0.674634794156707,0.0833333333333333,0.168990703851261,0.0730411686586985,0.962175275582488,0.0378247244175125,0.132785914761032,1,0,0,137.87316476142
9751,Groningen,0,4.36661823485115,999.91220603742,114.083481062308,2.18418029116866,0.0191454562118047,0.661164205039097,0.109470026064291,0.155516941789748,0.0738488271068636,0.710119300324776,0.289880699675224,0.132785914761032,1,0,0,136.055819708831
9901,Eemsdelta,0,1.06285330320638,0,0,0,0,0.778155339805826,0.0781553398058252,0.119417475728155,0.0242718446601941,0,1,0.132785914761032,1,0,0,138.24
9902,Eemsdelta,0,0.874970437185602,0,0,0,0,0.787576020851434,0.0660295395308427,0.126411815812337,0.0199826238053866,0,1,0.132785914761032,1,0,0,138.24
9931,Eemsdelta,0,1.35397902496389,0,0,0,0,0.765384615384616,0.098076923076923,0.109615384615384,0.0269230769230769,0,1,0.132785914761032,1,0,0,138.24
9934,Eemsdelta,0,1.05388342070862,0,0,0,0,0.759607843137255,0.0694117647058823,0.144705882352941,0.0262745098039215,0,1,0.132785914761032,1,0,0,138.24
