PC4,City,hh_size,cars_per_hh,perc_public_parking,perc_paid_public_parking,perc_pop_25to45yr,perc_high_inc_hh,address_density,has_pt_1km
1011,Amsterdam,1.5,0.274453364263616,0.37767661439892,1,0.249375312343828,19.3,7176,1
1012,Amsterdam,1.4,0.128957002148059,0.456890374970145,1,0.185957213384531,13.7,8654,1
1013,Amsterdam,1.6,0.348966969011306,0.635697048449972,0.737595479239139,0.255157437567861,17.5,6691,1
1014,Amsterdam,1.9,0.586361846015633,0.579330647660365,0.93193367210484,0.183838383838383,49.5,3606,1
1015,Amsterdam,1.5,0.300504084047015,0.972966330793806,1,0.27139037433155,19.4,11169,1
1016,Amsterdam,1.5,1.22378496758497,0.621602288984263,1,0.236900044033465,22.1,11564,1
1017,Amsterdam,1.5,0.357647596554648,0.842871587462082,1,0.22730627306273,27.5,9641,1
1018,Amsterdam,1.6,0.319461272358509,0.805900621118012,1,0.233888177550149,19.7,7113,1
1019,Amsterdam,1.9,0.504978802899999,0.666047087980173,1,0.309183426217591,31.1,4439,1
1021,Amsterdam,1.8,0.471588208849382,0.68729765758903,1,0.259232954545454,8.7,3134,1
1022,Amsterdam,1.8,0.41186577819295,0.611327677138271,0.765009645892264,0.185077519379844,24.9,3097,1
1023,Amsterdam,2,0.7503642472126,0.84931506849315,0,0.293159609120521,17.7,2677,1
1024,Amsterdam,2.2,0.651693594036946,0.821376916401504,0.00281708399491459,0.233074753173483,12.3,2694,1
1025,Amsterdam,1.9,0.510520302915132,0.563834968343421,0.905725567620927,0.213895631067961,11.9,3336,1
1026,Amsterdam,2.5,1.1559434192423,0.863038548752834,0,0.357798165137614,46.3,110,0
1027,Amsterdam,2,0.953388175948569,0.912974225311323,0,0.342592592592592,30.4,203,0
1028,Amsterdam,2.4,1.47407501701299,0.958235823582358,0,0.338842975206611,41,42,0
1031,Amsterdam,1.8,0.418699649576371,0.771194513240617,1,0.23076923076923,18.5,3559,1
1032,Amsterdam,2,0.534750470702829,0.680321175830157,1,0.257587548638132,17.2,3209,1
1033,Amsterdam,1.7,0.56490277674901,0.779267831071216,0.272460573537561,0.214577656675749,11,2377,1
1034,Amsterdam,2.2,0.65141749632375,0.802605459057071,0.0547926744792798,0.239035821894877,13.2,2805,1
1035,Amsterdam,2.3,0.725526635018979,0.742846750727449,0,0.276643990929705,23.6,2020,1
1036,Amsterdam,2.9,0.788405148933743,0.816611295681063,0,0.226860254083484,38.9,2831,1
1037,Amsterdam,2.1,1.21811523955576,0.893617021276595,0,0.379310344827586,22,321,1
1041,Amsterdam,2.3,1.22378496758497,0.484983024288325,0,0.290457561432885,22,102,0
1042,Amsterdam,2.3,1.22378496758497,0.682458143074581,0,0.162069271003067,22,130,0
1043,Amsterdam,1.3,0.139302927515755,0.672059808078553,0.400932416319346,0.097457627118644,2.1,2403,1
1045,Amsterdam,2.3,1.22378496758497,0.679760665972944,0,0.290457561432885,22,48,1
1046,Amsterdam,1.1,0.250522694915681,0.712432811404533,0,0.208333333333333,22,322,1
1047,Amsterdam,2.6,0.560069139247552,0.613809398792334,0,0.299393414211438,22,94,1
1051,Amsterdam,1.6,0.309252412138495,0.538207272020221,1,0.272865275142315,17.6,9139,1
1052,Amsterdam,1.6,0.325405910385203,0.955072463768115,1,0.240501043841336,18,11721,1
1053,Amsterdam,1.6,0.290653374124857,0.891834890027116,1,0.222491664140648,16.6,11803,1
1054,Amsterdam,1.6,0.348173289270017,0.825053078556263,1,0.22514450867052,25.7,10046,1
1055,Amsterdam,1.7,0.335649033413553,0.801116838487972,1,0.204105991883504,14.6,7195,1
1056,Amsterdam,1.7,0.369658601275357,0.940163391477147,1,0.227979274611398,17.2,10146,1
1057,Amsterdam,1.7,0.377120600164411,0.822667868409193,1,0.217403873952009,15.8,10879,1
1058,Amsterdam,1.7,0.4276789317916,0.884969939879759,1,0.207235798159314,25.6,8402,1
1059,Amsterdam,1.6,0.327566670863483,0.883413990321161,1,0.201266713581984,23.5,6342,1
1060,Amsterdam,2.4,0.99400742403468,0.798808948977949,0,0.310327455919395,32.7,3214,1
1061,Amsterdam,2,0.427312883858808,0.732501023331968,0.999860296172115,0.179758752574286,17.5,5997,1
1062,Amsterdam,1.6,0.350911419745293,0.592475628175202,1,0.131215912736605,13.2,5837,1
1063,Amsterdam,2,0.511595301153038,0.929002744739249,0.10847562182823,0.241670012043356,10.4,3956,1
1064,Amsterdam,2,0.584554692616026,0.931335975751923,0.336106614781459,0.234839476813317,12.8,4000,1
1065,Amsterdam,1.9,0.485621245041467,0.817658072879158,0.999823949976359,0.206839719818706,11.1,4469,1
1066,Amsterdam,2.1,0.878392089889875,0.60227215093574,0.119112103303774,0.258688267572511,24.5,2959,1
1067,Amsterdam,2.3,0.765523191207058,0.829151732377538,0.623174831892411,0.224424865394028,13.7,2709,0
1068,Amsterdam,1.9,0.547993351604947,0.87360646599777,0.20188928143281,0.208731241473397,10.9,4075,1
1069,Amsterdam,2.1,0.648710121715256,0.872932910633193,0.0020855887009028,0.224676313785224,13.7,4132,1
1071,Amsterdam,1.8,0.515823355406563,0.806606699751861,0.999951932320707,0.254124116260801,38.6,7994,1
1072,Amsterdam,1.5,0.254235520735726,0.669930875576036,1,0.206796818510484,17.2,10253,1
1073,Amsterdam,1.6,0.278482961444536,0.945397815912636,1,0.223590892123926,15.4,11383,1
1074,Amsterdam,1.6,0.293036371198165,0.935564435564435,1,0.226268656716417,17.2,10991,1
1075,Amsterdam,1.8,0.460170336107623,0.859901396877567,0.998925895238498,0.251671442215854,30,7875,1
1076,Amsterdam,1.7,0.511581478942676,0.700490444782682,1,0.236611062335381,22.5,5153,1
1077,Amsterdam,2.1,0.774853134022407,0.83816748475383,1,0.269135802469135,48.2,5362,1
1078,Amsterdam,1.7,0.414066411329475,0.728463855421686,1,0.204151071793126,26.5,8705,1
1079,Amsterdam,1.6,0.419954802583623,0.902385321100917,1,0.201360544217687,19.7,6150,1
1081,Amsterdam,1.7,0.61815449655672,0.754610655737704,0.99988690449126,0.223275862068965,26.7,2853,1
1082,Amsterdam,1.7,0.429958997814457,0.550300601202404,1,0.186864738076622,24.9,4287,1
1083,Amsterdam,1.6,0.400348860925182,0.73167606355715,0.958906151324468,0.180881511161992,17.5,3321,1
1086,Amsterdam,2.2,0.695927095678715,0.894650205761316,1,0.28760162601626,39.4,1256,1
1087,Amsterdam,2.4,0.54416950520951,0.8525330023694,0.969830176781329,0.276140684410646,36.2,1931,1
1091,Amsterdam,1.6,0.303974529492568,0.817097415506958,1,0.214836795252225,18.3,8987,1
1092,Amsterdam,1.8,1.22378496758497,0.918699186991869,1,0.229556074766355,18.2,8331,1
1093,Amsterdam,1.7,0.301804306093705,0.57175,1,0.230997038499506,16.1,8911,1
1094,Amsterdam,1.7,0.314527248900579,0.96149843912591,1,0.224783861671469,14.7,8361,1
1095,Amsterdam,1.7,0.337886658828661,0.737635546151811,0.930010938780642,0.204218600191754,15.4,4611,1
1096,Amsterdam,1.5,0.265394288763031,0.61458184417441,0.798986403001276,0.133951137320977,27.9,3144,1
1097,Amsterdam,1.6,0.383654899238831,0.780998180400311,1,0.228230980751604,15.4,4940,1
1098,Amsterdam,1.8,0.466825474662669,0.759714512291831,1,0.224049000644745,31.3,4895,1
1101,Amsterdam,1.4,1.22378496758497,0.325323344405965,0.00966760808168585,0.0896226415094339,22,1865,1
1102,Amsterdam,1.7,1.22378496758497,0.591890700749228,0.464985653153396,0.227484472049689,6.9,3683,1
1103,Amsterdam,1.9,0.547098466298693,0.829260291946859,0,0.253058371198881,11.9,3599,1
1104,Amsterdam,1.9,0.512366294890177,0.840883280757097,0,0.254103535353535,9.6,3288,1
1105,Amsterdam,1.2,1.22378496758497,0.40067639729441,0,0.0320284697508896,2,2444,1
1106,Amsterdam,2,0.581158173594533,0.75144649987776,0.00040668040342696,0.256632225635297,10.6,2698,1
1107,Amsterdam,1.9,0.598553961654188,0.865178686621081,0,0.254105445116681,9.1,2354,1
1108,Amsterdam,1.7,1.22378496758497,0.787197965239508,0,0.238019169329073,9.5,2062,1
1109,Amsterdam,2.4,0.942434802975604,0.851659336265493,0,0.283582089552238,27.4,452,1
1111,Diemen,2,0.703878897322259,0.760308441558441,0.76788192591011,0.236530880420499,22.8,2519,1
1112,Diemen,1.9,0.518036249328236,0.623735943693875,0.605883775760196,0.183216783216783,22.4,3486,1
1113,Diemen,2.1,0.852404070299591,0.863284002818886,0.915993967278211,0.284057971014492,26.9,1249,1
1114,Ouder-Amstel,1.5,1.22378496758497,0.485850523478801,0.561631246206428,0.283333333333333,22,1231,1
1115,Ouder-Amstel,1.9,0.667438413535258,0.812854442344045,0.00103318303544516,0.230550284629981,22,2025,1
1117,Haarlemmermeer,1,1.22378496758497,0.6909709563738,0,0.173191422833931,22,82,1
1118,Haarlemmermeer,1.3,1.22378496758497,0.625708864650576,0.0635609012366593,0.0869565217391304,22,76,1
1119,Haarlemmermeer,1.5,1.22378496758497,0.667812142038946,0.224699828473413,0.227272727272727,22,434,1
1121,Landsmeer,2.3,0.931028331948327,0.812372634643377,0,0.282556463238827,29.5,1155,0
1127,Landsmeer,2.4,1.44875592479345,0.786542056074766,0,0.345029239766081,40.5,94,1
1131,Edam-Volendam,2.1,0.540247451229183,0.855791638108293,0,0.221412556053811,16.6,1769,1
1132,Edam-Volendam,2.7,0.969207827909042,0.784662624990158,0,0.308248914616497,40.5,1505,1
1135,Edam-Volendam,2.2,0.980243461791504,0.846250946730623,0,0.286784741144414,25,1294,1
1141,Waterland,2.2,0.968682413956077,0.834848395988505,0,0.276268580215274,24.6,1011,1
1145,Waterland,2.9,1.44325983072427,0.946802935010482,0,0.287878787878787,47,152,1
1151,Waterland,2.3,1.07646080268344,0.862464589235127,0,0.308664259927797,36.4,301,1
1153,Waterland,2.4,1.27881002574285,0.95363109444255,0,0.377049180327868,53.8,51,1
1154,Waterland,2.1,1.28257657167458,0.901502504173622,0,0.32,22,58,1
1156,Waterland,2,1.03968958113607,0.822142857142857,0.120474949319432,0.297687861271676,24.2,304,1
1161,Haarlemmermeer,2.3,1.15592562348518,0.715482729727213,0,0.269656019656019,22.3,1123,1
1165,Haarlemmermeer,2.1,0.889485886394074,0.921308886744451,0,0.302681992337164,25.9,882,0
1171,Haarlemmermeer,2.2,0.990215936016896,0.738090500258685,0,0.277701778385772,33.1,1743,1
1175,Haarlemmermeer,2.1,1.17908232109644,0.736305732484076,0,0.335164835164835,29.7,526,1
1181,Amstelveen,2.2,0.755177563645101,0.58292208763272,0.921009305225716,0.250751792736525,37.8,3330,1
1182,Amstelveen,2.2,1.22378496758497,0.666226332012329,0.0126657311298609,0.302056555269922,32.5,1580,1
1183,Amstelveen,1.7,0.509710629248068,0.793017628759073,0.459617776904685,0.188888888888888,19.2,2812,1
1184,Amstelveen,2.4,1.17612919312987,0.882941855987678,0,0.354838709677419,47,587,1
1185,Amstelveen,2,0.724547707508885,0.673634490729109,0.0694787684071852,0.239811912225705,21.4,2877,1
1186,Amstelveen,2,0.752292507848571,0.571231413053156,0.025368248772504,0.219385995170748,20,2458,1
1187,Amstelveen,2.4,1.22378496758497,0.808509722939253,0,0.298108108108108,37,1538,1
1188,Amstelveen,2.1,0.855081696624872,0.842998412892198,0,0.244702665755297,23.4,2076,0
1189,Amstelveen,2.3,1.22742175856929,0.797077922077922,0,0.313725490196078,26.8,106,1
1191,Ouder-Amstel,2.4,1.23935016672592,0.896223435455488,0,0.299549549549549,37.6,923,0
1211,Hilversum,1.7,0.569618158090707,0.452993022401762,0.0806541003163465,0.234604105571847,14.3,4042,1
1212,Hilversum,1.8,0.658704306957587,0.809572301425661,0,0.235531628532974,8.6,2174,1
1213,Hilversum,2.3,1.10514181157164,0.591509117350934,0.00416066911655704,0.292590246991766,48.2,2292,1
1214,Hilversum,2.1,0.831075667448048,0.720485662619478,0.321307340339911,0.270942408376963,21.2,3401,1
1215,Hilversum,2.2,0.947792757311172,0.494951167025326,0.0836832101587991,0.2880859375,31.6,3060,1
1216,Hilversum,2.1,0.905417848811175,0.695483444802245,0,0.244751381215469,17.4,1973,1
1217,Hilversum,2.1,1.33779634239051,0.545674340376327,0.147081487189366,0.293589743589743,41.1,2144,1
1218,Hilversum,2.3,1.22378496758497,0.936070853462157,0,0.247596153846153,21,817,1
1221,Hilversum,2,0.712899153946528,0.718944432525209,0.568575817087775,0.25,16.9,3999,1
1222,Hilversum,2,0.948932945720049,0.730048076923076,0.00156402538398047,0.274561403508771,16.8,2276,1
1223,Hilversum,2.2,0.856228275747856,0.729891304347826,0.0357408786299329,0.265807962529274,25.5,2788,1
1231,Wijdemeren,2.3,1.30599736102253,0.75218218442256,0,0.310861423220973,31.9,619,1
1241,Wijdemeren,2.2,1.18410436360353,0.828066991172345,0,0.301743745261561,27.4,886,0
1243,Wijdemeren,2,1.22005133306067,0.909368441137187,0,0.339222614840989,23.7,547,1
1244,Wijdemeren,2.3,1.34070877704674,0.747680070702607,0,0.322147651006711,32.2,208,1
1251,Laren,2.1,1.22378496758497,0.74675991588008,0,0.28384476534296,37.4,1119,1
1252,Laren,2.5,1.22378496758497,0.868583162217659,0,0.338028169014084,48.8,1013,1
1261,Blaricum,2.3,1.22251305681077,0.841123782487396,0,0.261123595505618,34.5,1083,1
1262,Blaricum,3.2,1.40092628778011,0.648499693815064,0,0.23125,72.6,1180,1
1271,Huizen,2.1,1.13042016435663,0.653822671460552,0,0.285116557083084,24.8,1748,1
1272,Huizen,2.4,1.26591513036728,0.753266648643777,0,0.304625199362041,46.8,1118,1
1273,Huizen,2.1,1.05120990216524,0.830330148748337,0,0.254890678941311,15.6,2393,1
1274,Huizen,2,1.02132258339466,0.856937248128958,0,0.293144208037825,16.2,2328,1
1275,Huizen,2.1,1.12168080683415,0.85731272294887,0,0.261845386533665,15.2,2592,1
1276,Huizen,2.2,1.03997513508547,0.749665164982345,0,0.249500998003991,18.2,2440,1
1277,Huizen,2.3,1.25853503748027,0.796039603960396,0,0.344139650872817,36.4,1730,1
1309,Almere,2.1,1.46841176885344,0.998959850218431,0,0.340128241308927,22,144,0
1311,Almere,2.2,0.951571124379584,0.65636278048015,0,0.266460905349794,22.9,1823,1
1312,Almere,2.3,1.00352955518946,0.795048494129658,0.0663723916532905,0.296109510086455,24.1,1796,1
1313,Almere,2.3,0.988706432438545,0.827421555252387,0,0.273159144893111,18.9,1219,1
1314,Almere,2,0.594311472076505,0.69461814454126,0.438016528925619,0.248169838945827,8.7,2056,1
1315,Almere,1.7,0.561719557752133,0.400174199167715,1,0.198770491803278,9,2555,1
1316,Almere,2.3,1.49288824927221,0.790980672870436,0,0.278869778869778,24.8,1328,0
1317,Almere,2.2,0.94779924267981,0.877367896311066,0,0.257985257985258,13.8,1036,1
1318,Almere,2.4,1.04993109576563,0.726610156064327,0,0.31049024775962,24.9,1719,1
1319,Almere,2.8,1.18868748676551,0.846333053769453,0,0.256987048398091,46.5,623,1
1321,Almere,2.6,1.01201629186594,0.719981455725544,0,0.313047962867457,32.7,1656,1
1323,Almere,2.2,0.885392144262486,0.843271423916585,0,0.267571884984025,17.3,2368,1
1324,Almere,2.2,0.740986015630253,0.776541170333014,0.241910200425484,0.2467718794835,10.4,2113,1
1325,Almere,2.2,0.836780593702472,0.868605610561056,0.362070640047647,0.28711943793911,22.4,1532,1
1326,Almere,2.4,0.988046363586282,0.823644166991806,0,0.31081081081081,25.9,1872,1
1327,Almere,1,1.22378496758497,0.61324903793293,0,0.162069271003067,22,1015,1
1328,Almere,2.5,1.07977962300618,0.753500488440247,0,0.292129162462159,25.5,1707,1
1331,Almere,2.4,1.03994453210784,0.795180722891566,0,0.394736842105263,22,92,0
1332,Almere,1.5,1.22378496758497,0.560550763105507,0,0.337894489121107,22,273,1
1333,Almere,2.3,1.04823856737839,0.76639344262295,0.0196715049656226,0.276305220883534,15.2,1641,1
1334,Almere,1.7,0.559552415170741,0.50927988121752,0.87305310183775,0.204453441295546,6,2389,1
1335,Almere,2.4,1.04429413491419,0.666328257191201,0.00152361604875571,0.306335204490777,23.5,1947,1
1336,Almere,2.5,1.00222204136576,0.856317024128686,0,0.257900101936799,28,1280,1
1338,Almere,2.3,1.22378496758497,0.807181255705446,0,0.298862461220268,20.2,1852,1
1339,Almere,2.4,1.22378496758497,0.830088495575221,0,0.310039805395842,24.6,1953,1
1341,Almere,3,1.20690230251971,0.951601523917031,0,0.17076167076167,41.6,399,1
1343,Almere,2.5,1.47519764275484,0.746164199192463,0,0.376947040498442,62.8,255,1
1349,Almere,2.4,1.09013410244961,0.947540626022467,0,0.284080076263107,36.3,173,1
1351,Almere,2.3,1.1324994669138,0.787008792391889,0,0.233830845771144,23.1,1225,1
1352,Almere,2.2,1.07204402726625,0.837624802942722,0,0.259587020648967,18.9,1639,1
1353,Almere,2,0.755520753016352,0.866472680245716,0,0.225125628140703,6.1,1662,1
1354,Almere,2.1,0.74335511996105,0.653106508875739,0,0.244865718799368,6.9,2064,1
1355,Almere,2.2,0.928601112747879,0.76874625074985,0,0.206840390879478,12.5,1560,1
1356,Almere,2.2,0.99896603629925,0.806352459016393,0,0.227686703096539,15.3,1088,1
1357,Almere,2,0.945072118376174,0.854319852941176,0,0.228197674418604,12.6,1417,1
1358,Almere,2.7,1.667897186319,0.909816695407804,0,0.381294964028777,67.8,120,1
1359,Almere,2.7,1.29409519822448,0.796368124118476,0,0.250470809792843,43.5,758,0
1361,Almere,2.3,1.01626189083395,0.795358052646476,0,0.196141479099678,35.9,1231,1
1362,Almere,2.1,0.894412826060301,0.849452005299289,0,0.0959595959595959,22,1387,1
1363,Almere,2.3,0.935283989748046,0.811614418911974,0,0.183534509439801,24.3,1740,1
1381,Amsterdam,2,0.93354383895015,0.814650647381313,0.238677095524873,0.288930581613508,27.5,1782,0
1382,Amsterdam,2,0.824630902352425,0.841220626631853,0.247616180339746,0.26453488372093,19.7,2081,1
1383,Amsterdam,2.2,1.11544173840103,0.900442903909108,0,0.275280898876404,25.7,1165,1
1384,Amsterdam,3.2,0.921835050232343,0.837025796661608,0.00734227701232777,0.121004566210045,70.8,1288,1
1391,De Ronde Venen,2.4,1.11115631464845,0.878478993086332,0,0.301635372501514,42.4,871,1
1393,Stichtse Vecht,2.3,1.22914024326307,0.894981640146878,0,0.293375394321766,34.6,214,1
1394,Wijdemeren,2.3,1.36147626317041,0.864903086265701,0,0.285457809694793,30.6,393,0
1396,De Ronde Venen,2.4,1.41614828355839,0.913705583756345,0,0.27147766323024,36.6,179,1
1398,Gooise Meren,2.4,1.130719980025,0.749545418610166,0.0424005906549942,0.24390243902439,36.7,618,1
1399,Gooise Meren,2.3,1.28694304598967,0.857639437509875,0,0.328382838283828,36.8,448,1
1401,Gooise Meren,2.3,1.04467660100094,0.558562762482501,0.0904229677762727,0.309873949579831,41.8,2764,1
1402,Gooise Meren,2.3,1.01047144756496,0.636173184357541,0.0253567508232711,0.283394447354635,31.4,3028,1
1403,Gooise Meren,2,0.976868275099449,0.700515717092338,0,0.255974508762612,16.3,1918,1
1404,Gooise Meren,1.7,0.760559323516187,0.506989128023075,0.705050586610898,0.242677824267782,18.9,3139,1
1405,Gooise Meren,2.4,1.14098903765252,0.498110355253212,0.0675018619637643,0.312829525483304,50.3,2302,1
1406,Gooise Meren,2.1,1.0888138890196,0.616275702287865,0.0632035131688871,0.322157434402332,37.4,2303,1
1411,Gooise Meren,2.2,1.10159774882514,0.754655899898152,0,0.293612964728312,31.2,964,1
1412,Gooise Meren,2.4,1.25265596010346,0.594371664240659,0.00408163265306122,0.284421460892049,45.2,1717,0
1421,Uithoorn,2.1,0.996431385573304,0.661884669479606,0,0.293585526315789,20.5,1754,1
1422,Uithoorn,2.3,1.01636894502956,0.739423378251331,0,0.246651421104214,23.1,1693,1
1423,Uithoorn,2.3,1.20651648341035,0.75542258788332,0,0.345388788426763,34.4,1217,1
1424,Uithoorn,2.3,1.00771088802485,0.754065236216684,0,0.29863301787592,29.7,587,1
1426,De Ronde Venen,2.4,1.4617452154095,0.955374851249504,0,0.337078651685393,37.2,146,1
1427,De Ronde Venen,2.2,1.24746375625997,0.872572240644244,0,0.321428571428571,28.3,1009,1
1428,Nieuwkoop,2.4,1.25083288472861,0.898026315789473,0,0.260869565217391,22,128,1
1431,Aalsmeer,2.1,1.06459160820445,0.824363651268598,0,0.274109792284866,25.3,1100,0
1432,Aalsmeer,2.4,1.0712208136062,0.756102105459288,0,0.334440227703984,37.3,922,1
1433,Aalsmeer,2.4,1.21352513928248,0.824780887757987,0,0.285097192224622,29,829,1
1435,Haarlemmermeer,2.3,1.31446474319942,0.751355823145509,0,0.300794551645857,23.9,478,1
1436,Haarlemmermeer,2.2,1.36961872552987,0.792549306062819,0,0.336633663366336,23.6,726,1
1437,Haarlemmermeer,1.4,1.22378496758497,0.541572610985703,0,0.37375415282392,22,197,1
1438,Haarlemmermeer,2,1.7581483652478,0.858534519271495,0.0296003946719289,0.424242424242424,22,223,1
1441,Purmerend,2,0.857801771030873,0.79910009472687,0.0863091891357472,0.251321003963011,14.6,2847,1
1442,Purmerend,1.9,0.613227869791769,0.717099697885196,0,0.249827467218771,9.7,2846,1
1443,Purmerend,2,0.776941458729006,0.815802550935895,0,0.226600985221674,7.2,3113,1
1444,Purmerend,1.9,0.908325622462968,0.732058742033804,0,0.250737463126843,14.4,1724,1
1445,Purmerend,2.1,0.700700798527765,0.902316718483602,0,0.273815720978657,12.2,2349,1
1446,Purmerend,2.2,1.23006199510177,0.801189205671596,0,0.289682539682539,16.4,1438,1
1447,Purmerend,2.3,1.34397664639596,0.79695185872107,0,0.323076923076923,27,1910,1
1448,Purmerend,2.4,1.04981128350063,0.84685089974293,0,0.314041007007526,31.1,2046,1
1451,Landsmeer,2.4,1.42660294181104,0.88983606557377,0,0.425,37.3,97,1
1452,Waterland,2.3,1.21357628423449,0.843481899979075,0,0.289256198347107,29.5,243,1
1454,Waterland,2.3,1.22837165469972,0.894813378574891,0,0.29090909090909,34.9,67,1
1456,Wormerland,2.4,1.34967058921982,0.910997827177001,0,0.333333333333333,32.6,197,0
1458,Wormerland,2.7,1.62020558023571,0.9928850942725,0,0.333333333333333,22,14,0
1461,Purmerend,2.5,1.2317554605422,0.880206357635991,0,0.268673355629877,41.2,1353,1
1462,Purmerend,2.4,1.20783010973188,0.881150734192388,0,0.272410791993037,26.4,556,1
1463,Purmerend,2.6,1.60471786453379,0.981858298602598,0,0.357142857142857,40.5,41,1
1464,Purmerend,2.5,1.37415167894271,0.976340143181421,0,0.32258064516129,38.1,58,1
1471,Edam-Volendam,2.4,1.43998009464892,0.909273039496279,0,0.339622641509433,34.6,341,1
1472,Edam-Volendam,2.4,1.4367436198693,0.95173116089613,0,0.314285714285714,35.5,66,1
1473,Edam-Volendam,2.4,1.45928742104578,0.941671139738772,0,0.341935483870967,41.2,98,0
1474,Edam-Volendam,2.3,1.26358649900326,0.861820083682008,0,0.27961432506887,24.1,408,1
1475,Edam-Volendam,2.3,1.43640264028164,0.89854517611026,0,0.342857142857142,29.3,52,1
1476,Edam-Volendam,2.2,1.50541262344562,0.974545454545454,0,0.333333333333333,22,21,1
1477,Edam-Volendam,2.3,1.38962473913453,0.828625235404896,0,0.323529411764705,22,30,1
1481,Edam-Volendam,2.7,2.060162378176,0.981158088235294,0,0.391304347826087,22,131,0
1482,Waterland,2.6,1.63471496261174,0.978835978835978,0,0.333333333333333,22,20,1
1483,Alkmaar,2.3,1.18243463851175,0.853824638209899,0,0.278688524590163,23.8,620,1
1484,Alkmaar,2.4,1.30143631634461,0.912788693553946,0,0.305084745762711,30.8,439,1
1485,Alkmaar,2.5,1.5428878872651,0.812080536912751,0,0.352941176470588,22,82,1
1486,Alkmaar,2,1.40981178698914,0.873272987136731,0,0.370860927152317,27.6,115,0
1487,Alkmaar,2.2,2.05217007904972,0.929176755447941,0,0.392857142857142,22,113,0
1488,Alkmaar,2.7,1.3906295262413,0.99051282051282,0,0.295454545454545,22,68,0
1489,Castricum,2.4,1.59116815684073,0.990674318507891,0,0.448275862068965,22,32,0
1501,Zaanstad,2.1,0.722718281458305,0.895304568527918,0.0984231041814316,0.261503067484662,12.9,3806,1
1502,Zaanstad,1.9,0.721163468282576,0.755334745072487,0.0148254117795327,0.242407199100112,10.6,3811,1
1503,Zaanstad,2.3,0.809355491686906,0.824465856723921,0,0.245829675153643,12.3,2672,1
1504,Zaanstad,2.4,0.795912124894774,0.839874411302982,0,0.247030878859857,12,2249,1
1505,Zaanstad,2.2,0.82722310286385,0.739642721398707,0,0.252646436132674,11.5,2164,1
1506,Zaanstad,1.9,0.761747332373782,0.599523092369477,0.320862760068715,0.266454352441613,18.4,3201,1
1507,Zaanstad,2.2,0.932126455801009,0.754614617111499,0.094620279315759,0.279477611940298,25.3,1931,1
1508,Zaanstad,2.1,0.805031292400034,0.759549849421461,0,0.255360623781676,10.2,2014,1
1509,Zaanstad,2.1,1.04817128193857,0.896179401993355,0,0.268875192604006,17.4,964,1
1511,Oostzaan,2.3,1.21097295928408,0.749483501564252,0,0.300670448684889,28.6,1073,0
1521,Zaanstad,2,0.941018316943736,0.778616796047988,0,0.258235054900366,10.6,1770,1
1525,Zaanstad,2.3,1.28141331362227,0.835859905906952,0,0.368421052631579,25.7,361,1
1531,Wormerland,2.2,0.993540860112364,0.811342262752921,0,0.2832893247831,20.8,1829,1
1534,Wormerland,2.3,1.29373436708168,0.861612515042117,0,0.360824742268041,29.2,257,1
1536,Alkmaar,2.4,1.44382915989329,0.732926829268292,0,0.34375,40.2,76,1
1541,Zaanstad,2.2,0.928610374915609,0.773114944756735,0,0.260328742780986,19.8,2044,1
1544,Zaanstad,2.1,0.966212359147275,0.795556578795901,0,0.310041103934233,20.4,1374,1
1546,Wormerland,2.2,1.29757916266907,0.804580152671755,0,0.350364963503649,32.1,146,1
1551,Zaanstad,2.3,1.16066218844593,0.733609645817633,0,0.317958783120706,29.8,339,0
1561,Zaanstad,1.9,0.875408165549197,0.778114186851211,0,0.265906362545018,12.7,2298,1
1562,Zaanstad,2.3,1.0656857510096,0.755612643806545,0,0.287222222222222,22.3,1734,1
1566,Zaanstad,2.4,1.27807470116023,0.890137911219652,0,0.30377358490566,25.9,939,1
1567,Zaanstad,2.9,1.21378097710354,0.804597701149425,0,0.267641996557659,39.2,1690,1
1601,Enkhuizen,1.9,0.687266627347707,0.842530429561705,0,0.275952693823915,14.8,1341,1
1602,Enkhuizen,2.3,0.797923292564166,0.797797865832936,0,0.26894107221976,15.8,1459,1
1606,Drechterland,2.3,1.21281190235757,0.820850808867585,0,0.293844367015098,25.2,423,1
1607,Drechterland,2.2,1.48741307755002,0.761239969220622,0,0.297872340425531,22.7,242,1
1608,Drechterland,2.3,1.39175093507446,0.900059224163458,0,0.332247557003257,29.4,103,1
1609,Drechterland,2,1.3441200401863,0.906652360515021,0,0.5,22,25,0
1611,Stede Broec,2.3,1.1096103764818,0.720816662744175,0,0.276930644367929,18.2,1286,1
1613,Stede Broec,2.3,1.05995365281319,0.771211914195928,0,0.26046986721144,17.1,1174,1
1614,Stede Broec,2.3,1.08644326485029,0.79960065347613,0,0.26431718061674,22.6,618,1
1616,Drechterland,2.3,0.893315819770578,0.783592989289191,0,0.257044278320874,22.2,866,1
1617,Drechterland,2.4,1.39127454632753,0.809938338774029,0,0.270491803278688,25.9,194,1
1619,Medemblik,2.3,0.983355166201319,0.811267105029322,0,0.28393351800554,19.4,383,1
1621,Hoorn,1.7,0.766734487965486,0.797870745239166,0.232757000563803,0.269527896995708,16.8,2114,1
1622,Hoorn,2.1,0.881964209281449,0.795327378030823,0.0178968156010861,0.246976448122215,10.9,1131,1
1623,Hoorn,2.1,0.960042901403924,0.733501736659299,0.101592767972449,0.3,20,1868,1
1624,Hoorn,2.1,0.79108342065719,0.715943113772455,0,0.249582637729549,18.5,2319,1
1625,Hoorn,2.1,0.945893664025762,0.743655348869372,0.0383577743444628,0.24496981891348,15.7,1845,1
1627,Hoorn,2.1,1.22378496758497,0.758485273492286,0,0.290457561432885,22,511,1
1628,Hoorn,2.2,0.960909504313767,0.756019592678525,0,0.312423425630972,19.3,1921,1
1631,Koggenland,2.3,1.60547834973997,0.9173140954495,0,0.379310344827586,31.2,45,0
1633,Koggenland,2.3,1.20517609432147,0.848199978634761,0,0.294797687861271,23.9,608,1
1634,Koggenland,1.9,1.12428113023212,0.960539979231568,0,0.283018867924528,17,86,1
1636,Alkmaar,2.3,1.25781274199077,0.935143288084464,0,0.281746031746031,23.1,178,1
1641,Koggenland,2.2,1.29786573840753,0.847955902618282,0,0.255924170616113,22,179,0
1642,Koggenland,2.2,1.15866928295401,0.952941176470588,0,0.199595609474292,22,158,0
1643,Koggenland,2.5,1.60110482009667,0.969506444514303,0,0.361702127659574,39.3,118,0
1645,Koggenland,2.4,1.45909181755849,0.874503412447794,0,0.287394957983193,26.9,300,0
1646,Alkmaar,2.6,1.60003018323662,0.972480948348856,0,0.333333333333333,22,112,0
1647,Koggenland,2.3,1.06423364049031,0.89075306142127,0,0.295327102803738,26.9,221,1
1648,Koggenland,2.4,1.47154053562625,0.795677385345282,0,0.25392670157068,23,676,1
1652,Koggenland,2.6,1.19205312965176,0.938677738741616,0,0.293577981651376,29.2,50,0
1654,Medemblik,2.3,1.4513364533705,0.873570324574961,0,0.3,28.2,120,0
1655,Medemblik,2.4,1.38067159597904,0.893985419198055,0,0.279569892473118,24.7,133,1
1657,Medemblik,2.2,1.23678229298191,0.848265046069398,0,0.284313725490196,18.3,304,1
1658,Medemblik,2.3,1.39012574577538,0.931512787169484,0,0.424242424242424,22,33,1
1661,Opmeer,2.4,1.42211672920652,0.897920604914933,0,0.341176470588235,34.5,60,1
1662,Opmeer,2.2,1.3713874479915,0.72475795297372,0,0.366666666666666,25.8,75,1
1663,Opmeer,2.7,1.56308238532128,0.933422103861518,0,0.333333333333333,22,70,1
1671,Medemblik,2.2,0.966053267359848,0.869066340497408,0,0.269208549971115,16.9,1016,1
1674,Medemblik,2.3,1.31472573839604,0.863575568435131,0,0.299748110831234,23.8,277,1
1676,Medemblik,2.2,1.29001145539407,0.902026160553988,0,0.336448598130841,23,110,1
1678,Medemblik,2.2,1.04255945151669,0.952483801295896,0,0.312138728323699,25.9,158,1
1679,Medemblik,2.2,1.39615852026211,0.866850918549829,0,0.280943025540275,19.2,337,1
1681,Medemblik,2.1,0.819868821985553,0.597204340629023,0,0.357142857142857,28.3,169,1
1682,Medemblik,2.4,1.69707501220688,0.732656514382402,0,0.347826086956521,22,89,1
1683,Medemblik,2.5,1.39722590960793,0.83170731707317,0,0.24390243902439,22,154,1
1684,Medemblik,2.5,1.18530643414869,0.772119669000636,0,0.260504201680672,24.9,120,1
1685,Medemblik,2.6,1.31464255240065,0.852701702442635,0,0.291666666666666,30.2,506,0
1686,Medemblik,2.4,1.26033366020184,0.807476635514018,0,0.307692307692307,22,434,1
1687,Medemblik,2.4,1.2250805503826,0.815448113207547,0,0.275590551181102,27.9,579,1
1688,Medemblik,2.4,1.30554372691654,0.810524573887142,0,0.261538461538461,22.7,316,1
1689,Hoorn,2.4,1.04767315155686,0.740072065238005,0,0.234157431088377,20.4,1330,1
1691,Medemblik,2.4,1.32236540031667,0.833589349718382,0,0.30281690140845,30,81,1
1692,Medemblik,2,1.20347020547031,0.99492385786802,0,0.45052598549481,22,28,1
1693,Medemblik,2.3,0.949897320925319,0.779948022415333,0,0.282568807339449,21,586,1
1695,Hoorn,2.3,1.04253251250543,0.688299817184643,0,0.216789667896678,21.7,1727,1
1696,Drechterland,2.4,1.37309852977655,0.855758395312147,0,0.297734627831715,31.1,335,1
1697,Drechterland,2.2,1.33062448652585,0.901112877583465,0,0.29940119760479,25.5,139,1
1701,Dijk en Waard,2.2,1.09340803691528,0.750223087531435,0,0.238692098092643,16.6,1545,1
1702,Dijk en Waard,2.2,1.03012959438812,0.687162594930917,0,0.252204585537918,14.6,2105,1
1703,Dijk en Waard,2,0.980065379617461,0.629622079986954,0,0.252945797329143,13.1,2262,1
1704,Dijk en Waard,2.4,1.3306642799025,0.801112156255187,0,0.274217585692995,30.1,927,0
1705,Dijk en Waard,2.5,1.20080402068523,0.762632936882512,0,0.295708406819517,26.9,1733,1
1706,Dijk en Waard,2.9,1.27982145277569,0.713731574864235,0,0.199192462987886,39.2,892,1
1711,Koggenland,2.3,1.29720454289409,0.837935362409789,0,0.300940438871473,23.6,228,1
1713,Koggenland,2.4,1.19759868872565,0.838516470859249,0,0.273640167364016,26.4,640,1
1715,Opmeer,2.3,1.1362861134224,0.850266895865376,0,0.251298026998961,23.1,672,1
1716,Opmeer,2.2,1.3305198449545,0.798414763989116,0,0.289719626168224,20.4,707,1
1718,Opmeer,2.3,1.47600527546666,0.8709883555808,0,0.272496831432192,21.7,483,1
1719,Opmeer,2.3,1.44006203404423,0.918514080287597,0,0.271739130434782,27.6,51,1
1721,Dijk en Waard,2.4,1.27205781024578,0.764021303175751,0,0.27874276261373,30.3,884,1
1722,Dijk en Waard,2.4,1.25551085884624,0.8096129306678,0,0.270211216314639,25.3,1101,1
1723,Dijk en Waard,2.2,1.17157576110713,0.736935184366433,0,0.252297410192147,16.6,1205,1
1724,Dijk en Waard,2.3,1.25613322299377,0.847355868081256,0,0.326822916666666,25.5,544,1
1731,Hollands Kroon,2.4,1.37904429155441,0.858666184709922,0,0.268188302425107,23.2,466,0
1732,Hollands Kroon,2.4,1.46465202967956,0.926944971537002,0,0.333333333333333,25.5,83,1
1733,Hollands Kroon,2.3,1.63049318367728,0.880897730170874,0,0.292168674698795,23.1,438,1
1734,Hollands Kroon,2.5,1.67384451817753,0.941436138905238,0,0.329113924050632,37.6,47,0
1735,Hollands Kroon,2.5,1.61188636274166,0.840223209201685,0,0.270925110132158,24.7,264,1
1736,Hollands Kroon,2.6,1.75079072056179,0.895146235220908,0,0.316455696202531,34.7,195,1
1738,Schagen,2.4,1.3763504908766,0.902507635428387,0,0.277173913043478,28.5,308,1
1741,Schagen,2.1,1.22378496758497,0.822579759486024,0,0.250380517503805,17.5,1640,1
1742,Schagen,2.2,1.04351735263615,0.840061492911233,0,0.288651942117288,17.7,979,1
1744,Schagen,2.2,1.12354622848011,0.9295786832771,0,0.307065217391304,23.7,139,1
1746,Schagen,2.2,1.19126636376567,0.898965057895276,0,0.307692307692307,23,311,1
1747,Schagen,2.3,0.937535280644518,0.809918319719953,0,0.304798962386511,25,445,1
1749,Schagen,2.3,0.852172042459147,0.854915433403805,0,0.293683347005742,26.9,559,1
1751,Schagen,2.3,1.23943294735718,0.924896049896049,0,0.297872340425531,25.8,218,1
1752,Schagen,2.3,1.41771654523266,0.953958774802542,0,0.312925170068027,26.3,133,1
1753,Schagen,1.7,1.01054396313442,0.964472700074794,0,0.291044776119403,16.6,261,1
1754,Schagen,2.3,1.48472601396498,0.950653277183889,0,0.348314606741573,25.7,62,1
1755,Schagen,2.2,1.44981108495071,0.850669286503745,0,0.3,20.1,239,1
1756,Schagen,2.4,1.27576930639421,0.891906330691835,0,0.241904761904761,21.7,314,1
1757,Schagen,2.2,1.33904314148555,0.959156020131629,0,0.345070422535211,22.2,115,0
1759,Schagen,2,1.13568436431877,0.929432865359638,0,0.284823284823284,18.9,381,0
1761,Hollands Kroon,2.3,1.14730602783063,0.886670230495896,0,0.282932416953035,18.6,769,1
1764,Hollands Kroon,2.3,1.36964545175189,0.872460431654676,0,0.299605781865965,24.2,228,0
1766,Hollands Kroon,2.3,1.64224102256246,0.918446312969715,0,0.300420168067226,22.2,215,0
1767,Hollands Kroon,2.2,1.25870414976285,0.872900889035232,0,0.334883720930232,19.1,155,1
1768,Hollands Kroon,2.3,1.43533471728912,0.934497816593886,0,0.335164835164835,30,69,1
1769,Hollands Kroon,2.3,1.36175718631059,0.988866396761133,0,0.314285714285714,22,37,1
1771,Hollands Kroon,2.1,1.12197898687486,0.908745996550874,0,0.270781893004115,16.8,590,0
1773,Hollands Kroon,2.3,1.24145644617095,0.706935123042505,0,0.252173913043478,6,94,1
1774,Hollands Kroon,2.3,0.968313958916698,0.961782608695652,0,0.293181818181818,22.9,151,0
1775,Hollands Kroon,2,0.768135407405938,0.881632056156771,0,0.263583815028901,17,455,0
1777,Hollands Kroon,2.1,1.08865219470757,0.91195213941995,0,0.276717557251908,17.4,564,0
1778,Hollands Kroon,2.2,1.22378496758497,0.947394377774124,0,0.333333333333333,22.2,163,0
1779,Hollands Kroon,2.2,1.16086116462431,0.90718303764604,0,0.277777777777777,17.6,377,1
1781,Den Helder,1.8,0.780608369104575,0.727619192804603,0.0691912843075633,0.302997275204359,8.7,2344,1
1782,Den Helder,1.9,0.828212007422391,0.843028624192059,0.0409638554216867,0.283155856727976,10.5,2430,1
1783,Den Helder,1.9,0.685200594945484,0.805584016393442,0,0.265774378585086,9.2,1409,0
1784,Den Helder,2,0.776029401224601,0.825379156810908,0,0.243141473910704,10.6,1533,1
1785,Den Helder,1.9,0.917706024589847,0.801511557345396,0,0.254265272427077,8.7,1429,1
1786,Den Helder,2.2,1.60325775084629,0.898675747256905,0,0.413793103448275,22,168,1
1787,Den Helder,2.4,1.2602433636667,0.877962962962963,0,0.270114942528735,26.6,667,1
1788,Den Helder,2.3,1.26303795918744,0.737300639359235,0,0.281263337601365,19.9,1410,1
1789,Den Helder,2,1.23749056951579,0.814636283961437,0,0.310344827586206,30.9,338,1
1791,Texel,2,0.918660352088162,0.861789960369881,0.388886759915692,0.27253814147018,13.4,905,1
1792,Texel,2.1,1.09765349874584,0.857214680744092,0.440351906158357,0.318493150684931,21.3,211,1
1793,Texel,2.1,1.40897247832608,0.970580902518075,0.0684562034420755,0.378787878787878,23.6,40,0
1794,Texel,2.2,1.11191569358823,0.946746914520798,0.118773638046189,0.303030303030303,19.3,142,1
1795,Texel,2,1.22077224125735,0.907419150285351,0.154387541179994,0.303418803418803,19.6,147,0
1796,Texel,1.9,1.14473030405323,0.854096036491401,0.355874711316397,0.328413284132841,19.3,398,1
1797,Texel,1.9,1.08410854032589,0.948597643624231,0.174873598593097,0.271794871794871,21,74,1
1811,Alkmaar,1.5,0.601062376526959,0.594272076372315,0.99874602316164,0.263736263736263,13.6,4260,1
1812,Alkmaar,2.1,0.886942065811321,0.8043754923944,0,0.34090909090909,21.9,989,1
1813,Alkmaar,2,0.810698753089629,0.739642977433479,0.184619105444242,0.251523545706371,10.3,2677,1
1814,Alkmaar,2,0.802038748627724,0.777250593082781,0.62345799892384,0.255838090295796,19.2,3379,1
1815,Alkmaar,1.9,0.785934215741418,0.584239929432519,0.896786244792911,0.280555555555555,22.9,3323,1
1816,Alkmaar,1.8,0.751039770510018,0.76554054054054,0.00448661370991468,0.26463700234192,12,2195,1
1817,Alkmaar,2,0.836490530557496,0.586748881634627,0.318771893674016,0.269230769230769,22.9,1844,1
1821,Alkmaar,1.9,0.790946143913122,0.704563031709203,0.25078433811164,0.277108433734939,13.5,2956,1
1822,Alkmaar,2.7,1.17610365568072,0.661035072711719,0,0.281951975213013,37.4,1572,1
1823,Alkmaar,2.1,0.878304180977278,0.62072279892349,0.326083260658001,0.293800539083557,19.9,3025,1
1824,Alkmaar,2.1,0.83108169102342,0.761064948278785,0.0165998217468805,0.242227979274611,12.7,2249,1
1825,Alkmaar,2,0.834371487942544,0.878864498333524,0,0.267326732673267,10.4,2127,1
1826,Alkmaar,2.1,0.907452984723014,0.823577906018136,0,0.245573518090839,11.9,2548,1
1827,Alkmaar,2.2,1.04202255190131,0.80190431955411,0,0.294915254237288,17.5,2025,1
1829,Alkmaar,2.2,1.03730452777239,0.709567842989243,0,0.254635352286773,25.1,1250,1
1831,Alkmaar,2.2,0.822391347324071,0.826789195210247,0,0.286610878661087,16.3,1199,1
1832,Dijk en Waard,2.6,1.45679497745676,0.921035598705501,0,0.339622641509433,35.2,56,0
1834,Dijk en Waard,2.4,1.15313108028227,0.701633165829145,0,0.28839590443686,28.2,1093,1
1841,Alkmaar,2.3,1.3070314272641,0.89921530161844,0,0.285714285714285,26.4,251,1
1842,Alkmaar,2.5,1.63495443311813,0.959480635773449,0,0.360655737704918,38.9,113,0
1843,Alkmaar,2.3,1.38099963044621,0.959844120637072,0,0.30281690140845,31.5,75,1
1844,Alkmaar,2.4,1.53600226876753,0.98666296193387,0,0.413043478260869,22,20,0
1846,Alkmaar,2.5,1.39115157796378,0.967944816392777,0,0.329113924050632,35.7,38,0
1847,Alkmaar,2.6,1.47645396613032,0.992901346923917,0,0.288461538461538,36.9,55,0
1851,Heiloo,2.2,1.37345852946303,0.762659038510801,0,0.310358408822371,30.2,1290,1
1852,Heiloo,2.1,1.0399489816042,0.815782177119724,0,0.27316370619299,25.4,1480,1
1853,Heiloo,2.6,1.16823225782213,0.796422487223168,0,0.242677824267782,43,1527,1
1861,Bergen (NH.),2,1.06096216155286,0.818602386169953,0.0743109260360896,0.298993028659953,31.7,1122,1
1862,Bergen (NH.),2,1.007990389186,0.858652864849103,0,0.283064516129032,23,1147,1
1865,Bergen (NH.),1.7,1.04922739412285,0.85442284807616,0,0.294117647058823,26.8,165,1
1871,Bergen (NH.),2.1,1.18018155804287,0.91766090414739,0,0.311974789915966,27,443,1
1873,Bergen (NH.),2.1,1.23966219850431,0.837988826815642,0,0.333333333333333,21.1,361,1
1901,Castricum,2.1,0.95772072827342,0.717362870922913,0,0.277345072807314,26,1660,0
1902,Castricum,2.1,0.983102761481942,0.770294221907125,0,0.280558789289871,26.4,1779,1
1906,Castricum,2.3,1.23628184675207,0.761519920601162,0,0.298584298584298,32.4,830,1
1911,Uitgeest,2.3,1.25663957692846,0.827036452711118,0,0.298134328358208,28.7,1096,0
1921,Castricum,2.4,1.27564415170844,0.828,0,0.28023598820059,26.9,533,1
1931,Bergen (NH.),1.9,0.985145619698226,0.877375016844091,0,0.273420479302832,16.4,1224,1
1934,Bergen (NH.),2.3,1.19560447783844,0.897354602199544,0,0.318820224719101,26.3,499,1
1935,Bergen (NH.),2.2,1.19241149869372,0.833491461100569,0,0.321011673151751,26.5,402,1
1941,Beverwijk,1.6,0.719843304892004,0.769585253456221,0.730373838788588,0.231903485254691,6.1,2946,1
1942,Beverwijk,2,1.02493242507259,0.63,0.0818071527748947,0.305220883534136,28.4,2876,1
1943,Beverwijk,2.3,1.04605558194636,0.745385587863464,0,0.27705223880597,22.4,2721,1
1944,Beverwijk,2.1,0.98585097304271,0.787109375,0,0.259722222222222,15,3300,1
1945,Beverwijk,2,0.931480435333153,0.79016503873358,0,0.249481686247408,13.1,3601,1
1946,Beverwijk,2.2,0.928159711467566,0.767326732673267,0,0.259100642398286,9.5,3210,1
1947,Beverwijk,2.1,1.02436516509259,0.881288199341795,0.0273406241664443,0.256144890038809,10.8,3273,1
1948,Beverwijk,3,1.52011678044063,0.703844112518007,0.0122266508671765,0.306320907617504,43.6,1557,1
1949,Beverwijk,1.9,0.994694231916798,0.687744458930899,0,0.327146171693735,18.4,436,1
1951,Velsen,2.1,0.892617035448396,0.772250067732321,0,0.247594050743657,10.9,1059,0
1961,Heemskerk,1.6,0.849630255238175,0.868499257057949,0,0.22568093385214,9.9,2871,1
1962,Heemskerk,2.1,0.939840163014776,0.778564487019297,0,0.247435897435897,11.9,2457,1
1963,Heemskerk,2.3,1.15803619093003,0.715336322869955,0,0.273542600896861,23.8,1632,1
1964,Heemskerk,2.1,1.05996571474017,0.656424581005586,0,0.269807280513918,19.1,2584,1
1965,Heemskerk,2.4,1.27622161272574,0.655080213903743,0,0.31787521079258,31.6,3134,1
1966,Heemskerk,2,0.887899695991124,0.82011116725619,0,0.257367387033398,8,3054,1
1967,Heemskerk,2.7,1.39235204874915,0.774700201634299,0,0.332053742802303,39.8,1489,1
1968,Heemskerk,2.2,1.40926574155843,0.903452899765336,0,0.327868852459016,31.1,319,1
1969,Heemskerk,2.5,1.40685461026965,0.819156061620897,0,0.322709163346613,38.3,1125,0
1971,Velsen,2.1,0.973670192673942,0.822970297029702,0.0411437579091099,0.291852678571428,16.4,2347,1
1972,Velsen,2,0.882807041457962,0.895833333333333,0.00915020719891465,0.266707168894289,10.2,3005,1
1973,Velsen,2,0.917225342073762,0.867350208266581,0,0.249363867684478,12.9,2949,1
1974,Velsen,2.1,0.960147221515885,0.8504711183941,0,0.272946859903381,12.5,1744,1
1975,Velsen,1.9,0.829616884086227,0.947263017356475,0,0.268292682926829,10.1,1996,1
1976,Velsen,1.6,1.01098525651028,0.842396907216494,0,0.296875,14.4,1158,1
1981,Velsen,2.2,1.10187062020873,0.924547343425348,0,0.304449648711943,34.4,620,1
1985,Velsen,2.3,1.21935242723329,0.715421636325591,0,0.28526148969889,42.8,874,1
1991,Velsen,2.4,1.20281233258166,0.81640698329266,0,0.324809160305343,28.8,1969,1
1992,Velsen,2.4,1.19496938845617,0.860226659471127,0,0.335012594458438,35.5,1366,1
2011,Haarlem,1.6,0.538179319018976,0.638147677537766,0.973673155425876,0.262328767123287,20,5693,1
2012,Haarlem,2,0.83154759407238,0.592713567839195,0.560036032217041,0.270156667940389,34.3,4004,1
2013,Haarlem,2,0.65952115796329,0.941089292330492,1,0.284508740204942,26.7,4769,1
2014,Haarlem,2.2,0.817333805913661,0.701354108699684,0.323170275549087,0.264374295377677,31.4,2894,1
2015,Haarlem,2,0.9057519667235,0.562378546443839,0.367797730206207,0.284210526315789,32.8,2115,1
2019,Haarlem,1.8,0.791581042263233,0.0632911392405063,1,0.333333333333333,22,5775,1
2021,Haarlem,1.9,0.604565823201435,0.85559777842736,0.514391726927778,0.227868852459016,19.4,3999,1
2022,Haarlem,2.3,0.837448550337191,0.871310116086235,0.0650916453035361,0.265539803707742,25.5,3478,1
2023,Haarlem,2.4,0.812662864864525,0.717154331612162,0.323,0.277611940298507,38.7,3855,1
2024,Haarlem,2.2,0.845210075976176,0.696022201665124,0,0.268463611859838,32.3,3170,1
2025,Haarlem,2.1,0.801834548525577,0.870285512865703,0,0.251405212059274,19.4,2638,1
2026,Haarlem,2.3,0.89638128296766,0.855205935021744,0,0.271844660194174,24.9,2320,1
2031,Haarlem,2.1,0.956641480509354,0.640446710366593,0.0335481425322213,0.288177339901477,33.7,2374,1
2032,Haarlem,1.9,0.680700011331634,0.944326133252205,0.234922438183086,0.245283018867924,17.2,4328,1
2033,Haarlem,2,0.788322715538669,0.853821049768833,0.0365076069299149,0.251713632901751,14.2,3286,1
2034,Haarlem,1.9,0.66060667104555,0.850245053548738,0,0.263414634146341,10.4,3694,1
2035,Haarlem,2.2,0.797229033115477,0.828905898244034,0.00117619230738808,0.214478660183684,18.3,3459,1
2036,Haarlem,2,0.851028908814893,0.867593712212817,0,0.262295081967213,13.3,3066,1
2037,Haarlem,2.2,0.761477865127641,0.896619304262616,0.185922601348872,0.253731343283582,9.4,3534,1
2041,Zandvoort,2,1.22378496758497,0.901596037424325,0.920644609937736,0.296060991105463,13.7,1819,1
2042,Zandvoort,1.9,1.22378496758497,0.588665447897623,0.794912162714748,0.308634772462077,23.1,2042,0
2051,Bloemendaal,2.4,1.00740307311286,0.774606811790438,0.00383191664271296,0.296498905908096,52.3,1710,0
2061,Bloemendaal,2.2,1.04898864898527,0.814144296798359,0,0.300222386953298,38.2,1317,1
2063,Haarlem,2.1,1.11593193654131,0.928902627511591,0,0.302521008403361,25.4,459,1
2064,Haarlemmermeer,2.5,1.18577992009054,0.936915046796256,0,0.272214386459802,35.7,425,1
2065,Haarlemmermeer,2.3,1.22378496758497,0.969649067341131,0,0.390625,37.1,130,0
2071,Velsen,2.2,1.14605445090086,0.75696542463914,0,0.2930200414651,32.4,1656,1
2082,Velsen,2.3,1.12747451294299,0.784137228260869,0,0.324404761904761,41.9,1306,1
2101,Heemstede,2,0.927500400644211,0.729602733874412,0.0444964871194379,0.26281208935611,28.9,2385,1
2102,Heemstede,2.4,1.1501030229876,0.635512535702951,0,0.263396911898274,47.4,2172,1
2103,Heemstede,2.4,1.07037334543917,0.824975417895771,0,0.277044854881266,38,1507,1
2104,Heemstede,2.2,1.12067635250805,0.799966936683749,0,0.275769745649263,27.6,776,1
2105,Heemstede,2,1.14378610686953,0.713632404181184,0,0.276568501920614,29.2,1316,1
2106,Heemstede,2.4,1.12165329026556,0.566541117388575,0.0451523545706371,0.294599018003273,48.3,1754,1
2111,Bloemendaal,2.6,1.40838922287284,0.823475235366352,0,0.308247422680412,58.4,871,1
2114,Bloemendaal,2.1,1.19137301234033,0.803334596438044,0,0.334851936218678,26.7,440,0
2116,Zandvoort,2.1,1.22378496758497,0.79882697947214,0,0.257281553398058,42,313,1
2121,Bloemendaal,2.2,1.19724415731458,0.740337711069418,0,0.28110599078341,32.1,838,1
2131,Haarlemmermeer,2.3,0.919401111172413,0.714277993947254,0.0174774911099341,0.249204183719872,26,2169,0
2132,Haarlemmermeer,2,0.790371455432684,0.664321756104747,0.176997283361978,0.214031339031339,19,1886,1
2133,Haarlemmermeer,2.2,0.8025933453993,0.80644867474269,0,0.257197696737044,21.2,2307,1
2134,Haarlemmermeer,2.5,1.11501667447452,0.76407489685814,0,0.313334520206515,31.3,1772,1
2135,Haarlemmermeer,2.4,1.07079618318546,0.867498549042368,0,0.289140748550342,32.1,2094,1
2136,Haarlemmermeer,2.5,1.40878720461036,0.843613267466478,0,0.328767123287671,39.4,531,1
2141,Haarlemmermeer,2.3,1.12909690885052,0.915106841146264,0,0.332993890020366,33.7,647,0
2142,Haarlemmermeer,2.4,1.01752887579305,0.736444045635175,0,0.250681198910081,36.3,646,1
2143,Haarlemmermeer,1.7,0.91451932886657,0.759803921568627,0,0.285714285714285,22,73,1
2144,Haarlemmermeer,2.3,1.19143840508022,0.739514348785872,0,0.35820895522388,30.9,1165,1
2151,Haarlemmermeer,2.5,1.11352786307032,0.751297961251108,0,0.313762626262626,31.2,1756,1
2152,Haarlemmermeer,2.5,1.09975049130218,0.78350154191197,0,0.315810434090004,33.5,1558,1
2153,Haarlemmermeer,2.2,0.981690025784819,0.749884916372564,0.0427665234295068,0.248882265275707,18.3,1019,1
2154,Haarlemmermeer,2.3,1.19823483316446,0.760529482551143,0,0.279411764705882,27.7,54,0
2155,Haarlemmermeer,2.4,1.43997381819875,0.758264462809917,0,0.25,22,298,1
2156,Haarlemmermeer,2.3,1.21491600948019,0.869565217391304,0,0.306666666666666,32.3,424,1
2157,Haarlemmermeer,2.4,1.50180441188512,0.913767579570688,0,0.288537549407114,24.4,113,1
2158,Haarlemmermeer,2.2,1.21367380824697,0.87928007023705,0,0.305263157894736,21.4,139,1
2159,Kaag en Braassem,2,1.34553696917492,0.891228070175438,0,0.397590361445783,39.1,137,1
2161,Lisse,2.1,1.08984743661474,0.781614251154607,0,0.264638783269962,23.1,1789,1
2162,Lisse,2.3,1.17151707282042,0.848896068928379,0,0.29879679144385,23,1453,1
2163,Lisse,2.2,0.871030170630752,0.845591307981613,0,0.277087033747779,19.3,1602,1
2165,Haarlemmermeer,2.4,1.52810732546089,0.785963244613434,0,0.325337331334332,28.9,1206,1
2171,Teylingen,2.1,0.820892610815891,0.644733094057995,0,0.278468899521531,24.2,1669,1
2172,Teylingen,2.3,1.25877143479745,0.627646100958928,0,0.269094138543516,23.9,1744,1
2181,Hillegom,2.2,1.02867019984384,0.684256536596995,0,0.279515640766902,21.8,1781,1
2182,Hillegom,2.2,1.07639472956047,0.751403689698636,0,0.271987601704765,21.3,1463,1
2191,Noordwijk,2.3,1.1629115448197,0.783641715727502,0,0.275574112734864,26.3,323,1
2201,Noordwijk,2.2,1.02917308651185,0.707237008231907,0.0113537929854066,0.29171270718232,24.5,1816,1
2202,Noordwijk,1.9,1.03537802798132,0.755916473317865,0.35586249232658,0.294409937888198,26.1,1612,1
2203,Noordwijk,2.1,1.02274790161362,0.841684434968017,0.00443212251017007,0.24040404040404,22,1831,1
2204,Noordwijk,2.2,1.22753936861344,0.957761677200554,0.322066634476098,0.342995169082125,39.6,284,0
2211,Noordwijk,2.2,1.00141425261149,0.793783600954178,0,0.277137042062415,22.6,1275,1
2212,Noordwijk,2.7,1.43821654571619,0.936550491510277,0,0.217171717171717,42.9,1147,1
2215,Teylingen,2.5,1.19332316719645,0.763085910334276,0,0.301760777170613,34.5,1432,1
2216,Teylingen,2.3,1.04467584539492,0.938508064516129,0,0.2,21.2,1189,1
2221,Katwijk,2.3,0.629034877837141,0.841321585903083,0.0866058659491084,0.239049740163325,17.4,2397,1
2222,Katwijk,1.4,1.57239756616721,0.790463692038495,0,0.244058171179493,22,1601,1
2223,Katwijk,2.2,1.06053758025046,0.748131868131868,0,0.273819055244195,21.8,1976,1
2224,Katwijk,2.4,0.909354539547005,0.759165516183463,0,0.273901808785529,20.4,2621,1
2225,Katwijk,2.4,0.800395470430311,0.738871041762276,0.413291925465838,0.247954464603344,24,2360,1
2231,Katwijk,2.4,0.97762982854599,0.726357818738719,0,0.266301035953686,26.4,2064,1
2232,Katwijk,2.9,1.00461749676182,0.666666666666666,0,0.24390243902439,41.5,1322,1
2235,Katwijk,2.7,1.05786311399884,0.732468674433941,0,0.257370517928286,32.4,1243,1
2241,Wassenaar,2.2,0.866831585845342,0.815269927091013,0,0.281234925229136,23.5,1911,1
2242,Wassenaar,2.2,0.989961099909784,0.771350042536483,0,0.29501312335958,33.7,1760,0
2243,Wassenaar,2.2,1.3069982059959,0.922574157868275,0,0.311224489795918,58.9,380,1
2244,Wassenaar,2.7,1.32930817461323,0.764584014829353,0.00513405590416429,0.332530120481927,69.9,472,1
2245,Wassenaar,2,1.04633730524768,0.902774539519701,0,0.307339449541284,31.5,453,1
2251,Voorschoten,2.2,1.03982364117133,0.742151839776432,0,0.295900178253119,27,1730,1
2252,Voorschoten,2.3,1.10094968710718,0.63643583227446,0,0.278917910447761,38.8,1693,1
2253,Voorschoten,2.1,0.957072584032187,0.757318110044941,0,0.244363193174893,27.9,2210,1
2254,Voorschoten,2.6,1.25542843321602,0.680122324159021,0,0.325443786982248,46.5,1228,1
2261,Leidschendam-Voorburg,2.1,0.941882756923947,0.576466816287271,0,0.264321608040201,26.6,2207,1
2262,Leidschendam-Voorburg,1.8,0.646762842658477,0.363308541807527,0,0.229954614220877,6.2,2906,1
2263,Leidschendam-Voorburg,2.1,0.731503017083415,0.743396886478922,0,0.237779618889809,7.6,2438,1
2264,Leidschendam-Voorburg,2.2,1.01262171249185,0.604377337581382,0,0.273672055427251,27.5,2968,1
2265,Leidschendam-Voorburg,2,0.955628680082952,0.714164185452998,0,0.263691683569979,24.5,2508,1
2266,Leidschendam-Voorburg,2.3,1.15972659074046,0.837857228267368,0,0.287330316742081,22.4,1361,0
2267,Leidschendam-Voorburg,2.5,1.35001926548882,0.495069033530571,0,0.329268292682926,62.3,1353,1
2271,Leidschendam-Voorburg,2.3,0.993999870504308,0.67297162767546,0,0.289256198347107,41.1,2457,1
2272,Leidschendam-Voorburg,2.1,0.922166844467386,0.678751399776035,0,0.279178885630498,30.7,2853,1
2273,Leidschendam-Voorburg,1.8,0.638139189421952,0.716515609264854,0,0.239002267573696,10.6,4259,1
2274,Leidschendam-Voorburg,1.9,0.702080365773528,0.80334936163157,0,0.243567753001715,22.9,4081,1
2275,Leidschendam-Voorburg,2.4,0.957992353434605,0.620468557336621,0,0.293264248704663,46.1,2603,1
2281,Rijswijk,2.2,0.892119201716501,0.777777777777777,0.0110837438423645,0.287380699893955,37.4,4031,1
2282,Rijswijk,1.9,0.728978729648877,0.83782991202346,0.0463749610774758,0.265364459266317,17,4005,1
2283,Rijswijk,1.8,0.778380965249847,0.842592592592592,0.0238080931180706,0.235339506172839,9.3,3187,1
2284,Rijswijk,1.7,0.632903620358926,0.568905131719202,0.136973327045486,0.212971926427879,6.7,3746,1
2285,Rijswijk,2,0.922197237103318,0.825886688162137,0,0.267857142857142,21.3,3420,1
2286,Rijswijk,2.5,0.928794940323488,0.877326795605193,0,0.203276247207743,24.4,2690,1
2287,Rijswijk,2,0.706794693639367,0.918974358974359,0,0.227678571428571,8.6,3105,1
2288,Rijswijk,2.1,0.61178210121605,0.650815960021863,0,0.17983963344788,31.2,1986,1
2289,Rijswijk,2.1,0.852581903025688,0.628398322199782,0,0.299727520435967,31.9,1538,1
2291,Westland,2.3,1.14398698929665,0.798756846575173,0,0.259206292456203,26.4,2302,1
2292,Westland,2.7,1.53236838631513,0.775426219870664,0,0.344522968197879,38.8,2095,1
2295,Westland,2.3,1.18861069898986,0.797162796018762,0,0.28954081632653,26.3,605,1
2311,Leiden,1.4,0.26826818127383,0.80091059602649,1,0.165052816901408,18.6,5630,1
2312,Leiden,1.4,0.257495082254952,0.625269978401727,1,0.174639580602883,12.3,5690,1
2313,Leiden,2,0.695998895484947,0.830515948846097,1,0.284444444444444,31.7,4423,1
2314,Leiden,2.2,0.864775673972504,0.716695132365499,0.0107238605898123,0.279613215149073,31.4,2843,1
2315,Leiden,1.9,0.59828846954055,0.783031988873435,0.989299350458635,0.218463302752293,10.4,4573,1
2316,Leiden,1.8,0.514424976035247,0.714458560193587,0.99809483488569,0.225174825174825,18.2,4681,1
2317,Leiden,2.2,0.793943551419017,0.690056857578699,0,0.260727611940298,20.7,2539,1
2318,Leiden,2.4,0.927695327289511,0.7318628753654,0,0.285053929121725,37.2,2073,1
2321,Leiden,1.6,0.462030959096738,0.61742751630392,0.987242880131807,0.19429241594996,11.8,3882,1
2322,Leiden,1.3,1.22378496758497,0.956794972505891,0,0.159090909090909,22,835,1
2323,Leiden,1.9,0.9282458309755,0.764251207729468,0,0.352941176470588,22,1268,1
2324,Leiden,1.7,0.579284341138441,0.783265814895606,0.861759044712559,0.231811339688911,10.4,3343,1
2331,Leiden,2.2,0.898271125713913,0.867236842105263,0,0.307009345794392,22.6,2155,1
2332,Leiden,1.8,0.586475383018171,0.691188811188811,0.994437260447024,0.230550284629981,15.5,3101,1
2333,Leiden,1.3,1.22378496758497,0.478958400515962,0.218818380743982,0.100116414435389,26.8,2566,1
2334,Leiden,1.9,0.541971979582661,0.595947315096251,0.745190121397858,0.227758007117437,35.5,2369,1
2341,Oegstgeest,2.2,0.950569779530895,0.68295371050698,0,0.280059376546264,39.4,1917,1
2342,Oegstgeest,2.7,1.12199941194071,0.729672200936568,0,0.230601092896174,51.8,1279,1
2343,Oegstgeest,2.2,0.991811863405008,0.650970475669764,0,0.274944567627494,28.5,1824,1
2351,Leiderdorp,2.4,1.1519584770664,0.74532065050629,0,0.30178069353327,36.2,1715,0
2352,Leiderdorp,2,1.22378496758497,0.707202002695936,0,0.249720044792833,17.2,3285,1
2353,Leiderdorp,2.2,1.22506023926322,0.722862129144851,0,0.275529149647233,26.4,2302,1
2355,Kaag en Braassem,2.2,1.0465220835193,0.902921485088253,0,0.303206997084548,26.6,219,1
2361,Teylingen,2.1,1.04543728175431,0.814144071226224,0,0.283114256825075,27.4,791,1
2362,Teylingen,2.2,1.4944025871382,0.998469778117827,0,0.303030303030303,22,70,1
2371,Kaag en Braassem,2.3,1.02915373471701,0.799611201597225,0,0.241943241943241,26.8,1107,1
2374,Kaag en Braassem,2.3,1.29042269182961,0.941476909980847,0,0.317880794701986,30.4,171,1
2375,Kaag en Braassem,2.3,1.17058117113439,0.946567164179104,0,0.306990881458966,25.7,218,1
2376,Kaag en Braassem,2.4,1.06556874058899,0.822337962962962,0,0.326388888888888,32.2,438,1
2377,Kaag en Braassem,2.2,1.08694999906889,0.883555133079847,0,0.31057563587684,23.8,842,1
2381,Zoeterwoude,2.2,1.03759111248551,0.892980969258032,0,0.281437125748503,25.6,569,0
2382,Zoeterwoude,2.3,1.09408467384428,0.681516008252464,0,0.258530183727034,30.5,1310,0
2391,Alphen aan den Rijn,2.4,1.28427264572478,0.805912370226992,0,0.264822134387351,29.7,513,1
2394,Alphen aan den Rijn,2.3,1.09484268542269,0.695110761567702,0,0.267064846416382,20.1,822,1
2396,Alphen aan den Rijn,2.3,1.21671337077508,0.816638608305275,0,0.267554479418886,25.7,815,0
2401,Alphen aan den Rijn,2.2,0.905487658979571,0.846505348426628,0,0.262146289375333,21.2,1994,1
2402,Alphen aan den Rijn,2.1,0.855739342678612,0.770731707317073,0,0.25721687638786,13.7,3078,1
2403,Alphen aan den Rijn,2.2,1.1845246072764,0.821172638436482,0,0.251360712518555,17.1,2179,1
2404,Alphen aan den Rijn,1.8,1.22378496758497,0.621671346954585,0.000545078859268771,0.257009345794392,9.8,2234,1
2405,Alphen aan den Rijn,2,0.97737583163077,0.614093494243307,0.458406578912344,0.261846901579586,18.8,3077,1
2406,Alphen aan den Rijn,2.2,0.971830256792083,0.604157755154418,0.368734069668649,0.267765190525231,22.5,2770,1
2407,Alphen aan den Rijn,2.3,1.25402528798927,0.934068022040661,0,0.367231638418079,33.7,248,1
2408,Alphen aan den Rijn,2.4,1.0956706570214,0.738513204090978,0,0.301308827624617,36,2127,1
2409,Alphen aan den Rijn,2.5,1.24618229589801,0.990112994350282,0,0.351367856999531,22,126,0
2411,Bodegraven-Reeuwijk,2.3,1.04490291741669,0.759773474607234,0,0.264257481648786,23,1615,1
2412,Bodegraven-Reeuwijk,3,1.2281527441645,0.800907258064516,0,0.167487684729064,40,962,1
2415,Bodegraven-Reeuwijk,2.5,1.34659018463758,0.860266555601832,0,0.315245478036175,33.2,210,1
2421,Nieuwkoop,2.4,1.19292545831356,0.833172322183311,0,0.272775705913692,25.8,778,1
2431,Nieuwkoop,2.3,1.22378496758497,0.838669177652228,0,0.268493150684931,28.7,212,1
2432,Nieuwkoop,2.6,1.57104135021915,0.95929203539823,0,0.325,22,80,1
2435,Nieuwkoop,2.3,1.2946220274991,0.944454319232136,0,0.315359477124183,25.5,226,0
2441,Nieuwkoop,2.5,1.30264361072362,0.823279025392631,0,0.291571753986332,27.3,429,1
2445,Alphen aan den Rijn,2.4,1.4326548022158,0.962481636343089,0,0.315573770491803,34.6,107,0
2451,Kaag en Braassem,2.2,1.52585651154568,0.869736842105263,0,0.279045643153527,26,564,0
2461,Nieuwkoop,2.3,1.20821190322666,0.820053231306662,0,0.272633744855967,25.6,467,1
2465,Kaag en Braassem,2.2,1.13728967297638,0.905935854475825,0,0.334645669291338,33.2,179,1
2471,Alphen aan den Rijn,2.2,1.22378496758497,0.866845098695215,0,0.325268817204301,25.4,225,1
2481,Kaag en Braassem,2.3,1.1046061025085,0.85072262918234,0,0.289580514208389,27.6,487,1
2491,'s-Gravenhage,2.4,1.22378496758497,0.540603455994269,0,0.395833333333333,22,1330,1
2492,'s-Gravenhage,2.6,1.13464389115301,0.847314265783048,0,0.346232179226069,38.8,1488,1
2493,'s-Gravenhage,2.9,1.12945259642695,0.825925925925926,0,0.311069882498453,44,1497,1
2495,'s-Gravenhage,2.1,1.36532294666409,0.849845882870982,0,0.323529411764705,22,1328,0
2496,'s-Gravenhage,2.5,1.11160554329507,0.884464902186421,0.265146974855275,0.299045138888888,33.4,1770,1
2497,'s-Gravenhage,2.5,1.03767553358656,0.762524970035956,0,0.322880940715335,31.7,1689,1
2498,'s-Gravenhage,2.9,1.21640465485004,0.687002172338884,0,0.384951881014873,48.9,1090,1
2511,'s-Gravenhage,1.6,0.320472385205741,0.23992133726647,1,0.192479856759176,16.3,7241,1
2512,'s-Gravenhage,1.7,0.335727010068431,0.742718446601941,1,0.24040404040404,8.2,8826,1
2513,'s-Gravenhage,1.7,0.404784803395323,0.656085918854415,1,0.250454821103699,14.7,8068,1
2514,'s-Gravenhage,1.6,0.478728264955379,0.706171257740764,1,0.253213367609254,25,5247,1
2515,'s-Gravenhage,1.8,0.367723402576905,0.933108487914558,0.999924740605955,0.234446130500758,8.5,7719,1
2516,'s-Gravenhage,1.8,1.22378496758497,0.706380098155356,0.306347053888575,0.207779886148007,8.1,5320,1
2517,'s-Gravenhage,1.7,0.548186429520505,0.779307970390772,0.999944789802446,0.262795698924731,27.3,6018,1
2518,'s-Gravenhage,1.6,0.41387307210305,0.790303738317757,1,0.236996644295302,18.5,7203,1
2521,'s-Gravenhage,1.6,0.346692258940383,0.853872053872053,1,0.175176747839748,6.3,7336,1
2522,'s-Gravenhage,1.9,0.514433730006006,0.931636155606407,1,0.23308851952068,6.4,6585,1
2523,'s-Gravenhage,1.9,0.550067134312758,0.945347119645494,1,0.249780123131046,7.5,5768,1
2524,'s-Gravenhage,2.1,0.676142026505146,0.953346855983772,1,0.267657992565055,10.9,4741,1
2525,'s-Gravenhage,2.3,0.612136761808776,0.830716134598792,1,0.259803921568627,10.6,7608,1
2526,'s-Gravenhage,2.1,0.457952594192791,0.910830201571575,1,0.25019425019425,7.5,8650,1
2531,'s-Gravenhage,1.9,0.576159604556271,0.823667527588635,0.704389965792474,0.251729643427355,7.3,4624,1
2532,'s-Gravenhage,1.9,0.552268608905647,0.925544100801832,0.174657085273744,0.213930348258706,6.3,4043,1
2533,'s-Gravenhage,1.9,0.484278585277992,0.747189722413397,0.0785231808412649,0.262306136210384,4.5,4389,1
2541,'s-Gravenhage,1.9,0.544995462953257,0.793077689243027,0.0602011018431695,0.255871446229913,5,4337,1
2542,'s-Gravenhage,2.1,0.60898548150673,0.837962962962962,0,0.232689590202543,8.2,3389,1
2543,'s-Gravenhage,2.1,0.650883636146265,0.7312734082397,0,0.256851996867658,7.6,3709,1
2544,'s-Gravenhage,2,0.586507044308485,0.809734939759036,2.97347630814314e-05,0.258026624902114,9.7,3430,1
2545,'s-Gravenhage,2,0.669205561622569,0.728676379031253,0.222530758714969,0.240362811791383,11.9,4724,1
2546,'s-Gravenhage,1.9,0.642139088153074,0.856555692560624,0.999402930788175,0.242063492063492,11.5,5711,1
2547,'s-Gravenhage,1.8,0.611154522908183,0.87027027027027,0.96783893767402,0.245260663507109,7.8,6213,1
2548,'s-Gravenhage,2.6,1.08660424274755,0.779142367066895,0,0.291849989524408,34.7,2732,1
2551,'s-Gravenhage,1.9,0.690413127855997,0.90998146677257,0,0.245606326889279,8.9,4558,1
2552,'s-Gravenhage,2.1,0.787949217642173,0.802576664852114,0.181748813022835,0.262685643564356,15.7,4314,1
2553,'s-Gravenhage,2.2,0.86850736716237,0.783694211224038,0,0.274664561957379,26.5,2201,1
2554,'s-Gravenhage,1.9,0.885076432671527,0.753654258429156,0,0.278752436647173,30,1676,1
2555,'s-Gravenhage,1.6,0.674126544454131,0.77813021702838,0.0620526531038416,0.254310344827586,12.7,3858,1
2561,'s-Gravenhage,1.9,0.521756090736942,0.960705693664795,1,0.248419150858175,20.5,8175,1
2562,'s-Gravenhage,1.7,0.429381793367172,0.955522827687776,1,0.231115107913669,11.7,8815,1
2563,'s-Gravenhage,1.8,0.517165521341587,0.917276166456494,1,0.251196172248803,14.9,7780,1
2564,'s-Gravenhage,2.1,0.733902750931907,0.922394678492239,0.979146634615384,0.280724450194049,26.8,5324,1
2565,'s-Gravenhage,2,0.675212670150749,0.794294294294294,0.900710989399419,0.280177634234961,21.2,5520,1
2566,'s-Gravenhage,2.3,0.992794019097596,0.567454954954954,0.550034220507507,0.319133034379671,44,3242,1
2571,'s-Gravenhage,1.9,0.465648365495468,0.899945770065075,1,0.231903485254691,7.9,8572,1
2572,'s-Gravenhage,2.3,0.602519691080728,0.934891485809682,1,0.256833419288292,12.2,7669,1
2573,'s-Gravenhage,1.9,0.527831222544455,0.93493690851735,1,0.244005641748942,7.5,7542,1
2574,'s-Gravenhage,1.9,0.597012101114984,0.980830670926517,1,0.250511945392491,7.9,7457,1
2581,'s-Gravenhage,2.1,0.733151893785908,0.977497749774977,1,0.28909952606635,28.3,4108,1
2582,'s-Gravenhage,2.1,0.663272862806224,0.902096177558569,1,0.313683071930773,38,4392,1
2583,'s-Gravenhage,1.9,0.656177624807958,0.798114689709348,0.995573148906251,0.275635767022149,14,3197,1
2584,'s-Gravenhage,1.9,0.600301377664971,0.860056258790436,0.986005626907621,0.257342657342657,17.5,4367,1
2585,'s-Gravenhage,1.8,0.65425338607016,0.727763435813189,0.955040439822413,0.292718096611391,31,3455,1
2586,'s-Gravenhage,1.8,0.599412494003616,0.567941213102503,0.998026315789473,0.266707920792079,18.5,3748,1
2587,'s-Gravenhage,1.9,0.653777737737848,0.691234084231146,0.994686503719447,0.273428232502965,30.6,2769,1
2591,'s-Gravenhage,1.8,0.590243625521714,0.831911417680159,0,0.244047619047619,10.9,2956,1
2592,'s-Gravenhage,1.7,0.571103179144193,0.808467107333962,0.0202452793459217,0.237491190979563,8.8,3367,1
2593,'s-Gravenhage,1.7,0.520552556794942,0.834085778781038,0.918559962738294,0.214525139664804,20.7,4248,1
2594,'s-Gravenhage,1.8,0.607425187246131,0.781735505873436,0.379119179821718,0.275184275184275,39.4,3350,1
2595,'s-Gravenhage,1.7,0.424347048657143,0.732195326710507,0.999331679321286,0.210427430718647,23.2,4922,1
2596,'s-Gravenhage,2.2,0.754269408861243,0.568823690704688,0.977102916365389,0.282514001244555,48.6,2729,1
2597,'s-Gravenhage,2,0.871170490808112,0.750201396348012,0.834276230512611,0.251231527093596,36.6,1611,1
2611,Delft,1.4,0.339909810544261,0.604309806371018,0.987598889772194,0.191245066379619,18.6,4905,1
2612,Delft,1.7,0.562865062181933,0.711978291768962,0.558552858340609,0.212213740458015,15,2812,1
2613,Delft,1.7,0.472580490170537,0.714700193423597,0.829764802017637,0.212065813528336,18.4,4884,1
2614,Delft,2.2,0.800456723716231,0.81178834561286,0,0.246966731898238,29.3,3337,1
2616,Delft,1.9,1.22378496758497,0.640968919367326,0.0076783809925349,0.368421052631578,22,1482,1
2622,Delft,2.1,0.884462842692961,0.870230186930325,0,0.276142767689417,19.7,2254,1
2623,Delft,1.9,0.822799046602679,0.877166666666666,0,0.245049504950495,14.4,2187,1
2624,Delft,1.6,0.411488601342313,0.75598526703499,0.368192100226204,0.16661022688791,7.2,4854,1
2625,Delft,1.8,0.569317787651692,0.678107443820224,0.0110347919584512,0.214531680440771,11.6,3898,1
2626,Delft,3,1.50451539386303,0.988538681948424,0,0.328103382467874,22,1259,1
2627,Delft,1.7,0.703934373337769,0.292300098716683,0.207251146366568,0.267100977198697,24,4292,1
2628,Delft,1.5,0.320724163314703,0.623356203544882,0.975038393832843,0.15175375805297,14.8,2957,1
2629,Delft,1.8,0.81215310873666,0.6912,0.00123456790123456,0.205479452054794,22.3,910,1
2631,Pijnacker-Nootdorp,2.5,1.06324762324062,0.784616301239275,0,0.328865642366786,37.8,1798,1
2632,Pijnacker-Nootdorp,2.6,1.09881263462535,0.770853307766059,0,0.305177111716621,35.6,2015,1
2635,Midden-Delfland,2.4,1.0048518301919,0.772312541473125,0,0.292408066429418,36.2,2431,1
2636,Midden-Delfland,2.4,1.11933213113127,0.914941421922644,0,0.290845886442641,31.1,444,1
2641,Pijnacker-Nootdorp,2.3,1.055834047217,0.813421434573371,0,0.261809713905522,28.7,1459,1
2642,Pijnacker-Nootdorp,2.7,1.29806127458688,0.793726679104477,0,0.327139639639639,44,1615,1
2643,Pijnacker-Nootdorp,2.6,1.00559353946344,0.869181232750689,0,0.183388157894736,34,1487,1
2645,Pijnacker-Nootdorp,2.4,1.04030208250105,0.832148091851691,0,0.341137123745819,40,1343,1
2651,Lansingerland,2.5,1.13168425656949,0.75801297569478,0,0.285189075630252,32.6,1406,1
2652,Lansingerland,2.7,1.36113162760244,0.787939103771047,0,0.249246231155778,44.4,1504,1
2661,Lansingerland,2.5,1.18758328140818,0.719472868217054,0,0.31787330316742,38,1466,0
2662,Lansingerland,2.7,1.01611171434238,0.835119798234552,0,0.264456437933693,41.5,1599,1
2665,Lansingerland,2.4,1.02910199586356,0.779488266348117,0,0.281210592686002,30.2,992,1
2671,Westland,2.1,0.974534383369362,0.686644664466446,0,0.240902474526928,18.4,2040,1
2672,Westland,2.4,1.08701019503446,0.763863497867154,0,0.256087321578505,31.7,1630,1
2673,Westland,2.8,1.30151658823729,0.801180376244928,0,0.258859784283513,45,1596,1
2675,Westland,2.2,0.864509745648622,0.8073165012116,0,0.292651757188498,23.8,811,1
2676,Westland,2.2,1.02946681965261,0.775019040365575,0,0.265126512651265,22.3,559,1
2678,Westland,2.3,1.05826345983081,0.697851186658114,0,0.269611576542269,25.1,1126,1
2681,Westland,2.2,1.077956594171,0.749458350620015,0,0.299722799722799,24.1,1356,1
2684,Westland,2.3,1.02148893556686,0.889485801995395,0,0.251700680272108,10.2,1374,1
2685,Westland,2.4,1.02489265542906,0.801253251359659,0,0.247776365946632,24,959,1
2691,Westland,2.2,0.950741743422704,0.67552606635071,0,0.255091473938557,23,1533,1
2692,Westland,2.5,1.13860616630543,0.877749930381509,0,0.242924528301886,24.3,1548,1
2693,Westland,2.6,1.32810219025276,0.876811594202898,0,0.281159420289855,35.9,1329,1
2694,Westland,2.7,1.14239211270099,0.82510687912942,0,0.272450532724505,37.3,1667,1
2711,Zoetermeer,1.6,1.22378496758497,0.411444486643878,0.996696406443618,0.215417106652587,7.5,3738,1
2712,Zoetermeer,2,0.741192823407732,0.62381404174573,0.0313041559487008,0.24042379788101,14.8,2653,1
2713,Zoetermeer,1.9,0.597311419411861,0.732725430597771,0.075566924778761,0.231366459627329,9.9,3458,1
2715,Zoetermeer,2,0.615614225715061,0.777656556840497,0.00105151684039052,0.236710963455149,8.2,3549,1
2716,Zoetermeer,2.2,0.656385260611536,0.735196274118429,0,0.241515002459419,15.2,2634,1
2717,Zoetermeer,2.2,0.604406004138363,0.86176554073233,0,0.22420382165605,10.7,2421,1
2718,Zoetermeer,2.3,0.829124950255973,0.760926765092822,0,0.293756967670011,22.6,1820,1
2719,Zoetermeer,2.3,0.825960620587945,0.744381243063263,0,0.292508417508417,32.2,1744,1
2721,Zoetermeer,2.6,0.836267419229655,0.787021455616323,0,0.258673693456302,34.5,1743,1
2722,Zoetermeer,2,1.22378496758497,0.907582938388625,0.0142296676615985,0.229035166816952,9.3,2949,1
2723,Zoetermeer,2.2,0.713666651500836,0.810706720585403,0,0.2484237074401,16.2,2521,1
2724,Zoetermeer,2.1,0.679344638155348,0.85041063746578,0.00252931708438721,0.247732030704815,17.1,3218,1
2725,Zoetermeer,2.2,0.760390520763408,0.742048952073867,0,0.240137221269296,25.5,2150,1
2726,Zoetermeer,2.1,0.662234982113384,0.897065783246568,0.0410169287388221,0.2504,17.7,2975,1
2727,Zoetermeer,2.4,1.22378496758497,0.86855241264559,0,0.237558685446009,17.4,2747,1
2728,Zoetermeer,2.3,0.996063249129223,0.873826149771249,0,0.300649734199645,28.2,1869,1
2729,Zoetermeer,2.6,0.839436899512924,0.799450549450549,0,0.289784289784289,31.5,2179,1
2731,Alphen aan den Rijn,2.6,0.998295724239535,0.895233427276069,0,0.252777777777777,27.7,810,1
2735,Zoeterwoude,2.6,1.9554395903384,0.994764397905759,0,0.333333333333333,22,94,0
2741,Waddinxveen,2.3,1.20041222930628,0.723094537127903,0,0.250920998772001,20.5,1634,1
2742,Waddinxveen,2.6,1.09330686408793,0.760237749801095,0,0.200538358008075,26.8,1554,1
2743,Waddinxveen,2.3,1.15908449865481,0.882545454545454,0,0.27528901734104,25.6,1474,1
2751,Zuidplas,2.7,1.19225197047867,0.798820179007323,0,0.231006160164271,31.3,539,0
2752,Zuidplas,2.1,0.939955015219403,0.674871794871794,0,0.342105263157894,32.6,243,1
2761,Zuidplas,2.5,1.19432648431291,0.851667936024371,0,0.244768856447688,33.2,783,1
2771,Alphen aan den Rijn,2.3,1.11106558409852,0.804438835190543,0,0.272375854891465,23.5,978,1
2801,Gouda,1.7,0.451038343190447,0.576488319517709,0,0.264172998246639,17.8,3660,1
2802,Gouda,2.1,0.829564099835386,0.79490662139219,0,0.256582343830665,10.3,2449,1
2803,Gouda,2,0.72313251601374,0.665373059589384,0,0.232745591939546,18.4,2295,1
2804,Gouda,2.2,0.894472081619678,0.682545842631221,0,0.265289256198347,18.6,2209,1
2805,Gouda,2.1,1.10902323925915,0.727838679117607,0,0.253181818181818,21.1,2920,1
2806,Gouda,2.1,0.752855618228832,0.810194942044257,0,0.271364317841079,19,3207,1
2807,Gouda,2.4,0.985670644525326,0.734929711698832,0,0.311767463666197,25,1531,1
2808,Gouda,2.3,1.27063710734221,0.65495867768595,0,0.356321839080459,33.2,1701,1
2809,Gouda,2.6,1.03508820458272,0.838891426831125,0,0.175775480059084,42,821,1
2811,Bodegraven-Reeuwijk,2.3,1.28985869341095,0.922496973888985,0,0.274606741573033,32.7,846,1
2821,Krimpenerwaard,2.5,1.19750019586069,0.917135123880907,0,0.260110294117647,28.5,432,1
2825,Krimpenerwaard,2.8,1.46985374212337,0.916246215943491,0,0.256484149855907,37.1,128,1
2831,Krimpenerwaard,2.4,1.13104992057076,0.835555555555555,0,0.270114942528735,23,985,0
2841,Zuidplas,2.4,1.08556351999684,0.852351164797239,0,0.278299282164549,25.6,1060,0
2851,Krimpenerwaard,2.3,1.14353078166427,0.897632916098649,0,0.289504036908881,27.2,491,0
2855,Krimpenerwaard,2.6,1.38185874974887,0.976892430278884,0,0.276923076923076,33.9,57,1
2861,Krimpenerwaard,2.4,1.21930072314781,0.885375067458176,0,0.263194933145672,25,681,1
2865,Krimpenerwaard,2.2,1.19906017448789,0.845103578154425,0,0.271386430678466,20.4,447,1
2871,Krimpenerwaard,2.1,1.10508238123337,0.885334441213128,0,0.267827529021558,18.8,1219,1
2872,Krimpenerwaard,3.1,1.49183903412203,0.844801454986359,0,0.208588957055214,48.7,581,1
2901,Capelle aan den IJssel,2.4,1.11299458273787,0.824176840547539,0,0.331539289558665,36.1,1994,1
2902,Capelle aan den IJssel,2,0.900163547317597,0.779210406207211,0,0.232079905992949,15.9,2553,1
2903,Capelle aan den IJssel,2,0.738045577547162,0.806026842238541,0,0.227033352837916,11.8,2758,1
2904,Capelle aan den IJssel,2.1,0.933515749176559,0.832290362953692,0,0.261716372489348,23.2,2347,1
2905,Capelle aan den IJssel,2,0.752650732525374,0.791879904469464,0,0.226429101707498,9,2287,1
2906,Capelle aan den IJssel,2,0.758778270417925,0.816711590296496,0,0.256732495511669,15,2321,1
2907,Capelle aan den IJssel,2,0.871050571676207,0.863046135044301,0,0.260699001426533,13.1,2191,1
2908,Capelle aan den IJssel,2,0.783514442172405,0.841496232508073,0,0.258928571428571,15.5,2053,1
2909,Capelle aan den IJssel,2.3,0.886689876468659,0.779491909113775,0,0.265223274695534,35.5,1462,1
2911,Zuidplas,2.5,1.24583072554497,0.847819871336669,0,0.301035953686776,39.5,1370,0
2912,Zuidplas,2.3,1.03913023184686,0.787622549019607,0,0.255192878338278,22.5,1944,1
2913,Zuidplas,2.7,1.61076358897061,0.696003124593152,0,0.313725490196078,40.6,825,1
2914,Zuidplas,2.3,1.06196368582109,0.859971202303815,0,0.266794625719769,24.1,1684,1
2921,Krimpen aan den IJssel,2.4,1.28754092429641,0.687636824518953,0,0.282937365010799,29.6,1462,1
2922,Krimpen aan den IJssel,2.1,0.912859590412113,0.795194508009153,0,0.226666666666666,14.7,2449,1
2923,Krimpen aan den IJssel,2.3,0.955941412242023,0.75821549492133,0,0.230952380952381,17.3,2080,1
2924,Krimpen aan den IJssel,2.3,1.07768629318176,0.853324194653872,0,0.256740914419695,21.8,1936,1
2925,Krimpen aan den IJssel,2.5,1.10444092389315,0.854335823319259,0,0.251420454545454,23.6,1687,1
2926,Krimpen aan den IJssel,2.4,1.06565852243202,0.881233933161953,0,0.290697674418604,31.5,1524,1
2931,Krimpenerwaard,2.2,1.22378496758497,0.843429556225764,0,0.275683665927568,20,917,1
2935,Krimpenerwaard,2.5,1.31820380674532,0.875733251003396,0,0.246192893401015,27.2,488,0
2941,Krimpenerwaard,2.2,1.23596569274281,0.918081105803435,0,0.276147959183673,22.4,974,1
2951,Alblasserdam,2.3,0.869220775331507,0.81337709370756,0,0.237778832463217,17.9,1842,1
2952,Alblasserdam,2.6,1.22378496758497,0.710679829481714,0,0.288461538461538,48.6,812,1
2953,Alblasserdam,2.3,0.722490113482232,0.815384615384615,0,0.266949152542372,20.3,1210,1
2954,Alblasserdam,2.5,1.16698513970091,0.785245901639344,0,0.304263565891472,31.4,1660,1
2957,Molenlanden,2.7,1.19147350131275,0.818174870070314,0,0.241898148148148,23,836,1
2959,Molenlanden,2.6,1.33310485448593,0.919984233346472,0,0.258517034068136,31.2,240,0
2961,Molenlanden,2.3,1.46267399670415,0.716958598726114,0,0.29936305732484,25.1,645,1
2964,Molenlanden,2.5,1.16271947150454,0.831084172003659,0,0.240179573512906,25.7,488,0
2965,Molenlanden,2.1,1.10660477295401,0.867055994503607,0,0.254416961130742,19.1,433,1
2967,Molenlanden,2.6,0.939102207783271,0.934977898189077,0,0.27823691460055,28.6,330,0
2968,Molenlanden,3.1,1.22378496758497,0.927215189873417,0,0.333333333333333,22,52,1
2969,Molenlanden,2.8,1.3556501574649,0.931043355203911,0,0.276231263383297,35.3,241,1
2971,Molenlanden,2.7,1.22378496758497,0.943388146625556,0,0.227891156462585,31.6,303,1
2973,Molenlanden,2.7,1.38846960382468,0.886118038237738,0,0.244094488188976,35.1,202,0
2974,Molenlanden,2.6,1.07474808046738,0.90359355638166,0,0.276363636363636,32.4,163,0
2975,Molenlanden,2.6,1.21356929507126,0.9358841778697,0,0.281407035175879,37.1,72,1
2977,Molenlanden,2.6,1.58688825976257,0.952327746741154,0,0.246073298429319,30.9,89,1
2981,Ridderkerk,2.1,0.934861189750291,0.804884896125772,0.0863271712591559,0.262658227848101,13.4,2360,1
2982,Ridderkerk,2,0.872198550214059,0.878667197663613,0.00181296268318477,0.219640179910045,8.9,1877,1
2983,Ridderkerk,2.2,1.0818249839241,0.814685008323841,0,0.277719665271966,20.2,1493,1
2984,Ridderkerk,2.4,1.43685697783766,0.800273597811217,0,0.28993288590604,33.8,1735,1
2985,Ridderkerk,2.2,1.00652931808769,0.796473029045643,0.0104193800468872,0.258029978586723,14.2,2133,1
2986,Ridderkerk,2.3,1.10935397876933,0.80709275136399,0,0.25030303030303,19.7,1861,1
2987,Ridderkerk,2.1,0.952907803065062,0.877893447642376,0,0.248730964467005,14.9,1974,1
2988,Ridderkerk,2.4,1.24712562751686,0.841098370549185,0,0.302170283806343,33,423,1
2989,Ridderkerk,2.6,1.33942099282215,0.829339567504383,0,0.282208588957055,29.9,879,1
2991,Barendrecht,2.3,1.1370138381306,0.725199086363355,0,0.273370577281191,28.7,1617,1
2992,Barendrecht,2.4,1.1433794211097,0.808362026561731,0,0.30838844413505,32.6,1813,1
2993,Barendrecht,2.4,1.21356966144083,0.769937955708527,0,0.324209029505865,33.1,1717,1
2994,Barendrecht,2.8,1.16891104162787,0.833878440992096,0,0.296783625730994,38.1,1528,1
2995,Zwijndrecht,2.2,1.20139710112685,0.860948081264108,0,0.298429319371727,26,535,1
3011,Rotterdam,1.5,0.342038729157325,0.543972907185945,0.979673615556507,0.184197651663405,19.7,7011,1
3012,Rotterdam,1.5,0.36870283933035,0.303950426026336,1,0.175501432664756,16.6,6906,1
3013,Rotterdam,1.5,1.22378496758497,0.44692400482509,0.639676113360323,0.155963302752293,20.6,7173,1
3014,Rotterdam,1.8,0.366412448064372,0.630227439471753,1,0.239563262684649,8.1,6784,1
3015,Rotterdam,1.5,0.404073033638925,0.306104714316749,1,0.189406099518459,19.1,6087,1
3016,Rotterdam,1.5,0.46938057368853,0.59400544959128,1,0.213036565977742,28.3,4172,1
3021,Rotterdam,1.7,0.457204511404792,0.893800389213233,0.997049110449449,0.234348561759729,16.2,7085,1
3022,Rotterdam,2,0.493506160884785,0.850651414045122,0.9625647261969,0.228217821782178,13.4,6116,1
3023,Rotterdam,1.9,0.481488334501406,0.873099596649084,1,0.238874680306905,13.2,7576,1
3024,Rotterdam,1.7,0.481673146594981,0.68248023304203,0.976465505058237,0.221198156682027,15.3,4646,1
3025,Rotterdam,2,0.503230427903667,0.940236991241628,0.992465753424657,0.24966261808367,10.1,5646,1
3026,Rotterdam,1.9,0.432988170858503,0.932450935645823,1,0.233062330623306,6.7,6642,1
3027,Rotterdam,2.2,0.610424108071302,0.92433137638617,0.998853211009174,0.237330657300551,11.2,4958,1
3028,Rotterdam,1.7,0.51189310013676,0.864840592725639,0.73911075013308,0.237442922374429,4.8,3693,1
3029,Rotterdam,1.9,0.495765236678964,0.578556263269639,0.435217177092804,0.170710571923743,6.1,3481,1
3031,Rotterdam,1.7,0.391948580389373,0.95335085413929,1,0.19800820152314,8,8093,1
3032,Rotterdam,1.7,0.427728445381191,0.858511657617374,1,0.230531996915959,11.7,8395,1
3033,Rotterdam,1.7,0.386717588727031,0.891644204851752,0.917170495767835,0.210912906610703,14,7285,1
3034,Rotterdam,2,0.526466441448261,0.94817415730337,0.58512398920003,0.220198675496688,11.4,6036,1
3035,Rotterdam,1.8,0.448278512052828,0.906042884990253,1,0.219020172910662,10,8169,1
3036,Rotterdam,2,0.525902041537591,0.872852233676976,0.964020122484689,0.240324594257178,10.6,6502,1
3037,Rotterdam,1.8,0.523785034678763,0.872340425531914,0.972154471544715,0.226258763543658,19,6674,1
3038,Rotterdam,1.5,0.398493330440127,0.950931394820536,0.951863354037267,0.161230769230769,11.2,5941,1
3039,Rotterdam,1.7,0.50487782256336,0.90860400829302,0.889025556466981,0.195474241694752,21.4,5205,1
3041,Rotterdam,1.9,1.15048538320303,0.866528223522748,0.000217662635052989,0.282608695652173,22,2119,1
3042,Rotterdam,2.1,0.723808252357702,0.86797446676008,0,0.227740763173834,13.1,1964,1
3043,Rotterdam,2.1,0.883374214699926,0.835193798449612,0,0.274662881476224,18.2,1815,1
3044,Rotterdam,2.2,1.40531468217681,0.841229684145967,0,0.238095238095238,22,1524,1
3045,Rotterdam,3.1,1.00440523345251,0.700465538775973,0.0124277300480899,0.224405377456049,58.8,1010,1
3046,Rotterdam,2.3,1.44782749274215,0.881740337884748,0,0.388059701492537,38.4,60,0
3047,Rotterdam,2.3,1.22378496758497,0.777119071644803,0,0.19246719485021,22,511,1
3051,Rotterdam,2,0.708871248309247,0.784309982821149,0.866147481138963,0.237298636926889,28.1,3210,1
3052,Rotterdam,2.2,0.643683853295901,0.827816337426588,0.0651327812260656,0.223857474825716,14.6,2807,1
3053,Rotterdam,2,0.723378333600582,0.826691687824263,0,0.267579046720151,21.5,2451,1
3054,Rotterdam,1.9,0.851397145766723,0.809576224545954,0.198334466349422,0.274711168164313,25.6,2101,1
3055,Rotterdam,2.4,1.01133544882081,0.636845593108018,0.00780437044745057,0.271176112126751,46.9,1713,1
3056,Rotterdam,2.5,1.09781557593543,0.827155599603567,0.0474478792235801,0.348596750369276,42.6,904,1
3059,Rotterdam,2.7,1.14092578237921,0.817387929361536,0,0.307692307692307,47.2,1221,1
3061,Rotterdam,1.7,0.44412573768827,0.856536378275508,1,0.199127454035525,13.6,5779,1
3062,Rotterdam,1.7,0.569530333753061,0.595251365511091,0.379166666666666,0.197150997150997,38.7,3131,1
3063,Rotterdam,1.4,0.391009435659613,0.863706630024046,0.534710188416037,0.163197729422894,11.4,3598,1
3064,Rotterdam,2.1,0.841562496720855,0.800156739811912,0,0.265861027190332,16.3,1587,1
3065,Rotterdam,2.2,0.924720297848247,0.697710079738294,0.0580189200805133,0.314579552329098,37.1,2063,1
3066,Rotterdam,1.9,0.731572308546368,0.762023512646954,0,0.283424908424908,16.1,3019,1
3067,Rotterdam,1.8,0.618821550633166,0.818369193645686,0.143015569565918,0.241250583294447,10.7,3357,1
3068,Rotterdam,2,0.767151452309273,0.761578115905878,0.000600469457939843,0.246468159095848,12.7,2924,1
3069,Rotterdam,1.9,0.770887202598232,0.830666396597123,0,0.249013936366026,13.7,2655,1
3071,Rotterdam,2,0.59312100185671,0.91250665247472,0.999475286898455,0.255154014067426,16.1,4690,1
3072,Rotterdam,2,0.52298318617635,0.730099962976675,0.882564232589587,0.240654205607476,18.5,4794,1
3073,Rotterdam,2,0.554585999625565,0.944511169829449,1,0.239138240574506,6,6406,1
3074,Rotterdam,2.1,0.585703981284021,0.855184026942506,1,0.225518082080455,7.7,4770,1
3075,Rotterdam,2,0.644219977129447,0.82258064516129,0.98124504615156,0.254874158099964,7.1,4153,1
3076,Rotterdam,2,0.690236844314466,0.741829141942168,0.00117419877697883,0.221556886227544,8.4,2655,1
3077,Rotterdam,2.2,0.873383082112255,0.782084726457728,0.0508080428450624,0.269616026711185,14.9,2227,1
3078,Rotterdam,2,0.699879478494214,0.631305916848357,0.0627573281172834,0.236073237241916,8.9,2677,1
3079,Rotterdam,2,0.769737043299494,0.597037314832177,0.0628124493434916,0.231957231957231,9.1,2779,1
3081,Rotterdam,1.9,0.512646274319257,0.852489626556016,1,0.221501014198782,5.6,5919,1
3082,Rotterdam,1.9,0.571827959200384,0.918307309346005,0.994892610243649,0.229115977291159,8.7,3682,1
3083,Rotterdam,1.7,0.499856379411482,0.678716624546753,0.999838340497332,0.214535290006988,4.3,5149,1
3084,Rotterdam,1.8,0.838876052770903,0.716730678525705,0.0293750013397399,0.231343283582089,10.6,2274,1
3085,Rotterdam,2,0.657349164156528,0.876041367423154,0,0.240520043336944,7.6,2754,1
3086,Rotterdam,2.2,0.707075603910246,0.902689075630252,0,0.23749507680189,9,2648,1
3087,Rotterdam,2,1.22378496758497,0.771449023417527,0.177359490986214,0.266666666666666,7.2,2360,1
3088,Rotterdam,1.3,1.22378496758497,0.869591226321036,0,0.162069271003067,22,380,1
3089,Rotterdam,2.2,1.22378496758497,0.686019666524155,0,0.228346456692913,12.9,327,1
3111,Schiedam,1.8,0.645763683689431,0.734003656307129,0.928934998302698,0.293457943925233,15.8,5175,1
3112,Schiedam,1.9,0.630550563894953,0.879128601546029,0.801624141397091,0.243550502842151,8.8,4495,1
3113,Schiedam,1.6,1.22378496758497,0.825544059935783,0.290401363448608,0.162069271003067,22,3665,1
3114,Schiedam,1.9,1.01111101412659,0.977075761811574,0,0.27136075949367,9.4,2127,1
3115,Schiedam,2.3,1.22378496758497,0.772415804053069,0,0.588623161704343,22,1012,1
3116,Schiedam,2.1,1.22378496758497,0.785321100917431,0.0145052197387532,0.27065527065527,33.1,3425,1
3117,Schiedam,2,0.729873446229753,0.927152317880794,0.0381492962867284,0.247267048412285,12.5,3852,1
3118,Schiedam,2.3,0.774895665593736,0.912912004838222,0.00285644104194037,0.228571428571428,13.8,3254,1
3119,Schiedam,2.1,0.70611227368485,0.872389033942558,0.33657299164107,0.248054474708171,10.8,3769,1
3121,Schiedam,2.3,1.02120035232984,0.756208162383934,0,0.272727272727272,26.2,2437,1
3122,Schiedam,2,0.608247447744658,0.818525234209731,0,0.224075039082855,7,3105,1
3123,Schiedam,2.2,1.22378496758497,0.84757505773672,0,0.249490142760027,18.1,2608,1
3124,Schiedam,2.5,1.22378496758497,0.756981487292124,0,0.344272445820433,37.7,1849,1
3125,Schiedam,2.3,1.22378496758497,0.85609666788722,0,0.362068965517241,29.3,1094,1
3131,Vlaardingen,1.9,0.946369178486183,0.771612561750176,0.384646164399222,0.263258785942492,10.6,3650,1
3132,Vlaardingen,2.1,0.964897266171854,0.874803208636329,0,0.259071400702302,10.4,2124,1
3133,Vlaardingen,1.8,0.738401110748942,0.76862109339818,0,0.149338374291115,8.4,1920,1
3134,Vlaardingen,2,1.11059459154203,0.936074386168821,0.19584325573861,0.285525446133509,21.8,3246,1
3135,Vlaardingen,2.3,0.963191693061004,0.785411365564037,6.74946004319654e-05,0.264128728414442,21.6,2649,1
3136,Vlaardingen,2.1,0.852117434827481,0.897058823529411,0,0.210435532557136,14,3128,1
3137,Vlaardingen,2.2,0.984786940531046,0.851136544269591,0,0.257100149476831,18.8,2483,1
3138,Vlaardingen,1.3,1.22378496758497,0.948725461470846,0,0.162069271003067,22,1138,0
3141,Maassluis,2.1,0.992865360598579,0.855696202531645,0,0.244139046079223,13.3,2062,1
3142,Maassluis,2.2,0.896997383350669,0.929190751445086,0,0.235906331309627,15,2503,1
3143,Maassluis,2.1,0.986481814907712,0.919668473063436,0,0.277870216306156,18.8,2195,1
3144,Maassluis,2.1,1.02454747856065,0.885387811634349,0,0.244666666666666,17.7,2349,1
3145,Maassluis,2.3,1.04751354914369,0.779594506213211,0,0.231332357247437,19.1,1985,1
3146,Maassluis,2.4,1.22215436333135,0.856012979111742,0,0.284974093264248,23,1249,1
3147,Maassluis,3.1,1.28193711314141,0.599443671766342,0,0.239884393063583,66.9,1675,1
3151,Rotterdam,2.1,1.06329973201176,0.838664079822616,0,0.281723484848484,20.1,1046,0
3155,Midden-Delfland,2.4,1.1616975128032,0.800134346096212,0,0.285606631499623,29.8,753,1
3161,Albrandswaard,2.3,1.22378496758497,0.881267636205773,0,0.26517571884984,29.9,983,0
3162,Albrandswaard,2.7,1.15685292385044,0.845891931902294,0,0.330201342281879,42.5,1122,1
3171,Albrandswaard,2.3,1.15071511918996,0.83338028169014,0,0.298986486486486,28.1,1204,1
3172,Albrandswaard,2.3,1.25060510983006,0.829383886255924,0,0.313636363636363,29.6,656,1
3176,Albrandswaard,2.5,1.69544828427581,0.889329488103821,0,0.352713178294573,44,987,1
3181,Rotterdam,2.2,1.03933285564539,0.864218177140284,0,0.268331351565596,17.3,1225,0
3191,Rotterdam,2.2,0.990827245297546,0.696437407224146,0,0.278894472361809,16.3,2458,1
3192,Rotterdam,2,0.79813678919991,0.807501053518752,0,0.233617178822658,12,2229,1
3193,Rotterdam,2.1,0.921350018219956,0.813056919439898,0,0.280592361652377,12.6,1645,1
3194,Rotterdam,2.4,1.060644502563,0.767274072703727,0,0.288202692003167,18.2,1737,1
3195,Rotterdam,2.2,1.22378496758497,0.773300816456367,0,0.278952668680765,17.9,755,1
3198,Rotterdam,2.3,1.22378496758497,0.747388464284769,0,0.290457561432885,22,22,0
3199,Rotterdam,1,1.22378496758497,0.733937230078423,0,0.162069271003067,22,8,1
3201,Nissewaard,2,0.873969708434921,0.686648874290015,0.465989416979761,0.235887732576474,16,2821,1
3202,Nissewaard,1.9,1.22378496758497,0.709204163593148,0.00288904941535063,0.234800838574423,9.8,1724,1
3203,Nissewaard,2,0.888851399509625,0.849094567404426,0,0.236947791164658,12.6,3189,1
3204,Nissewaard,2.2,0.901174328737538,0.794220504325418,0,0.246263345195729,13.4,3245,1
3205,Nissewaard,2.4,1.3611190623916,0.714303089272683,0,0.242781378903948,17.3,2484,1
3206,Nissewaard,2.2,0.921267775953837,0.863173026659696,0,0.26524541398116,11.4,2382,1
3207,Nissewaard,2.3,1.46318786572675,0.849941455598693,0,0.313137965097135,28.5,1701,1
3208,Nissewaard,2.1,0.973635361008076,0.714342471195868,0,0.25548060708263,14.3,1726,1
3209,Nissewaard,2.6,1.81365552293962,0.895407647177827,0,0.306878306878306,35.3,974,1
3211,Nissewaard,2.1,0.928604075332446,0.955072676552635,0,0.300309597523219,20.9,302,1
3212,Nissewaard,2,1.15285559706512,0.954301922470847,0,0.377049180327868,23.7,184,1
3214,Nissewaard,2.4,1.3023217689601,0.890227927691904,0,0.267248215701823,28.3,777,0
3216,Nissewaard,2.2,1.41919985300085,0.955100483337573,0,0.30859375,30.5,152,0
3218,Nissewaard,2.2,1.58368215501511,0.904849600982197,0,0.301204819277108,25.1,424,1
3221,Voorne aan Zee,2,0.928040726039175,0.904212755942574,0,0.284965034965034,19.1,1242,1
3222,Voorne aan Zee,2.2,1.04549287614802,0.90032347852253,0,0.260240963855421,15.7,1177,0
3223,Voorne aan Zee,2.3,1.21401690202828,0.785333048676345,0,0.291190563951345,31.1,1515,1
3224,Voorne aan Zee,2.1,1.07649364061574,0.866995073891625,0,0.263971462544589,15.6,1932,1
3225,Voorne aan Zee,2.2,1.0681558297639,0.781963274412219,0,0.267080745341614,15,1706,1
3227,Voorne aan Zee,2.3,1.56175749567264,0.931022649279341,0,0.288194444444444,30.5,168,1
3231,Voorne aan Zee,1.9,1.00500388523651,0.857191751518781,0,0.31629013079667,26.1,1088,1
3232,Voorne aan Zee,2.2,1.20787480659853,0.766203870225163,0,0.267137096774193,23.9,1119,1
3233,Voorne aan Zee,2.2,1.4394012130836,0.850624063904143,0,0.299298021697511,32.1,710,1
3234,Voorne aan Zee,2.4,1.77587685048166,0.836781609195402,0,0.375,41.2,112,0
3235,Voorne aan Zee,2.2,1.38708348561446,0.919667979741136,0,0.324753974261922,28.6,553,1
3237,Voorne aan Zee,2.4,1.59225563807698,0.87884396355353,0,0.305851063829787,29,262,1
3238,Voorne aan Zee,2.3,1.37044767307476,0.943313677002092,0,0.3203125,30.1,249,0
3241,Goeree-Overflakkee,2.3,1.38499517525891,0.813546675509865,0,0.27621483375959,22.1,1141,0
3243,Goeree-Overflakkee,2.3,1.1372336431388,0.939373926826046,0,0.308441558441558,22.4,190,1
3244,Goeree-Overflakkee,2.3,1.35059942818069,0.905477417664016,0,0.29375,19.1,255,1
3245,Goeree-Overflakkee,2.2,1.15517333536817,0.877906976744186,0,0.25886287625418,19.9,1318,1
3247,Goeree-Overflakkee,2.4,1.34526282624351,0.91002637381642,0,0.264510779436152,24.7,675,0
3248,Goeree-Overflakkee,2.3,1.59145781448987,0.921270153040347,0,0.303854875283446,24.3,306,1
3249,Goeree-Overflakkee,2.3,1.1819397850125,0.891837030593011,0,0.284615384615384,18.4,255,1
3251,Goeree-Overflakkee,2.3,1.30792533608082,0.875934590709565,0,0.28551912568306,20.4,542,1
3252,Goeree-Overflakkee,2.3,1.25887452501978,0.943435572160917,0,0.304157549234135,28.1,286,0
3253,Goeree-Overflakkee,2.4,1.3702432306941,0.869978474859119,0,0.282557221783741,29.5,494,0
3255,Goeree-Overflakkee,2.2,1.23768564445121,0.929697056918759,0,0.280718336483931,19.5,702,1
3256,Goeree-Overflakkee,2.1,1.28207481369659,0.954577464788732,0,0.354545454545454,19.6,109,1
3257,Goeree-Overflakkee,2.2,1.1342275735475,0.945701138290142,0,0.290502793296089,18,380,1
3258,Goeree-Overflakkee,2.3,1.42967661756065,0.945743145743145,0,0.313218390804597,22.4,184,0
3261,Hoeksche Waard,2.3,1.11068943272093,0.764748974409064,0,0.268199233716475,26.5,1281,1
3262,Hoeksche Waard,2.3,1.03552101768195,0.772396896692527,0,0.250764525993883,22.1,1723,1
3263,Hoeksche Waard,2.4,1.18708095022962,0.784588441330998,0,0.306100217864923,27.5,1257,1
3264,Hoeksche Waard,2.7,1.25921180100017,0.87750536030577,0,0.250279329608938,30.1,500,0
3265,Hoeksche Waard,2.3,1.32174397445327,0.886513157894736,0,0.26578947368421,24.4,228,1
3267,Hoeksche Waard,2.4,1.3367853643643,0.944141689373297,0,0.299754299754299,21.9,192,1
3271,Hoeksche Waard,2.4,1.37785814271115,0.81288379098598,0,0.278242677824267,35.2,436,1
3273,Hoeksche Waard,2.2,1.33985169668685,0.836349809885931,0,0.300236406619385,26.6,364,1
3274,Hoeksche Waard,2.3,1.48501340125751,0.849554217429865,0,0.302904564315352,26.8,280,1
3281,Hoeksche Waard,2.2,1.18147505152603,0.885736686218711,0,0.299897119341563,27.3,814,1
3284,Hoeksche Waard,2.2,1.19334160166979,0.913084609472003,0,0.304945054945054,23.7,348,0
3286,Hoeksche Waard,2.4,1.33448649940053,0.897669706180344,0,0.290516206482593,27.4,429,1
3291,Hoeksche Waard,2.2,1.22079580544731,0.894699559579907,0,0.308778391651319,23.7,704,1
3292,Hoeksche Waard,2.1,1.36730725056851,0.958992017530129,0,0.381443298969072,19,67,0
3293,Hoeksche Waard,2.2,1.24693039565119,0.872661122661122,0,0.287234042553191,19.1,73,1
3295,Hoeksche Waard,2.2,1.1571228236744,0.867741796013662,0,0.259923871669385,20.8,994,1
3297,Hoeksche Waard,2.3,1.13068810505858,0.874821275378896,0,0.271072151045178,21.4,872,1
3299,Hoeksche Waard,2.3,1.29635468517701,0.822402785838653,0,0.318818040435458,28,364,1
3311,Dordrecht,1.7,0.657310381792331,0.659911819569272,0.963192742885347,0.279276773296244,16.4,3845,1
3312,Dordrecht,2.1,0.849714868469413,0.701097352260142,0.165516225180774,0.265719207579672,18.6,2772,1
3313,Dordrecht,1.9,0.931212349086101,0.759300803888577,0.0529035532987916,0.246587030716723,9.5,1474,0
3314,Dordrecht,2.2,0.875337240406258,0.773577194237253,0.0804715232644745,0.254205607476635,11.4,3419,1
3315,Dordrecht,2.3,1.05924118512354,0.882264277340479,0,0.317512274959083,25.7,1874,1
3316,Dordrecht,2.3,0.955379303679346,0.730575099418782,0,0.30379746835443,24.4,400,1
3317,Dordrecht,2,0.728912185804698,0.777329269297306,0,0.235936465916611,9.2,2777,1
3318,Dordrecht,1.9,0.774945472886499,0.757698953145644,0.0279638227316181,0.231993299832495,9,2509,1
3319,Dordrecht,2.3,1.13817288542717,0.7066575971431,0.000661680568219582,0.27436994769377,29,1683,1
3328,Dordrecht,2.3,1.03452700854211,0.791307126877596,0,0.245668844078386,19.1,2005,1
3329,Dordrecht,2.8,1.54300186419283,0.946521817417922,0,0.36241610738255,54.1,955,0
3331,Zwijndrecht,2.1,0.947007375640615,0.750691562932226,0.0367630124366651,0.241864555848724,14.3,2772,1
3332,Zwijndrecht,2.1,0.937497635240423,0.71018276762402,0.0144474656687883,0.228201295465869,16,2776,1
3333,Zwijndrecht,2.1,0.960706457669279,0.852481491636961,0,0.246478873239436,10.2,1970,1
3334,Zwijndrecht,2.2,1.07130800562796,0.806107079282486,0,0.262439807383627,16.2,1568,1
3335,Zwijndrecht,2.4,1.28626012462615,0.850385745775165,0,0.3,27.3,1323,1
3336,Zwijndrecht,2.5,1.22378496758497,0.551141552511415,0,0.436046511627907,22,1193,1
3341,Hendrik-Ido-Ambacht,2.5,1.22378496758497,0.743061561443509,0,0.223888314374353,26.1,1653,1
3342,Hendrik-Ido-Ambacht,2.5,1.28264368172234,0.831013916500994,0,0.264449722882026,24.6,1442,1
3343,Hendrik-Ido-Ambacht,2.4,1.22378496758497,0.842119135477069,0,0.275395033860045,24.4,2012,1
3344,Hendrik-Ido-Ambacht,2.7,1.17813343597491,0.788671294000991,0,0.26514399205561,37,2360,1
3351,Papendrecht,2.2,1.02013446440754,0.837937227401009,0,0.241154055525313,16.5,2139,1
3352,Papendrecht,2.4,1.14011037145246,0.821657910099241,0,0.25705794947994,23.7,1551,1
3353,Papendrecht,2,0.901874876423732,0.774819826445065,0,0.238818565400843,10.1,2426,1
3354,Papendrecht,2.1,1.10990730664462,0.834144645340751,0,0.263048016701461,17.3,2184,1
3355,Papendrecht,2.4,1.179390300245,0.829727958046542,0,0.310645724258289,27.5,1859,1
3356,Papendrecht,2.5,1.4549988941518,0.86443688027231,0,0.310931899641577,34.5,992,1
3361,Sliedrecht,2.4,1.04672416722322,0.733417882054534,0,0.255079006772009,22.4,1698,1
3362,Sliedrecht,2.2,0.95180728809374,0.83025245589944,0,0.243555555555555,14.8,1947,1
3363,Sliedrecht,2.4,1.13193873888737,0.845816392039375,0,0.229271356783919,21.8,1203,1
3364,Sliedrecht,2.2,1.08420243704903,0.595091000166972,0,0.259259259259259,22,1046,1
3366,Molenlanden,2.8,1.38767831881621,0.945410917816436,0,0.265306122448979,31.8,65,0
3371,Hardinxveld-Giessendam,2.5,1.03948598901209,0.777916372905255,0,0.243421052631578,22.7,1158,1
3372,Hardinxveld-Giessendam,2.5,1.05757621980064,0.853374311691637,0,0.244234800838574,22.1,576,1
3373,Hardinxveld-Giessendam,2.9,1.43964048970642,0.936785260482846,0,0.269767441860465,29.9,770,0
3381,Molenlanden,2.5,1.14289198316852,0.898801226651798,0,0.290780141843971,31.8,332,1
3401,IJsselstein,2.2,1.08899894305227,0.805157274647104,0.1958172280508,0.299057763211798,27.7,2048,1
3402,IJsselstein,2.2,0.912434541711959,0.808558101804907,0.0474667669927263,0.260273972602739,17.8,2001,0
3403,IJsselstein,2.4,1.17105752614682,0.888153938665063,0,0.313471502590673,37.1,1112,0
3404,IJsselstein,2.5,1.14198629390203,0.846044864226682,0,0.337927514037774,33.2,1667,1
3405,Lopik,2.5,1.28567128039511,0.896631410541285,0,0.285911602209944,30.9,275,1
3411,Lopik,2.5,1.27683180508524,0.89986055429667,0,0.279758308157099,26.2,499,1
3412,Lopik,2.4,1.30191831970805,0.911341664701721,0,0.331967213114754,36.3,107,1
3413,Lopik,2.5,1.32968988256685,0.887173396674584,0,0.344827586206896,30.4,81,1
3415,Lopik,2.6,1.36268176334698,0.913053559007651,0,0.284090909090909,35.6,81,1
3417,Montfoort,2.4,1.19023829147162,0.826224641266699,0,0.282565130260521,27.8,854,1
3421,Oudewater,2.2,1.13961110152068,0.872367161321206,0,0.272835820895522,24.2,982,1
3425,Oudewater,2.6,1.32427066739158,0.961454013173944,0,0.326666666666666,45.3,524,0
3431,Nieuwegein,1.9,0.746179741253198,0.671621110971155,0.551421402202673,0.225923682616596,10.1,2921,1
3432,Nieuwegein,2,0.876674150510814,0.859968766267569,0.281242385667403,0.24677296886864,12.6,1900,1
3433,Nieuwegein,2.1,0.754729362199288,0.808086843939846,0,0.281805745554035,21.1,1400,1
3434,Nieuwegein,2.3,1.00263471073799,0.82725412302877,0,0.237278444825614,17.5,1513,1
3435,Nieuwegein,2.2,1.00580039053857,0.648081841432225,0.337874239149604,0.24275062137531,19.8,1935,1
3436,Nieuwegein,2.4,1.04396905682876,0.866854460093896,0,0.251547987616099,20.4,2489,1
3437,Nieuwegein,2.2,0.820706979449874,0.838609746883264,0,0.271236959761549,21.8,2015,1
3438,Nieuwegein,2.2,0.854999968089218,0.762718076528368,0,0.257086999022482,22.9,1928,1
3439,Nieuwegein,1.6,0.822730669515484,0.601425524166276,0,0.135135135135135,6.5,1070,1
3441,Woerden,1.7,0.724714106079518,0.845454545454545,0.936368118447683,0.25438596491228,19.6,2270,1
3442,Woerden,2.3,0.867653699106353,0.817828620764083,0,0.239907727797001,20.3,2402,1
3443,Woerden,2.2,1.00035273598201,0.742728042925727,0.00826898200776135,0.253521126760563,19.5,1928,1
3444,Woerden,2.3,1.17268936254338,0.910089224433768,0,0.327586206896551,50,702,1
3445,Woerden,2.3,0.870085550374075,0.743113219981547,0,0.228855721393034,29.7,1464,1
3446,Woerden,2.6,1.12868823624885,0.801623541349568,0,0.333892617449664,43,1272,1
3447,Woerden,1.6,1.22378496758497,0.709125055236411,0,0.133802816901408,22,1439,1
3448,Woerden,2.3,0.990415697601831,0.738799749947905,0,0.275082690187431,24.7,1520,1
3449,Woerden,2.1,1.17016480122819,0.769021739130434,0,0.27906976744186,27.2,1837,1
3451,Utrecht,2.6,1.07991467476892,0.84173126614987,0,0.260753711457936,38.5,1337,1
3452,Utrecht,2.9,1.09659888241524,0.718008805567391,0,0.271518777002326,48.6,1707,1
3453,Utrecht,2.6,1.10937901989685,0.766822945394374,0,0.336438356164383,38,1538,1
3454,Utrecht,2.5,1.10263479119847,0.731085207965934,0,0.287124952525636,36.4,1601,1
3455,Utrecht,2.6,1.20538967852301,0.973411812461944,0,0.320388349514563,41.9,138,1
3461,Montfoort,2.4,1.0564128561706,0.890081853938556,0,0.277634961439588,28.8,477,1
3464,Oudewater,2.8,1.42518145242199,0.965217391304347,0,0.311688311688311,45.7,43,1
3465,Bodegraven-Reeuwijk,2.7,1.30802337912755,0.873331825378873,0,0.241626794258373,33.1,209,1
3466,Bodegraven-Reeuwijk,2.6,1.21562287672761,0.886185455528521,0,0.243243243243243,31,180,1
3467,Oudewater,2.6,1.38460977209748,0.942046855733662,0,0.337931034482758,35.8,112,1
3471,Woerden,2.5,1.22628338779173,0.878955696202531,0,0.279129321382842,31.5,310,1
3474,Woerden,2.5,1.19891584174716,0.931737588652482,0,0.266940451745379,29.7,207,1
3481,Woerden,2.3,1.1975891253449,0.828141640042598,0,0.293242405455672,29.9,744,1
3511,Utrecht,1.4,0.277719093395426,0.399540602621267,0.998393642204937,0.181628392484342,18.1,5812,1
3512,Utrecht,1.4,0.251662267503479,0.84024972456849,0.991041684188501,0.169084821428571,17.7,6181,1
3513,Utrecht,1.6,0.395534885559777,0.926551453260015,1,0.163544668587896,19.7,5801,1
3514,Utrecht,1.7,0.419292596411379,0.84548679542767,1,0.216216216216216,28.9,6252,1
3515,Utrecht,1.7,0.443788622288981,0.909558508358337,0.99988237880789,0.205047318611987,21.8,5720,1
3521,Utrecht,1.7,0.419901697602166,0.610218593626547,0.851424255502805,0.181877872619829,29.3,4398,1
3522,Utrecht,1.9,0.561882091881188,0.917279411764705,1,0.237354085603112,23.6,4753,1
3523,Utrecht,1.7,0.45194693692728,0.759125592905753,0.499388753056234,0.164861045690061,20.3,4459,1
3524,Utrecht,1.8,0.537336082497551,0.746179264766625,0.0016606698034874,0.254065934065934,15.5,2257,1
3525,Utrecht,2.3,0.647385640140362,0.871639784946236,0,0.219188767550702,23.8,3050,1
3526,Utrecht,1.8,1.22378496758497,0.587731168245376,0.222959297473966,0.171704957678355,7.8,3266,1
3527,Utrecht,1.8,0.456932193993068,0.868547008547008,0.0989367079721044,0.15867707172055,10.8,3604,1
3528,Utrecht,1.2,0.324334716313502,0.41221803002328,0,0.173191422833931,22,1075,1
3531,Utrecht,1.6,0.390008916885028,0.903899518037096,0.641581838746162,0.181539807524059,19.3,4475,1
3532,Utrecht,1.7,0.417155490267626,0.762669962917181,0.799453137459249,0.180722891566265,21.1,4635,1
3533,Utrecht,2.2,0.63747682743743,0.725179856115107,0.331916099773242,0.234848484848484,36,3531,1
3534,Utrecht,1.9,1.22378496758497,0.48875351452671,0.999281371821469,0.147138964577656,33.7,3184,1
3541,Utrecht,2.2,0.685614798741848,0.461326510529423,0.151663822525597,0.127777777777777,35,2735,1
3542,Utrecht,2.1,1.22378496758497,0.735928246995917,0.012890625,0.3,22,734,1
3543,Utrecht,2.4,0.859799957620983,0.632649639523836,0.0237632508833922,0.231952157197778,34.7,1894,1
3544,Utrecht,2.5,0.921297863895069,0.793979691768465,0,0.262005949851253,37.9,2414,1
3545,Utrecht,2.8,0.90892207096702,0.864721030042918,0,0.130526315789473,54.5,806,1
3546,Utrecht,2.6,1.5623334273546,0.98937908496732,0,0.34090909090909,22,225,0
3551,Utrecht,1.7,0.433927524898451,0.810327706057596,0.713790249721198,0.176673567977915,14.1,4829,1
3552,Utrecht,1.9,0.554251057729107,0.845299376862638,0.178736101927362,0.19203596660244,17.4,4920,1
3553,Utrecht,1.6,0.479518292808758,0.877013752455795,0,0.163020465772759,17.2,3634,1
3554,Utrecht,2.1,0.652878313762175,0.925627817128139,0,0.220426632191338,17.5,4237,1
3555,Utrecht,2,0.686371556085721,0.821699397238965,0,0.222287390029325,18.1,2157,1
3561,Utrecht,2.1,0.632988100878573,0.812844036697247,0,0.203056768558951,9.7,3702,1
3562,Utrecht,1.7,0.461764858690262,0.902313133244121,0,0.187274909963985,5.3,3919,1
3563,Utrecht,2.1,0.680914342027576,0.91939736346516,0,0.225930680359435,10.5,3782,1
3564,Utrecht,2.1,0.695655646840882,0.911940298507462,0,0.244876510772464,7.4,2889,1
3565,Utrecht,1.4,0.556044834047422,0.69179127250534,0,0.18304362838462,22,1110,1
3566,Utrecht,2.4,1.17876427766238,0.751243781094527,0,0.323943661971831,41.8,1517,1
3571,Utrecht,1.9,0.581793895036391,0.66443178008716,0.880803464150582,0.21172480620155,37.5,3914,1
3572,Utrecht,1.6,0.432994063537466,0.898669396110542,0.99971567682744,0.216795201371036,26.6,4821,1
3573,Utrecht,2.1,0.767316895396428,0.853924238672938,0.590677300167911,0.251236399604352,35.2,1925,1
3581,Utrecht,1.6,0.406226418829942,0.828018223234624,1,0.203722334004024,25.8,5116,1
3582,Utrecht,1.5,0.339501001183927,0.591836734693877,0.830079794813337,0.172794117647058,17.5,4462,1
3583,Utrecht,1.9,0.57067777115352,0.728378822755672,0.859256429549883,0.237386269644334,34.5,3003,1
3584,Utrecht,1.2,0.182379279535716,0.535775566231983,0.169095276220976,0.0844594594594594,20.3,1044,1
3585,Utrecht,2.5,1.15510750147521,0.839556962025316,0,0.27027027027027,22,822,1
3601,Stichtse Vecht,2.1,0.959396339103149,0.812249923053247,0,0.264564770390678,21,1487,1
3602,Stichtse Vecht,2.5,1.23086408199863,0.80831526590996,0,0.32463768115942,43.1,1020,1
3603,Stichtse Vecht,2.3,1.11526958261507,0.766686355581807,0,0.277673545966228,43.8,2203,1
3604,Stichtse Vecht,2.4,1.09137990879119,0.88205499276411,0,0.283168316831683,44.9,1243,1
3605,Stichtse Vecht,2,0.724053997272388,0.680962921970116,0,0.244845360824742,10.5,2186,1
3606,Stichtse Vecht,1.3,0.527983591176948,0.879096868171886,0,0.0755813953488372,1.4,1248,1
3607,Stichtse Vecht,2.5,1.07544024029304,0.767722878625134,0,0.255882352941176,24.4,1779,1
3608,Stichtse Vecht,2.3,0.861218538992442,0.774597495527728,0,0.253353204172876,18.7,1374,1
3611,Stichtse Vecht,2.4,1.27203482269837,0.852097130242825,0,0.360655737704918,59.4,535,1
3612,Stichtse Vecht,2.1,1.37931041211378,0.939424790022906,0,0.371508379888268,27.5,138,1
3615,De Bilt,2.6,1.55513810905891,0.917319848293299,0,0.291139240506329,35.7,102,1
3621,Stichtse Vecht,2.1,1.07027028131689,0.849282296650717,0,0.289190453907346,27.1,887,1
3625,Wijdemeren,2,1.72973695589402,0.926056338028169,0,0.342105263157894,22,65,1
3626,Stichtse Vecht,2.8,1.36199043465536,0.950853242320819,0,0.256944444444444,38.3,63,0
3628,Stichtse Vecht,2.4,1.28047612207499,0.909865024005797,0,0.28179190751445,30.4,307,1
3631,Stichtse Vecht,2.3,1.6212105970672,0.896581196581196,0,0.343434343434343,46.4,132,1
3632,Stichtse Vecht,2.3,1.14051820327161,0.858282595003149,0,0.305027932960893,32.1,551,1
3633,Stichtse Vecht,2.3,1.26700339777481,0.869900357210001,0,0.296482412060301,36.3,266,1
3634,Stichtse Vecht,2.2,1.88642967760148,0.835915088927137,0,0.313725490196078,38.4,108,1
3641,De Ronde Venen,2.1,1.07643545620133,0.783584459578672,0,0.259812286689419,19.6,1372,1
3642,De Ronde Venen,2.4,1.28160512140051,0.883408071748878,0,0.323051948051948,28.2,1224,1
3643,De Ronde Venen,2.4,1.4322257790964,0.888689407540394,0,0.326530612244897,33.4,765,1
3645,De Ronde Venen,2.2,1.20050649794522,0.846098265895953,0,0.30745179781136,29.4,637,1
3646,De Ronde Venen,2.4,1.47451593023163,0.975090252707581,0,0.30817610062893,35.7,57,0
3648,De Ronde Venen,2.4,1.20746610951838,0.886293963547182,0,0.286092715231788,30.5,727,0
3651,Nieuwkoop,2.8,1.7867173730678,0.987668819729888,0,0.482758620689655,22,47,1
3652,Nieuwkoop,2.2,1.4954072978597,0.895373973194984,0,0.357723577235772,34,90,0
3653,Nieuwkoop,3.2,1.60824914632427,0.949044585987261,0,0.39714232253648,22,79,1
3701,Zeist,1.7,0.734978171892935,0.612182221463914,0.810340022296544,0.255417956656346,19,2467,1
3702,Zeist,2.1,0.864722574104433,0.601320820298922,0.156466470751157,0.271573604060913,22.5,2894,1
3703,Zeist,2.2,0.964740815126563,0.771550057982218,0.00125250501002004,0.249796582587469,27.9,1781,1
3704,Zeist,2.3,0.880425345541285,0.790601052534392,0,0.2430966469428,21.7,1813,1
3705,Zeist,2,0.74154670821193,0.748986107515747,0,0.249382716049382,24.7,2086,1
3706,Zeist,1.9,0.751477617051417,0.80690399137001,0,0.221800947867298,9.5,1455,1
3707,Zeist,2.3,1.03908531267655,0.696890017227309,0.0729898516783762,0.299416180150125,43.9,1677,1
3708,Zeist,2.1,0.941642453965504,0.73453830075003,0.000125534528300496,0.265441176470588,30.1,1124,1
3709,Zeist,1.6,0.894334997697682,0.91998083373263,0.121875,0.333333333333333,17.2,415,0
3711,Zeist,2.3,1.22378496758497,0.814333706606942,0,0.307692307692307,33.5,219,1
3712,Zeist,2.2,1.00723081917065,0.778721804511278,0,0.258698940998487,34.5,614,1
3721,De Bilt,2.2,0.880641230741984,0.782255833256478,0,0.260509177027827,22.6,1846,1
3722,De Bilt,2.1,1.00905813155598,0.718277680140597,0,0.251348435814455,32,1196,1
3723,De Bilt,2.3,1.04637580308901,0.854814898932546,0,0.279092702169625,37.9,1159,1
3731,De Bilt,2.2,0.905080423239909,0.693900549373151,0,0.273102310231023,29.6,1725,1
3732,De Bilt,2,0.828501381348293,0.848265718838092,0,0.25311203319502,21.4,1681,1
3734,Zeist,2.2,1.04941570208849,0.79070821529745,0,0.299221357063403,32.7,621,1
3735,Zeist,2.3,1.7445715563877,0.95448758752387,0,0.302857142857142,66.2,408,0
3737,De Bilt,2.5,1.28144992004568,0.85509456985967,0,0.329081632653061,47.5,258,1
3738,De Bilt,2.3,1.11901571076697,0.794250281848929,0,0.270132517838939,22.1,617,1
3739,De Bilt,2.2,1.27768129285968,0.924092409240924,0,0.375796178343949,37.2,188,1
3741,Baarn,2.2,1.03455038352389,0.708974127012846,0,0.277426160337552,23.2,1701,1
3742,Baarn,2.1,1.05213458284243,0.712690599111538,0,0.2849548112706,21.3,1738,0
3743,Baarn,2,1.08614104592688,0.618904521240267,0,0.265770423991727,34.5,1792,1
3744,Baarn,2.2,1.42225041635358,0.979121145909201,0,0.33649289099526,51.4,173,1
3749,Baarn,2.1,1.22378496758497,0.984460494637776,0,0.327586206896551,39.1,65,1
3751,Bunschoten,2.5,1.15068139293948,0.812574888062054,0,0.241341396371632,27.2,1207,1
3752,Bunschoten,2.5,1.10632171777578,0.806677204579202,0,0.258559622195985,24.8,1306,1
3754,Bunschoten,2.8,1.37787123844836,0.89934872705743,0,0.300613496932515,41.7,69,1
3755,Eemnes,2.3,1.16037440002301,0.900283097418817,0,0.297948717948717,28.4,994,1
3761,Soest,2.1,1.11158793543642,0.59712950600801,0,0.270896273917421,31.3,1399,1
3762,Soest,2.1,1.14511284433493,0.665388930441286,0,0.267655786350148,22.4,2014,1
3763,Soest,2.6,1.5751380412486,0.77069306930693,0,0.35042735042735,37,1307,0
3764,Soest,2.1,1.05521458711006,0.806388825280512,0,0.284664830119375,23.1,1379,1
3765,Soest,2.2,1.00298178056654,0.738828432507524,0,0.253534401508011,16,2197,1
3766,Soest,2.3,1.16400267397085,0.719815431940528,0,0.279085872576177,24.7,1768,0
3768,Soest,2.4,1.32447427695982,0.764141795065187,0,0.293408360128617,40.5,799,1
3769,Soest,2.2,1.11644296049755,0.599130280440184,0,0.268512556342562,25.3,850,1
3771,Barneveld,2.4,1.075325844077,0.787434887225997,0,0.230737192836318,22.9,1125,1
3772,Barneveld,2.7,1.10372666822018,0.79079223956718,0,0.202696196437169,20.7,1470,1
3773,Barneveld,2.6,1.21918597276531,0.785458377239199,0,0.286541244573082,26.7,828,1
3774,Barneveld,3.2,1.46205280891773,0.925310380389512,0,0.206694560669456,37,190,1
3775,Barneveld,2.2,1.54644764547301,0.989550473186119,0,0.45,41.2,86,0
3776,Barneveld,2.8,1.49726587768687,0.966173931808372,0,0.262390670553935,31.5,190,1
3781,Barneveld,2.4,1.21944377621628,0.873797717904295,0,0.250308769040757,26.3,807,1
3784,Barneveld,2.7,1.62313975736266,0.891523605150214,0,0.294117647058823,35.4,99,1
3785,Barneveld,2.7,1.40855411017061,0.915480427046263,0,0.264984227129337,30.9,162,1
3791,Leusden,2.2,1.20386754638489,0.870219991141296,0,0.301470588235294,27,351,0
3792,Barneveld,2.7,1.47636749769547,0.991419141914191,0,0.333333333333333,22,91,1
3794,Barneveld,2.2,1.25772244094056,0.97191011235955,0,0.229729729729729,31.8,55,1
3811,Amersfoort,1.5,0.587800527293765,0.358559759959993,0.273451686356332,0.223190348525469,13.6,4226,1
3812,Amersfoort,2,0.909567725714579,0.613319075625259,0.0415028913169402,0.235849056603773,15.7,2248,1
3813,Amersfoort,2.1,0.820169841047955,0.746212751789578,0.00613496932515337,0.262213359920239,16,2699,1
3814,Amersfoort,2.1,0.778391620071789,0.755741691434747,0.0461208437611726,0.242298084929225,14.9,3983,1
3815,Amersfoort,2.2,0.888945834432221,0.624065691125381,0,0.230305639259578,12.9,2756,1
3816,Amersfoort,2,0.772958696082188,0.77013853258081,0,0.24305267523849,15.9,2987,1
3817,Amersfoort,2.1,0.635147612796831,0.568687401159725,0.0209949382337002,0.275176129299627,28.2,2660,1
3818,Amersfoort,2.2,1.0796635016001,0.653402972216239,0.0321784845058984,0.300696055684454,37.9,1724,1
3819,Amersfoort,1.7,1.46477071636151,0.702582084794389,0,0.146153846153846,14.9,800,1
3821,Amersfoort,1.2,0.447349994464764,0.446470588235294,0,0.151515151515151,6.8,1405,1
3822,Amersfoort,2.3,1.08588287000199,0.801220908050362,0,0.320939334637964,24.7,2114,1
3823,Amersfoort,2.3,0.983629227694084,0.811443550573985,0,0.3324200913242,28.5,2219,1
3824,Amersfoort,2.5,1.22378496758497,0.723439601297365,0,0.337105624142661,34.2,1741,1
3825,Amersfoort,2.8,0.960699601302989,0.72288385196568,0,0.280415944540727,42,1877,1
3826,Amersfoort,2.6,1.19628119547194,0.907487043775498,0,0.221836228287841,38.6,1433,1
3828,Amersfoort,2.3,1.13846559264731,0.775261078182331,0,0.303960396039603,27.8,1708,0
3829,Amersfoort,2.7,1.21587955488279,0.746587537091988,0,0.290853031860226,42.9,1181,1
3831,Leusden,2.2,1.08314021715908,0.725532571781414,0,0.276247207743857,24.5,1590,0
3832,Leusden,2.6,1.09714116040321,0.522073748308525,0,0.296193129062209,42.7,703,0
3833,Leusden,2.2,0.867119499725765,0.600898946063236,0,0.249024707412223,25,1528,1
3834,Leusden,2.1,1.07368918788405,0.757399103139013,0,0.256658595641646,24,1401,1
3835,Leusden,2.7,1.43620980600285,0.960759493670886,0,0.373333333333333,41.5,252,1
3836,Amersfoort,2.6,1.37343040919978,0.966327827191867,0,0.346153846153846,22,245,1
3841,Harderwijk,1.8,0.906886257163921,0.7026322647902,0.138445845697329,0.277551020408163,15.1,2092,1
3842,Harderwijk,2.2,0.980836340348274,0.764137155705452,0,0.245042492917847,14.2,2419,1
3843,Harderwijk,2.3,0.925701133155883,0.698315675088291,0,0.261233815689261,14.9,1714,1
3844,Harderwijk,2.2,0.960808905169675,0.833253975811827,0,0.257238307349665,16.9,1610,1
3845,Harderwijk,2.6,1.00886753976311,0.771568010075566,0,0.272770853307766,29.8,1369,1
3846,Harderwijk,2.3,0.971118968881824,0.732335245557576,0.053591899121131,0.262569832402234,44.1,885,1
3847,Harderwijk,1.8,0.876671070885497,0.723753051970701,0,0.301980198019801,19.1,913,1
3848,Harderwijk,2.4,1.4101639066462,0.716165747821447,0,0.289111389236545,26.2,1307,1
3849,Harderwijk,2.4,1.22378496758497,0.952290798939795,0,0.305232558139534,31.4,252,1
3851,Ermelo,2.2,1.08489144658855,0.787914358155695,0,0.254272613588995,19.3,1370,1
3852,Ermelo,2.3,1.15806533058967,0.926954839155523,0,0.2959927140255,26.1,604,0
3853,Ermelo,2.3,1.18243484011896,0.902164077816317,0,0.279518072289156,22,808,1
3861,Nijkerk,2.3,0.962721276999423,0.78066053345688,0.0124943913288851,0.252252252252252,22,1324,0
3862,Nijkerk,2.3,1.08642779783002,0.841592760180995,0,0.248624862486248,21.4,1273,1
3863,Nijkerk,2.5,1.25093277771469,0.773168662204204,0,0.303188028627195,27.6,1168,1
3864,Nijkerk,2.6,1.34766294598176,0.820574162679425,0,0.316901408450704,30.2,408,1
3871,Nijkerk,2.4,1.24910392737409,0.735152031827223,0,0.273979591836734,29.3,1002,1
3881,Putten,2.3,1.20951285768206,0.825571130962889,0,0.272522522522522,24.1,876,1
3882,Putten,2.5,1.18227244829909,0.918798172707331,0,0.265873015873015,24,966,1
3886,Barneveld,2.5,1.30320164217373,0.906307977736549,0,0.280898876404494,30.4,238,1
3888,Apeldoorn,2.8,1.38610208322885,0.924669781392397,0,0.270588235294117,32.6,182,0
3891,Zeewolde,2.1,1.1471078724254,0.819728580109378,0,0.283248730964467,16.3,1307,1
3892,Zeewolde,2.3,1.26001374809591,0.78687670876188,0,0.335892514395393,23.8,1007,1
3893,Zeewolde,2.5,1.33053523063807,0.725736657737482,0,0.327855382087099,28.8,1026,1
3894,Zeewolde,2.6,1.28737511359596,0.823379069141781,0,0.227313566936208,27.8,900,1
3896,Zeewolde,2.4,1.22512033122153,0.949085545722713,0,0.298701298701298,22.8,214,0
3897,Zeewolde,1.6,0.451759388365204,0.986889981390439,0,0.258503401360544,15,117,1
3898,Zeewolde,2.3,1.33663362333046,0.993842684936258,0,0.368421052631579,22,58,1
3899,Zeewolde,2.3,1.01117796268235,0.838989974006684,0,0.333333333333333,22,136,0
3901,Veenendaal,1.8,0.753758670559475,0.587355158060524,0.490949009580337,0.220525059665871,8,3379,1
3902,Veenendaal,2.4,0.973879782510727,0.712787071165296,0.0100753820954648,0.238734419942473,19.8,2175,1
3903,Veenendaal,2.3,1.23108146626393,0.582446117891456,0,0.286486486486486,25.5,1605,1
3904,Veenendaal,2.4,1.1270373706386,0.709470845972362,0.00237529691211401,0.262762762762762,22,2176,1
3905,Veenendaal,2.3,1.18393460373169,0.620782111600141,0.00851517797498478,0.247100175746924,16.8,2406,1
3906,Veenendaal,2.5,1.25673066737122,0.719084178777077,0,0.305293691080493,26.9,1395,1
3907,Veenendaal,3,1.0038610871761,0.830095021982697,0,0.178624813153961,37.1,1008,1
3911,Rhenen,2.3,1.14937754006332,0.861660314435445,0,0.264548494983277,23.3,1047,1
3912,Rhenen,2.4,1.15083476339931,0.803170409511228,0,0.318965517241379,17.6,1296,1
3921,Rhenen,2.4,1.22378496758497,0.761498845675723,0,0.274099883855981,24.3,510,1
3922,Rhenen,2.4,1.18637038614951,0.854938271604938,0,0.384615384615384,40.9,288,1
3925,Scherpenzeel,2.4,1.18661715602991,0.785374941779226,0,0.245529241179313,22.4,940,1
3927,Renswoude,2.5,1.4599098638544,0.869419017373435,0,0.245659722222222,26.6,528,1
3931,Woudenberg,2.5,1.30305908668617,0.824873906659005,0,0.247950819672131,26.9,1008,1
3941,Utrechtse Heuvelrug,2.1,1.26153169719777,0.805475002899895,0,0.299017313991577,30.2,566,1
3945,Wijk bij Duurstede,2.4,1.2564799157156,0.894578572042271,0,0.305722891566265,27.4,377,0
3947,Wijk bij Duurstede,2.5,1.34819237167719,0.933326919376563,0,0.282608695652173,29.3,204,0
3951,Utrechtse Heuvelrug,2.2,1.25084083523375,0.883224492662032,0,0.317787418655097,34.3,492,1
3953,Utrechtse Heuvelrug,2.4,1.37565173280282,0.938455935906773,0,0.285714285714285,38.8,147,1
3956,Utrechtse Heuvelrug,2.2,1.33075057676345,0.877887788778877,0,0.284615384615384,25.5,706,0
3958,Utrechtse Heuvelrug,2.2,1.31326710237756,0.85026195707284,0,0.284277879341864,25.1,720,1
3959,Utrechtse Heuvelrug,2.5,1.25047487307174,0.968266560888536,0,0.311036789297658,24.7,177,1
3961,Wijk bij Duurstede,2.2,0.997919097056861,0.812612899798108,0,0.282241014799154,19.9,1372,0
3962,Wijk bij Duurstede,2.3,1.03484362757979,0.717643686398165,0,0.288940359004053,26.5,1456,1
3971,Utrechtse Heuvelrug,2.2,0.861839122823587,0.675152041702867,0,0.279503105590062,34.9,1046,1
3972,Utrechtse Heuvelrug,2.2,1.07131993970029,0.789542913515291,0.00128408031129128,0.273059360730593,26.5,1349,0
3981,Bunnik,2.2,0.965963703926071,0.716345930906561,0,0.256114130434782,34.3,781,1
3984,Bunnik,2.3,1.2237403633521,0.761018693191562,0,0.303252032520325,31.1,761,1
3985,Bunnik,2.5,1.10753483910724,0.872119110748521,0,0.276923076923076,34.3,263,1
3989,Vijfheerenlanden,2.5,1.22378496758497,1,0,0.176690104941755,22,207,1
3991,Houten,2.5,1.08642600455317,0.726311352925399,0,0.295050055617352,37.5,1691,1
3992,Houten,2.2,1.02979638461233,0.784645211322217,0,0.278716216216216,31,1548,1
3993,Houten,2.3,0.919942580116395,0.857982171799027,0,0.279396984924623,20.4,1560,1
3994,Houten,2.5,0.876949521451913,0.78869690424766,0,0.304077401520387,38,1643,1
3995,Houten,2,0.68189714787948,0.457114228456913,0,0.188369152970922,13.2,2259,1
3997,Houten,2.4,1.32750564585032,0.946691176470588,0,0.343065693430656,36.2,89,1
3998,Houten,2.4,1.2728543566666,0.955999079719314,0,0.312056737588652,35.8,145,1
3999,Houten,2.3,1.22932801133504,0.94634620053411,0,0.333333333333333,36.9,66,1
4001,Tiel,1.8,0.85732691227933,0.79357594092001,0.163410088442852,0.261784897025171,8.8,2158,1
4002,Tiel,2.2,1.05192343509153,0.612612612612612,0,0.26068376068376,23.3,1634,1
4003,Tiel,2.2,1.08877459094129,0.828811752162066,0,0.271401395053899,16.3,1170,1
4004,Tiel,2.1,1.00002396036334,0.70823071195372,0,0.387596899224806,22,233,1
4005,Tiel,2.3,1.14962323213945,0.736635605689063,0,0.286436394271272,16,1590,1
4006,Tiel,2,0.935588914106748,0.839232550446576,0,0.241379310344827,6.7,1319,1
4007,Tiel,2.6,1.41052198702912,0.750782256580158,0,0.320675105485232,30.2,1012,1
4011,Buren,2.3,1.36908969628621,0.961046257569136,0,0.314606741573033,28.8,123,1
4012,Buren,2.4,1.27461765818095,0.87627365356623,0,0.315602836879432,30.7,185,0
4013,Tiel,2.6,1.45203057355501,0.839098698825769,0,0.317567567567567,35,158,0
4014,Tiel,2.5,1.55950289623498,0.954056411747601,0,0.307017543859649,28.4,145,0
4016,Buren,2.4,1.53591420832549,0.96967482645232,0,0.378378378378378,22,34,0
4017,Tiel,2.8,1.10153965029756,0.938610662358643,0,0.291666666666666,22,515,0
4021,Buren,2.3,1.31459365971738,0.912451048763478,0,0.295210166177908,22.1,475,1
4023,Buren,2.4,1.51928003666875,0.971582491582491,0,0.356060606060606,34.3,56,1
4024,Buren,2.3,1.38481992587171,0.891467904594205,0,0.328125,25.9,172,1
4031,Buren,2.2,1.32391982877363,0.937216637098363,0,0.321759259259259,23.2,174,1
4032,Buren,2.4,1.4015224957843,0.957033248081841,0,0.33125,35.5,91,0
4033,Buren,2.5,1.31251633653638,0.895218059713569,0,0.276094276094276,23.7,391,1
4041,Neder-Betuwe,2.6,1.43226493732259,0.823634629143811,0,0.224337185588035,22.1,571,1
4043,Neder-Betuwe,2.8,1.23203169685675,0.845496473141616,0,0.22730860299921,24.7,526,1
4051,Neder-Betuwe,2.5,1.03232254806994,0.845458653411658,0,0.239693192713326,19.6,461,0
4053,Neder-Betuwe,2.6,1.4788828949477,0.921046939216958,0,0.273504273504273,24,119,1
4054,Neder-Betuwe,2.4,1.47674600437786,0.940520075719836,0,0.3125,27.2,94,1
4061,West Betuwe,2.4,1.48803534656631,0.911325249025552,0,0.333333333333333,26.6,143,0
4062,Tiel,2.4,1.71518973487909,0.994508009153318,0,0.444444444444444,22,224,0
4063,West Betuwe,2.3,1.36441539284256,0.975204431548404,0,0.345238095238095,30.4,65,1
4064,West Betuwe,2.4,1.50112575646912,0.911420863309352,0,0.314814814814814,28.9,128,1
4101,Culemborg,2.1,0.97378096634509,0.799572172619047,0.0925322787018727,0.277813923227065,20.5,1717,1
4102,Culemborg,2.2,0.980386624512118,0.789693251533742,0,0.254396984924623,14.1,1592,1
4103,Culemborg,2.2,0.867136255713755,0.822711864406779,0,0.342560553633217,23.7,1600,1
4104,Culemborg,2.2,1.1945746021167,0.746526519270267,0,0.285714285714285,22,822,1
4105,Culemborg,2.4,1.1920919105715,0.742067624800388,0,0.302097902097902,28.5,1473,1
4106,Culemborg,2.7,1.47678070140979,0.904612488233448,0,0.201954397394136,39.9,815,1
4107,Culemborg,1.8,1.27948581693737,0.973796115389035,0,0.403846153846153,15.8,223,0
4111,Buren,2.4,1.3447561002096,0.908963585434173,0,0.351145038167938,36.1,122,1
4112,Buren,2.4,1.45394394898954,0.871477293125112,0,0.311940298507462,29.9,412,1
4115,Buren,2.3,1.36564836977271,0.92459218220991,0,0.342105263157894,35.8,63,1
4116,Buren,2.3,1.26694118950313,0.919642857142857,0,0.304924242424242,24.2,302,1
4117,Buren,2.6,1.69787805927502,0.965305118110236,0,0.310679611650485,38.8,106,0
4119,Buren,2.4,1.59048570833551,0.971415909594504,0,0.336633663366336,36.9,60,1
4121,Vijfheerenlanden,2.5,1.51708279799713,0.93160079408049,0,0.305439330543933,32,109,1
4122,Vijfheerenlanden,2.5,1.53432445068539,0.876203576341127,0,0.302325581395348,31.1,109,0
4124,Vijfheerenlanden,2.5,1.41049664208512,0.894693062718349,0,0.331168831168831,36,330,1
4125,Vijfheerenlanden,2.9,1.30217844795096,0.843694493783303,0,0.144927536231884,40.1,603,1
4126,Vijfheerenlanden,2.6,1.31896316405653,0.925954997383568,0,0.26865671641791,32.6,90,1
4128,Vijfheerenlanden,2.5,1.33711173245486,0.937748248718133,0,0.274086378737541,29.1,256,1
4131,Vijfheerenlanden,2.1,1.22378496758497,0.812732342007434,0,0.223013048635824,10.1,1143,1
4132,Vijfheerenlanden,2.2,1.21333834840385,0.893736698084524,0,0.272815533980582,24,1424,1
4133,Vijfheerenlanden,2.5,1.44032315981692,0.909199073204333,0,0.262110152621101,23.9,979,1
4141,Vijfheerenlanden,2,1.00314900931633,0.779800455102398,0.166096468788219,0.248653500897666,18.7,1671,1
4142,Vijfheerenlanden,2.3,0.961997959508666,0.849204519252939,0,0.226990049751243,13.5,1450,1
4143,Vijfheerenlanden,2.5,1.20768082541418,0.82267509955493,0,0.266358737490377,24.2,1280,1
4145,Vijfheerenlanden,2.6,1.49527323033451,0.91486211364057,0,0.265861027190332,30,165,1
4147,West Betuwe,2.4,1.36282174589611,0.874967473328129,0,0.291217257318952,23.3,564,1
4151,West Betuwe,2.4,1.53655770238073,0.975213675213675,0,0.301724137931034,36.4,119,0
4152,West Betuwe,2.5,1.4733089385242,0.935404598911707,0,0.305555555555555,35,131,0
4153,West Betuwe,2.3,1.22378496758497,0.882061563863663,0,0.303703703703703,28.3,445,1
4155,West Betuwe,2.6,1.58701778108311,0.973361190911465,0,0.347826086956521,47,125,0
4156,West Betuwe,2.4,1.46174675644754,0.918118285177845,0,0.316666666666666,37.1,216,1
4157,West Betuwe,2.3,2.00222801862491,0.973804573804573,0,0.333333333333333,30.2,103,0
4158,West Betuwe,2.4,1.6221855967499,0.859964991247812,0,0.319612590799031,30.6,250,1
4161,West Betuwe,2.3,1.32459231881755,0.892741061755146,0,0.294736842105263,24.8,313,1
4163,Vijfheerenlanden,2.6,1.48119720074314,0.964260185847033,0,0.306122448979591,22,425,1
4171,West Betuwe,2.4,1.35927621940444,0.946169660246699,0,0.270944741532976,29.1,259,0
4174,West Betuwe,2.7,1.31315407842716,0.958043940467753,0,0.279620853080568,33.8,96,1
4175,West Betuwe,2.4,1.14208124143701,0.861748682682861,0,0.274442538593482,21.9,352,1
4176,West Betuwe,2.5,1.19040150892002,0.847027388109552,0,0.259259259259259,30.9,194,0
4181,West Betuwe,2.8,1.38544551302313,0.832494231172645,0,0.245283018867924,26.5,278,0
4182,West Betuwe,2.9,1.53556641048611,0.957207207207207,0,0.326315789473684,45.4,66,0
4184,West Betuwe,2.4,1.38595320698073,0.903951845066736,0,0.324894514767932,31.6,141,1
4185,West Betuwe,2.5,1.20562182594364,0.928857715430861,0,0.324561403508771,33.3,71,1
4191,West Betuwe,2.3,1.10534936327822,0.728647446111294,0.0134505095515121,0.268059972739663,22.3,947,1
4194,West Betuwe,2.6,1.37765854600987,0.868973941368078,0,0.278268551236749,32.7,729,1
4196,West Betuwe,2.5,1.30562072245103,0.894161406672678,0,0.318289786223277,29.2,308,0
4197,West Betuwe,2.5,1.49055696848868,0.914984709480122,0,0.293388429752066,32.3,411,0
4201,Gorinchem,1.7,0.762496053064632,0.810110294117647,0.916277528543426,0.298977853492333,15.1,2025,1
4202,Gorinchem,1.9,1.01378493612883,0.766523374529822,0.015422362425517,0.333333333333333,22,900,1
4203,Gorinchem,1.8,1.22378496758497,0.7328190743338,0,0.29090909090909,22,1727,1
4204,Gorinchem,1.7,0.536401922224746,0.835714285714285,0,0.218631178707224,4.4,1819,1
4205,Gorinchem,2.2,0.985198773963739,0.779909706546275,0.00863136319201662,0.26560900716479,17,2063,1
4206,Gorinchem,2.3,0.939964084101114,0.793422184006878,0,0.2272,14.5,1663,1
4207,Gorinchem,2.5,1.18991657115539,0.736948740460593,9.16422287390029e-05,0.331811263318112,32.4,1517,1
4208,Gorinchem,3,1.26044767667424,0.758198810535259,0,0.220055710306406,50.3,845,1
4209,Molenlanden,2.5,1.56944663100376,0.864581054473856,0,0.27037037037037,27.6,180,0
4211,West Betuwe,2.5,1.39441148160866,0.891781331349944,0,0.277419354838709,28.8,135,1
4212,West Betuwe,2.7,1.87359683332372,0.73777564717162,0,0.333333333333333,22,156,1
4213,Gorinchem,2.4,1.25015648426731,0.788568257491675,0,0.31578947368421,32.1,577,1
4214,West Betuwe,2.4,1.52064894427562,0.854369481548562,0,0.283720930232558,22.5,216,0
4221,Molenlanden,2.4,1.75348585413534,0.918798283261802,0,0.295138888888888,29.8,149,1
4223,Molenlanden,2.5,1.26079809933357,0.86772708246128,0,0.255102040816326,29.1,233,1
4225,Molenlanden,2.5,1.47173570923521,0.935144783815946,0,0.281767955801105,31.9,139,1
4231,Vijfheerenlanden,2.4,1.25822587398163,0.879712746858168,0,0.26010101010101,26.2,388,1
4233,Vijfheerenlanden,2.3,1.16442374152006,0.867577828397874,0,0.25,20.6,502,1
4235,Vijfheerenlanden,2.8,1.34392949738172,0.967753623188405,0,0.260869565217391,33.5,340,1
4241,Molenlanden,2.2,1.17822855166269,0.876964769647696,0,0.288629737609329,21.2,474,1
4243,Vijfheerenlanden,2.8,1.52538666009667,0.933455943822103,0,0.248803827751196,28.9,85,0
4245,Vijfheerenlanden,2.9,1.52080240563285,0.913912756113681,0,0.237785016286644,33.8,106,1
4247,Vijfheerenlanden,2.4,1.3675853805361,0.928359571070043,0,0.3125,35.1,122,0
4251,Altena,2.5,1.23299718988227,0.900968829885502,0,0.250107991360691,23.1,969,0
4254,Altena,2.4,1.19597614776849,0.815451466547383,0,0.269607843137254,27.8,638,1
4255,Altena,2.3,1.0661349062158,0.872680536589284,0,0.279785809906291,20.6,393,1
4261,Altena,2.5,1.22378496758497,0.865057320337356,0,0.261428571428571,26,591,0
4264,Altena,2.4,1.24663063575131,0.794071964794201,0,0.261345852895148,23,395,1
4265,Altena,2.5,1.34759130037042,0.871922670291496,0,0.276162790697674,26.5,202,1
4266,Altena,2.3,1.22378496758497,0.905717761557177,0,0.292134831460674,23.9,124,1
4267,Altena,2.4,1.61420138800618,0.958973001588141,0,0.348837209302325,27.2,43,1
4268,Altena,2.6,1.53651506556013,0.913118811881188,0,0.292207792207792,24.6,92,1
4269,Altena,2.7,1.6846740067416,0.979557479557479,0,0.279569892473118,30.4,35,0
4271,Altena,2.3,1.33819310546544,0.928153717627401,0,0.27047619047619,24.4,260,1
4273,Altena,2.2,1.22378496758497,0.925067204301075,0,0.312280701754386,19.7,377,1
4281,Altena,2.4,1.56687615793643,0.857360882836346,0,0.268248175182481,24.3,304,1
4283,Altena,2.4,1.18625288649835,0.792206205717077,0,0.269696969696969,19,299,1
4284,Altena,2.3,1.03031939910457,0.866907157774824,0,0.2675,23.3,319,1
4285,Altena,2.2,1.11659294036607,0.849541730878416,0,0.299783549783549,23.4,530,1
4286,Altena,2.4,1.34318300792082,0.914948453608247,0,0.279894875164257,24.7,315,1
4287,Altena,2.7,1.44096905838563,0.897569444444444,0,0.23728813559322,28.2,63,0
4288,Altena,2.4,1.47701558099552,0.966986794717887,0,0.328571428571428,35.8,72,0
4301,Schouwen-Duiveland,2,0.942937695251515,0.878913918743553,0,0.275970619097586,13.4,1100,1
4302,Schouwen-Duiveland,2.2,1.16683214088012,0.802364864864864,0,0.265060240963855,23,805,1
4303,Schouwen-Duiveland,2.7,1.36369933210208,0.859972362966374,0,0.194444444444444,34.7,492,0
4305,Schouwen-Duiveland,2.1,1.20432370427618,0.982446259269689,0,0.301724137931034,17.5,98,1
4306,Schouwen-Duiveland,2.5,1.28704658073712,0.916658600329106,0,0.25,22.5,315,1
4307,Schouwen-Duiveland,2.5,1.24270375240374,0.930034006222415,0,0.258947368421052,19.5,288,1
4308,Schouwen-Duiveland,2.3,1.90548497634212,0.907518616382416,0,0.323076923076923,26.6,47,0
4311,Schouwen-Duiveland,2.3,1.31422881775177,0.917652894904684,0,0.254617414248021,22.1,498,0
4315,Schouwen-Duiveland,2.1,1.25391106414603,0.961129016505518,0,0.362694300518134,21.7,119,1
4316,Schouwen-Duiveland,2.1,1.25901620096684,0.95769770706598,0,0.329032258064516,21,111,1
4317,Schouwen-Duiveland,2.1,1.4191428913664,0.967037928958458,0,0.354430379746835,29.8,61,1
4318,Schouwen-Duiveland,1.8,0.966923845459352,0.961507028440666,0,0.282945736434108,10.7,255,0
4321,Schouwen-Duiveland,2.4,1.36514903653902,0.970939923182839,0,0.310344827586206,26.9,70,0
4322,Schouwen-Duiveland,2,1.36743960572307,0.936009307737056,0,0.314176245210728,15.2,273,1
4323,Schouwen-Duiveland,2.1,1.65007593220558,0.971143174250832,0,0.391304347826087,17.1,99,0
4325,Schouwen-Duiveland,1.9,1.12539265357714,0.831208489197648,0,0.321070234113712,18.7,276,1
4326,Schouwen-Duiveland,2.1,1.2494738436567,0.978377306090061,0,0.360655737704918,25.3,126,1
4327,Schouwen-Duiveland,1.9,1.57668499169241,0.951335877862595,0,0.352941176470588,11.1,44,1
4328,Schouwen-Duiveland,2,1.20759091292933,0.91607848673066,0,0.29300118623962,21.4,306,0
4331,Middelburg,1.5,0.690843936228916,0.748820277740326,0.991582643140079,0.260106788710907,14.3,2875,1
4332,Middelburg,1.9,1.22378496758497,0.800403496973772,0.102158172824064,0.301369863013698,15.4,1703,1
4333,Middelburg,2.1,1.03524403815624,0.783903208837454,0.000805178827348375,0.258587786259542,23.5,1439,1
4334,Middelburg,2.1,0.87563537207861,0.768482087388693,0,0.258064516129032,16.2,1395,1
4335,Middelburg,2,0.841931026696207,0.732532751091703,0.000165590329524755,0.243997404282933,12.7,1846,1
4336,Middelburg,2.2,1.00024264676181,0.800264012997563,0,0.263233190271816,13,2039,1
4337,Middelburg,2.2,0.958574368053316,0.709717479043775,0.000174953875741277,0.257828810020876,17,1882,1
4338,Middelburg,2,1.44802168246035,0.80857102313041,0,0.380952380952381,22,448,1
4339,Middelburg,2.2,1.44209336108792,0.968039105094942,0,0.246376811594202,18.5,257,1
4341,Middelburg,2.5,1.23202516809254,0.901215733015494,0,0.256097560975609,21.7,538,0
4351,Veere,2.2,1.18120634271745,0.934752674504819,0.301529745042492,0.283582089552238,25.2,176,1
4352,Veere,2.2,1.07072088412139,0.97109440267335,0,0.306930693069306,25.1,71,1
4353,Veere,2.3,1.28386648891408,0.921102747800852,0,0.273458445040214,20.4,289,1
4354,Veere,2.2,1.43072841239067,0.852145136508687,0.111974110032362,0.288461538461538,18.9,235,1
4356,Veere,2.1,1.38880913749335,0.918103201420308,0.0923835069552741,0.252049180327868,22.8,407,1
4357,Veere,2,0.97559294805826,0.852117605880294,0.557814746354487,0.253869969040247,20.7,507,1
4361,Veere,2.2,1.3323292532867,0.939494842849021,0.163208852005532,0.277777777777777,19.5,476,1
4363,Veere,2.8,1.22230535344332,0.9302396736359,0,0.235690235690235,22.8,157,1
4364,Veere,2.3,1.32743502741894,0.949061475123857,0,0.298561151079136,22.8,168,1
4365,Veere,2.9,1.23354287106266,0.935837610825945,0,0.212328767123287,23.7,159,0
4371,Veere,2.2,1.17757007240029,0.896443514644351,0.151016397469753,0.285302593659942,21.7,430,1
4373,Veere,2.2,1.29670590299226,0.954613010174917,0.0626347305389221,0.308571428571428,25.3,112,1
4374,Veere,2.1,1.05264330121527,0.808942769424545,0.391689373297002,0.305810397553516,24.1,397,1
4381,Vlissingen,1.6,0.696167934673253,0.760411792232101,0,0.276232616940581,7.8,2568,1
4382,Vlissingen,1.8,0.701138911068176,0.76226681298009,0,0.23469387755102,7.6,2646,1
4383,Vlissingen,1.8,0.735076839886482,0.698538475083641,0,0.25585023400936,9.7,2447,1
4384,Vlissingen,2,0.902138256658996,0.813305335496802,0,0.278133577310155,16.9,1360,1
4385,Vlissingen,2.2,1.09249636861546,0.75832078942967,0,0.28626320845341,13.9,1759,1
4386,Vlissingen,2.4,1.22374317694301,0.77145073700543,0,0.306615776081425,25.5,1345,1
4387,Vlissingen,2.6,1.37260414281058,0.791166586653864,0,0.362831858407079,33.3,1043,1
4388,Vlissingen,2.1,0.970493802645276,0.774054379452192,0,0.26513671875,11.5,1589,1
4389,Vlissingen,2.2,1.50791959402924,0.397010443575986,0,0.321100917431192,20.4,147,0
4401,Reimerswaal,2.4,1.06817715169145,0.84069687998178,0,0.252801120448179,20,815,1
4411,Reimerswaal,2.1,0.984326368559915,0.941442006269592,0,0.279731993299832,16,293,0
4413,Reimerswaal,2.7,1.23959041178249,0.855930543769175,0,0.223946784922394,20.8,487,1
4414,Reimerswaal,3,1.46658128983372,0.936155077360839,0,0.240418118466898,27.7,132,0
4415,Reimerswaal,3.2,1.10481887848083,0.920096124962451,0,0.203252032520325,31,65,1
4416,Reimerswaal,2.5,1.34836899359572,0.871343515402536,0,0.219611848825332,18.7,491,1
4417,Reimerswaal,2,1.1419570482353,0.937158469945355,0,0.284482758620689,12.1,300,1
4421,Kapelle,2.4,1.2086832812429,0.815479894509141,0,0.261727078891258,24,770,1
4423,Kapelle,2.4,1.74634063509894,0.962705667276051,0,0.294117647058823,17.8,119,1
4424,Kapelle,2.1,1.48916786820348,0.895484282750917,0,0.303715670436187,19.3,476,1
4431,Borsele,2.6,1.27106404660687,0.820219613782658,0,0.2409381663113,21.1,491,1
4433,Borsele,2.3,1.25520911810927,0.968479008947006,0,0.284722222222222,22.3,98,1
4434,Borsele,2.1,1.26371108457217,0.951690821256038,0,0.29381443298969,23.1,119,1
4435,Borsele,2.3,1.40800218633902,0.966042154566744,0,0.294117647058823,21.2,57,1
4436,Borsele,2.2,1.43817299271255,0.957915831663326,0,0.368421052631578,25.3,88,1
4437,Borsele,1.9,1.44618206639303,0.976099092812281,0,0.386666666666666,13.4,62,1
4438,Borsele,2.3,1.49468509563032,0.950700741962077,0,0.371681415929203,24.4,80,1
4441,Borsele,2.1,1.24947458724367,0.950043535045711,0,0.281632653061224,18.5,162,0
4443,Borsele,2.2,1.61613080474437,0.978823746994636,0,0.328,27.5,73,0
4444,Borsele,2.4,1.39165148229065,0.982368358351203,0,0.34313725490196,36,68,0
4451,Borsele,2.2,1.07321487828962,0.866813795935126,0,0.268115942028985,20.8,580,1
4453,Borsele,2.2,1.33196053244545,0.905997094832952,0,0.285365853658536,19,265,1
4454,Borsele,2.7,1.64587263222395,0.890081860244394,0,0.251677852348993,19.5,164,1
4455,Borsele,2.3,1.2575858806205,0.853862542413004,0,0.275471698113207,20.5,155,0
4456,Borsele,2.3,1.54417642520751,0.935500168406871,0,0.295580110497237,20.3,194,1
4458,Goes,2.3,1.15518412038569,0.943156362007168,0,0.307917888563049,20.2,171,0
4461,Goes,1.8,0.844924046822683,0.692962985182074,0.238890923405676,0.25967812092214,10.7,2092,1
4462,Goes,2,0.884306728344534,0.650363874700537,0.00145954302990945,0.275596072931276,17.9,1534,1
4463,Goes,2.2,1.02144966626193,0.838251446144834,0,0.267281105990783,11.5,1219,1
4464,Goes,2.6,1.28392878129256,0.755932992089343,0,0.251450676982591,32.3,786,1
4465,Goes,2.3,1.62828601803958,0.813592233009708,0,0.313513513513513,52.2,471,1
4471,Goes,2.2,1.28179829410855,0.965575146935348,0,0.319565217391304,19.6,221,0
4472,Goes,2.4,1.37330220204048,0.852923076923076,0,0.308695652173913,26.3,280,1
4474,Goes,2.3,1.4893554507239,0.965118097919599,0,0.36036036036036,27.6,75,1
4475,Goes,2.4,1.34501822878716,0.944232306189503,0,0.325153374233128,28.4,192,1
4481,Goes,2.2,1.21701560470587,0.775016422158966,0,0.306686046511627,29,1153,1
4482,Kapelle,2.9,1.3070501060368,0.996840442338072,0,0.588623161704343,22,94,0
4484,Noord-Beveland,2,1.22378496758497,0.925689597873047,0,0.291169451073985,17.5,354,1
4485,Noord-Beveland,2.1,1.32425943647509,0.978829638506091,0,0.329896907216494,21.2,63,0
4486,Noord-Beveland,1.9,1.31330952066209,0.955590551181102,0,0.307936507936508,12.2,323,0
4491,Noord-Beveland,2,1.12647411428651,0.946405096571948,0,0.318725099601593,13.3,187,0
4493,Noord-Beveland,2,1.21262511235728,0.937068686315055,0.0679286416930316,0.304545454545454,20.1,222,1
4494,Noord-Beveland,1.8,0.859710445658941,0.971181556195965,0,0.361111111111111,12.6,78,1
4501,Sluis,2,0.889246319447261,0.892378491845632,0,0.27076591154261,12.3,755,1
4503,Sluis,2.1,1.35875695047373,0.962368185264318,0.0955382081214638,0.3125,20,152,0
4504,Sluis,2,1.37847487346643,0.968463689844729,0.0860386377215694,0.307692307692307,24.4,311,0
4505,Sluis,2,1.03915455257546,0.968164548670247,0,0.351648351648351,20.2,95,0
4506,Sluis,1.7,0.879276612000199,0.964841357344113,0.0967496190959878,0.25735294117647,16.2,450,0
4507,Sluis,2,1.30461366292104,0.962048155291482,0,0.282758620689655,14.8,234,1
4508,Sluis,2.1,1.49745049192784,0.976476974577037,0,0.323809523809523,22.8,34,1
4511,Sluis,2,1.16991300883128,0.899545092154012,0.0308638757103383,0.282417582417582,15.6,705,1
4513,Sluis,1.9,1.34593293078958,0.956527249683143,0,0.330985915492957,15.4,135,0
4515,Sluis,2.2,1.28699842476505,0.95919610231425,0,0.287234042553191,22,319,1
4521,Terneuzen,2.1,1.52168460389375,0.949912671136402,0,0.306962025316455,19.7,196,0
4522,Sluis,2.2,1.71785479042025,0.997157152604048,0,0.368421052631578,22,10,0
4524,Sluis,1.9,0.96829566872152,0.926835547317475,0.173879228931726,0.280922431865828,15.7,478,1
4525,Sluis,1.8,1.28817890683938,0.981534361317342,0.0633242823894491,0.346153846153846,19,187,0
4527,Sluis,2,0.982877726737726,0.943704680290046,0,0.285714285714285,14,306,0
4528,Sluis,2.4,1.43682300480303,0.985105386416861,0,0.323076923076923,35.1,18,0
4529,Sluis,2.3,1.18400907725832,0.9450070989115,0,0.264248704663212,17.5,98,1
4531,Terneuzen,1.5,0.770921368416121,0.751517499677127,0,0.265454545454545,5.7,1320,1
4532,Terneuzen,1.8,0.987533280539901,0.792686494392979,0,0.226950354609929,10.1,1716,1
4533,Terneuzen,2.7,1.26288864071006,0.856342042755344,0,0.307086614173228,45.7,681,0
4535,Terneuzen,2.2,1.28913828440582,0.738744519302748,0,0.286504424778761,22.2,1139,1
4536,Terneuzen,2,0.923880271321197,0.826873893370057,0,0.230645161290322,7.2,1400,1
4537,Terneuzen,2.1,1.02943988500351,0.832220873786407,0,0.300385109114249,11.2,1551,1
4538,Terneuzen,2,1.64631701386229,0.814186070366191,0,0.327586206896551,19.8,788,0
4539,Terneuzen,2.3,1.58131568734994,0.835120643431635,0,0.297297297297297,22,38,0
4541,Terneuzen,2,1.22856050651062,0.935476437377578,0,0.298672566371681,12.1,350,1
4542,Terneuzen,2.2,1.41553133304567,0.907553843057193,0,0.284710017574692,17.6,331,0
4543,Terneuzen,2.2,1.3367435462659,0.956202679091438,0,0.28125,20,220,0
4551,Terneuzen,2,0.988820525691738,0.839835264301231,0,0.298089171974522,9.3,517,0
4553,Terneuzen,2.1,1.2720588655885,0.939476519424551,0,0.303703703703703,23.2,281,0
4554,Terneuzen,2,1.47341058010397,0.893856119344391,0,0.309090909090909,15.7,232,1
4561,Hulst,2,1.12663319287828,0.867568104991051,0.0715358952810247,0.275458248472505,15.8,858,0
4562,Hulst,2.5,1.56189430066344,0.780903034789045,0,0.378504672897196,45.6,399,1
4564,Hulst,2.2,1.27184765932111,0.796646966590278,0,0.295886075949367,19,512,1
4565,Hulst,2.2,1.36177543622915,0.628962088253573,0,0.318840579710144,20.5,146,1
4566,Hulst,2.3,1.39926776433667,0.885904724563811,0,0.321888412017167,24,126,1
4567,Hulst,2.1,1.34313292073089,0.917609334639707,0,0.336206896551724,16.1,282,1
4568,Hulst,2.2,1.18642262266921,0.965384615384615,0,0.354166666666666,20.9,125,0
4569,Hulst,2.1,1.4511192413841,0.961956987404678,0,0.335106382978723,18.8,85,1
4571,Terneuzen,2,1.11853333985094,0.924218983253263,0,0.278061224489795,15.2,851,0
4574,Terneuzen,2.2,1.61411459519138,0.938488576449912,0,0.324175824175824,22.2,93,1
4575,Terneuzen,2.4,1.16818255093451,0.982384268742318,0,0.307692307692307,24.3,22,0
4576,Terneuzen,2.2,1.40808764652574,0.938003173297291,0,0.31548757170172,21,214,1
4581,Hulst,2.2,1.36910353124065,0.927271055535123,0,0.329639889196675,22.8,181,1
4583,Hulst,2.1,1.23752135157025,0.942632170978627,0,0.34065934065934,18.3,54,0
4584,Hulst,2.3,1.68160154931005,0.936436884512086,0,0.38,20.5,37,0
4585,Hulst,2.1,1.31636040193955,0.968733869183688,0,0.360902255639097,21.7,54,1
4586,Hulst,2.1,1.22378496758497,0.919872722013306,0,0.339285714285714,18.6,84,1
4587,Hulst,2.1,1.14985046063834,0.897534317871316,0,0.279434850863422,19.1,430,0
4588,Hulst,2.2,1.44667483822385,0.920674646354733,0,0.369230769230769,21.2,50,0
4589,Hulst,1.9,1.42247989651362,0.984824462061155,0,0.350877192982456,18.4,37,1
4611,Bergen op Zoom,1.7,0.775407929834833,0.775144698045211,0.902684764147878,0.267519181585677,14.8,2991,1
4612,Bergen op Zoom,2.3,1.22378496758497,0.702432045779685,0.0643066459763384,0.294520547945205,22,1169,0
4613,Bergen op Zoom,2.2,0.980257667318252,0.719775654341503,0,0.287248322147651,17.9,1958,1
4614,Bergen op Zoom,2.2,1.08720439341448,0.801885961046972,0,0.254929577464788,19.1,1633,0
4615,Bergen op Zoom,2.1,0.932833679901262,0.778187177597641,0.0537405303030303,0.268141592920354,12.2,2611,1
4616,Bergen op Zoom,2.5,1.21870601519424,0.818232976927405,0,0.164772727272727,23.3,1980,1
4617,Bergen op Zoom,2.3,1.24996607661165,0.807658738817368,0,0.330110497237569,30.6,1210,1
4621,Bergen op Zoom,2.2,0.871395959205789,0.885448916408668,0.220189068036832,0.261327713382507,8.6,2969,1
4622,Bergen op Zoom,2.3,1.67739246592703,0.700750711881957,0,0.301075268817204,24.5,1671,1
4623,Bergen op Zoom,2.2,0.937060764945826,0.907722122838401,0,0.247842170160295,12.5,1730,1
4624,Bergen op Zoom,2.1,0.918051209012021,0.834685090617803,0.147492802303262,0.263636363636363,13.2,2301,0
4625,Bergen op Zoom,2.3,1.21228248668448,0.836153459540961,0,0.29662261380323,16,1077,1
4631,Woensdrecht,2.2,1.36649655287219,0.741783386492858,0,0.283884738527214,20.6,901,1
4634,Woensdrecht,2.2,1.20921828695714,0.932951667951117,0,0.349152542372881,25.3,472,0
4635,Woensdrecht,2.2,1.52855316569839,0.908188308790718,0,0.324390243902439,27.2,260,1
4641,Woensdrecht,2.2,1.18628692276769,0.845871644840717,0,0.307339449541284,20.8,528,1
4645,Woensdrecht,2.1,1.18792616314266,0.812581547064305,0,0.301423027166882,14.4,562,1
4651,Steenbergen,2.1,1.10608020876245,0.849037203215554,0,0.275229357798165,17.5,950,1
4652,Steenbergen,2.4,1.3432299745121,0.702770780856423,0,0.233333333333333,29.7,1064,1
4655,Steenbergen,2.3,1.2678739540113,0.975430577095747,0,0.277777777777777,23.1,42,1
4661,Bergen op Zoom,2.3,1.18109166105663,0.842361178644364,0,0.295173514160351,24.6,982,1
4664,Bergen op Zoom,2.2,1.28929061192769,0.931123127382324,0,0.315926892950391,21.4,235,0
4671,Steenbergen,2.2,1.33596035979813,0.839122581996178,0,0.291738382099827,18.3,706,1
4675,Tholen,2.4,1.256231227233,0.957128568830696,0,0.268518518518518,21.5,273,0
4681,Steenbergen,2.2,1.29430304184398,0.911481999300943,0,0.315673289183223,19.8,267,0
4691,Tholen,2.4,1.15500301608759,0.870459196725505,0,0.254750593824228,22.3,753,0
4693,Tholen,2.4,1.37302700436104,0.92093476144109,0,0.275280898876404,20.4,192,0
4694,Tholen,2.6,1.42622700087243,0.946743051135158,0,0.251351351351351,17.5,237,0
4695,Tholen,2.2,1.17121003694449,0.942117510180337,0,0.269284712482468,14.8,494,0
4696,Tholen,2.5,1.27099417439095,0.949817147501015,0,0.252941176470588,16.7,236,1
4697,Tholen,2.4,1.49243991307244,0.91053564282856,0,0.260709914320685,19.3,583,1
4698,Tholen,2.4,1.3284968881595,0.93845856424797,0,0.290145985401459,19.5,345,0
4701,Roosendaal,1.6,0.759112000408245,0.478464009344429,0.747482453463533,0.257673090649536,10,3007,1
4702,Roosendaal,2.1,0.893955698487605,0.722780298120544,0.107767316745124,0.277220077220077,12.6,2169,1
4703,Roosendaal,1.9,0.842595866353359,0.80842692610344,0.0608781931356587,0.261237785016286,9.3,1989,1
4704,Roosendaal,2.1,0.963115398754191,0.670460972850678,0,0.2,22,398,1
4705,Roosendaal,2.3,1.29391058696336,0.794045025417574,0,0.34375,30.9,619,0
4706,Roosendaal,2.3,1.19719820446915,0.786240893425816,0,0.279153534443944,21.6,1333,1
4707,Roosendaal,2.2,1.0213088854892,0.747737498060712,0.00975171173663462,0.250855897914721,12.6,2037,1
4708,Roosendaal,2.4,1.20459068013602,0.732282289749838,0,0.330279050395668,29.2,1389,1
4709,Roosendaal,2,0.909871407847569,0.940941385435168,0,0.303867403314917,21.2,164,1
4711,Rucphen,2.3,1.25279046639657,0.737796275395033,0,0.311661506707946,16.2,1033,0
4714,Rucphen,2.3,1.33496536010264,0.879097320169252,0,0.309952606635071,21.6,659,0
4715,Rucphen,2.3,1.26616472846431,0.896649241580255,0,0.279340446168768,22.3,476,1
4721,Rucphen,2.3,1.39241838200275,0.955880685040263,0,0.332075471698113,25.6,121,0
4722,Rucphen,3.1,1.93084874022612,0.995928338762215,0,0.333333333333333,22,83,0
4724,Roosendaal,2.3,1.31720505676881,0.84896439376309,0,0.277319587628866,23.1,647,1
4725,Roosendaal,2.3,1.58086913791954,0.968832506922532,0,0.351239669421487,31.3,70,0
4726,Roosendaal,2.2,1.17053754026371,0.886489980607627,0,0.328840970350404,24.1,190,1
4727,Roosendaal,2.3,1.56063281160465,0.946249033255993,0,0.390243902439024,27.4,56,1
4731,Halderberge,2.2,1.12230013755508,0.826926955188964,0,0.264761904761904,15.4,1075,1
4735,Rucphen,2.2,1.41788201289545,0.88282504012841,0,0.319711538461538,20.2,273,1
4741,Halderberge,2.3,1.24360039536991,0.902477596204533,0,0.299339691856199,27.5,588,0
4744,Halderberge,2.3,1.40659790558359,0.850875118259224,0,0.303262955854126,27,319,1
4751,Halderberge,2.4,1.72449299682337,0.859761981344483,0,0.304640215198386,25.7,581,1
4754,Halderberge,2.2,1.68028836190382,0.869806904622586,0,0.316666666666666,17.8,162,1
4756,Steenbergen,2.3,1.41816788693234,0.920458015267175,0,0.331196581196581,23.5,209,1
4758,Moerdijk,2.3,1.74770881361889,0.914883499762244,0,0.325221238938053,24.1,272,1
4759,Moerdijk,2.5,1.72595341737436,0.86532186294868,0,0.317307692307692,31.8,141,1
4761,Moerdijk,2.1,0.901351038708065,0.837265663981752,0,0.274524431182394,19.3,1372,1
4762,Moerdijk,2.4,1.26615767399725,0.773323342075683,0,0.239130434782608,33.1,676,1
4765,Moerdijk,2.3,1.28790611525318,0.795616535994297,0,0.328173374613003,24.4,189,1
4766,Drimmelen,2.1,1.22378496758497,0.99854121079504,0,0.450707207018397,22,47,0
4771,Moerdijk,2.4,1.43265282286529,0.850332594235033,0,0.354330708661417,31.6,76,1
4772,Moerdijk,2.1,1.20019120651354,0.944112627986348,0,0.3,18.4,78,0
4781,Moerdijk,2.1,1.22378496758497,0.96423342396988,0,0.285714285714285,15.9,173,1
4782,Moerdijk,2.1,1.05224754533917,0.788327526132404,0,0.346153846153846,17.3,103,1
4791,Moerdijk,2.3,1.25297597436665,0.857890685142417,0,0.290863369656328,18.5,621,1
4793,Moerdijk,2.2,1.24640198719449,0.862939684639982,0,0.299555555555555,20.5,619,1
4794,Moerdijk,2.3,1.27729174901932,0.905615721150398,0,0.365979381443298,27,62,1
4796,Moerdijk,2.4,1.7717008145967,0.952704468251894,0,0.410714285714285,42.2,59,1
4797,Moerdijk,2.2,1.35326418555402,0.897411933860532,0,0.307073954983922,23.7,285,1
4811,Breda,1.5,0.552447784336645,0.601075268817204,0.915566423294011,0.191540948275862,12.4,4062,1
4812,Breda,1.8,0.745877441954336,0.807078839434908,0,0.223273415326395,12,2887,1
4813,Breda,2.2,1.02082113299703,0.792945863604405,0,0.241081703107019,22.3,1955,1
4814,Breda,1.9,0.8556149865992,0.726768781911013,0.0024086566733706,0.254910333048676,16.3,2919,1
4815,Breda,2,1.22378496758497,0.631093777698989,0.362710674157303,0.230414746543778,26.6,2206,1
4816,Breda,1.8,0.745215575107118,0.775240653682561,0.353739532197516,0.223589743589743,12.1,3051,1
4817,Breda,1.9,1.22378496758497,0.663158296152232,0.213657274295572,0.222604884157795,15.1,2165,1
4818,Breda,2,0.888881159437428,0.677289261426538,0.347710002359926,0.272573363431151,34.6,3141,1
4819,Breda,2,0.896350880717517,0.763627474945001,0.313185504209832,0.243537414965986,28.7,3016,1
4822,Breda,2.2,1.11041343373024,0.786820859698887,0,0.292525773195876,16.8,1377,1
4823,Breda,2.3,1.2202364490622,0.799591311587073,0,0.32636469221835,27.7,1226,1
4824,Breda,2.2,1.22378496758497,0.776992231823339,0,0.26798866855524,18.4,1269,1
4825,Breda,2.1,1.22378496758497,0.648937262552623,0.0237341772151898,0.263157894736842,22,1092,1
4826,Breda,2.1,0.807579933532868,0.76524204982783,0,0.240065323897659,7.6,2316,1
4827,Breda,2,0.842155787950068,0.827031486319263,0,0.239005736137667,10.7,2398,1
4834,Breda,2,0.944986839246593,0.715484683172471,0,0.246243739565943,20.5,2258,1
4835,Breda,2.2,1.04939807825394,0.671033119130005,0.0832256354441057,0.282783882783882,38,2577,1
4836,Breda,2.3,1.20406278690862,0.929574468085106,0,0.342245989304812,42.3,80,0
4837,Breda,2,1.12855281560846,0.778100916097135,0,0.266958424507658,34.5,1813,1
4838,Breda,2.5,1.58260610814661,0.946896035901271,0,0.318367346938775,47.2,138,0
4839,Breda,2.6,1.44632699108081,0.93447356730342,0,0.341463414634146,52.7,290,1
4841,Breda,2.4,1.25632632451966,0.796740664699088,0,0.289825699229833,32.6,1158,1
4844,Drimmelen,2.2,1.34233769711054,0.894318566114305,0,0.282232704402515,23.8,811,1
4845,Drimmelen,2.4,1.42239639196396,0.812959558823529,0,0.301339285714285,31.2,271,1
4847,Breda,2.5,1.11724490779739,0.832377860078129,0,0.265864332603938,36.1,971,1
4849,Oosterhout,2.5,1.23147241240828,0.880481055768412,0,0.27629513343799,34.9,323,0
4851,Breda,2.3,1.00141487183535,0.766578499905535,0,0.307769929364278,37.5,562,1
4854,Breda,2.5,1.56716459675743,0.843511269276393,0,0.318694362017804,38.2,890,1
4855,Alphen-Chaam,2.4,1.39332417902958,0.828417542959733,0,0.306976744186046,32.3,116,1
4856,Alphen-Chaam,2.4,1.57085612873941,0.90727862772369,0,0.373134328358208,45.4,31,0
4858,Alphen-Chaam,2.4,1.53087706372109,0.928684003152088,0,0.34375,44.8,85,1
4859,Alphen-Chaam,2.3,1.91431816709075,0.927505330490405,0,0.325410894905991,22,16,0
4861,Alphen-Chaam,2.3,1.39773992645464,0.897710694647065,0,0.290588235294117,27.7,343,1
4871,Etten-Leur,2.4,1.21191989801056,0.785701174743024,0,0.281231841952353,24.5,1732,1
4872,Etten-Leur,2.1,0.863180623102757,0.755904183535762,0.229569205076806,0.281531531531531,16.1,2179,1
4873,Etten-Leur,2.2,1.08681537145086,0.75673635746094,0.154544675285807,0.282626100880704,20.3,1682,0
4874,Etten-Leur,2.2,1.04786740722711,0.899962344671771,0,0.276629570747217,21.2,1363,0
4875,Etten-Leur,2.1,1.05071293879073,0.808510638297872,0.937569988801791,0.236914600550964,14.5,1981,1
4876,Etten-Leur,2.3,1.19812928697297,0.803789432561773,0.214817035554288,0.25177993527508,20.2,1694,0
4877,Etten-Leur,2.4,1.50755270655537,0.530864197530864,0,0.285714285714285,22,419,1
4878,Etten-Leur,2.3,1.22378496758497,0.603874283455228,0,0.290457561432885,22,240,1
4879,Etten-Leur,2.5,1.27257214767014,0.635714285714285,0,0.314285714285714,22,680,1
4881,Zundert,2.1,1.17534787485597,0.812113511224057,0,0.262726740784084,17,947,1
4882,Zundert,2.5,1.52430965445776,0.904333186941882,0,0.349473684210526,38.7,307,0
4884,Zundert,2.2,1.3241416025679,0.908939362367159,0,0.343853820598006,19.4,198,0
4885,Zundert,2.3,1.34676944616591,0.936614001124086,0,0.335195530726257,28.5,103,1
4891,Zundert,2.3,1.24430281791176,0.885301274833835,0,0.294505494505494,27.4,512,1
4901,Oosterhout,1.9,0.97592849739837,0.708138048572646,0.497442839951865,0.254928931682714,14,2437,1
4902,Oosterhout,2.1,0.920751747654265,0.722025277435265,0.0451488952929875,0.27282211789254,15.7,1834,1
4903,Oosterhout,1.8,1.14819056662772,0.768469313327081,0,0.34090909090909,11.1,353,0
4904,Oosterhout,2.2,1.02142938739642,0.775623990412172,0,0.276595744680851,19.1,1322,1
4905,Oosterhout,2.4,1.27890347808031,0.696178168820456,0.178317535545023,0.26950354609929,27,1702,1
4906,Oosterhout,2.5,1.26115436075184,0.723094782846216,0,0.281779661016949,32.2,881,1
4907,Oosterhout,2.3,1.1788045617159,0.722086695440045,0,0.27029702970297,18.4,1658,1
4908,Oosterhout,2.2,1.20994920765593,0.828080903104421,0,0.304918032786885,20.1,1201,1
4909,Oosterhout,2.4,1.49254863021502,0.9351403678606,0,0.344,33.7,119,1
4911,Oosterhout,2.6,1.52202576580232,0.927402862985685,0,0.369230769230769,42.9,181,1
4921,Drimmelen,2.2,1.13347042300178,0.778498229923607,0,0.278441959120709,21.6,1184,1
4924,Drimmelen,2.3,1.22378496758497,0.951204510507432,0,0.363636363636363,35.6,66,0
4926,Drimmelen,2.2,1.268009606352,0.916666666666666,0,0.314553990610328,25.5,392,1
4927,Drimmelen,2.2,1.06470974002776,0.911281149829386,0,0.3268156424581,29.3,179,1
4931,Geertruidenberg,2.1,1.44860328695127,0.878997667243585,0,0.278699861687413,16.6,1167,1
4941,Geertruidenberg,2.1,1.26868172738202,0.768218166905884,0,0.266852367688022,18.2,1275,1
4942,Geertruidenberg,2.5,1.30627476499213,0.767637407711238,0,0.311724137931034,24.9,1309,1
4944,Geertruidenberg,2.4,1.47445170166441,0.923057368019659,0,0.303571428571428,25.9,258,1
5011,Tilburg,2.1,0.827650048831249,0.722769896609762,0,0.232046492320464,7.6,2690,1
5012,Tilburg,2.2,1.01128452174944,0.783475371948577,0,0.24390243902439,15,1745,1
5013,Tilburg,1.7,1.02642224380228,0.574610244988864,0.000387302596340049,0.263513513513513,9.9,2604,1
5014,Tilburg,1.7,0.671228564361791,0.907517577068685,0.999702304962364,0.204714640198511,9.6,3816,1
5015,Tilburg,2.4,1.39829747283341,0.724086926840368,0,0.32,26.6,932,1
5017,Tilburg,1.8,0.770556675752472,0.759388646288209,0.874640598044853,0.248120300751879,20.3,4125,1
5018,Tilburg,2.1,1.13023282443819,0.904129093497864,0,0.288029925187032,26.6,1841,1
5021,Tilburg,1.7,0.665086530424904,0.77532425769107,0.867586063873911,0.2270206022187,7.8,4204,1
5022,Tilburg,2,0.819153323130662,0.57809842219485,0.000152164002483122,0.247507331378299,9.1,2036,1
5025,Tilburg,1.6,0.685057534819823,0.897674418604651,0.574117131725038,0.213603362628964,5.8,3986,1
5026,Tilburg,2.9,1.27589260022955,0.762535356132682,0,0.167647058823529,47.6,1369,1
5032,Tilburg,2.4,1.18778195981675,0.739956172388604,0,0.259016393442622,38.6,1014,0
5035,Tilburg,2.6,1.37029421244771,0.801859799713877,0,0.297314178638351,26.9,1483,1
5036,Tilburg,2.6,1.1240570986018,0.771644220808051,0,0.279605263157894,36.3,1003,1
5037,Tilburg,1.7,0.698580850273946,0.62926915590161,0.111150168728908,0.204238052299368,18,2969,1
5038,Tilburg,1.4,0.488761802096402,0.635345997286295,0.988213186463221,0.171056615198304,9.2,5430,1
5041,Tilburg,1.7,0.604826224615334,0.704316645979864,0.862738438716567,0.212335692618806,11.1,5036,1
5042,Tilburg,1.7,0.63125632643311,0.714592451895284,0.000115566855425863,0.21996879875195,6.2,3181,1
5043,Tilburg,2.2,1.10644475561341,0.797310924369747,0,0.299342105263157,15.8,1634,1
5044,Tilburg,2.1,0.893493888574536,0.891167589330649,0,0.244151169766046,8.9,2021,1
5045,Tilburg,2.5,1.31161973471801,0.733984073978936,0,0.344008834897846,27.8,1603,1
5046,Tilburg,1.8,0.79728358673316,0.840399610136452,0.361843798463815,0.24582144313086,8.2,3916,1
5047,Tilburg,2.3,1.30840458374259,0.541619937694704,0,0.357142857142857,22,676,1
5048,Tilburg,1.4,1.22378496758497,0.706153100775193,0,0.264544187684721,22,759,0
5049,Tilburg,2.3,0.874674670247643,0.819473264166001,0,0.255438596491228,8.2,2008,1
5051,Goirle,2.2,1.16179607738556,0.774619113573407,0,0.270023656640757,21.8,1418,1
5052,Goirle,2.5,1.22375140919724,0.809398420093174,0,0.27103825136612,24.6,1059,1
5053,Goirle,2.5,1.27149317557291,0.872114137483787,0,0.302798982188295,30.6,948,1
5056,Tilburg,2.5,1.19898846467612,0.806492426707153,0,0.279838709677419,34.3,1021,1
5057,Tilburg,2.3,1.19440454346949,0.875753920386007,0,0.150627615062761,28.9,1272,1
5059,Oisterwijk,2.7,1.3252713111437,0.991539413949649,0,0.305555555555555,36.5,445,0
5061,Oisterwijk,2.1,1.01462118529528,0.76436577572653,0.0207679771203316,0.273159144893111,17.9,1372,1
5062,Oisterwijk,2.4,1.2115589332381,0.845515536723163,0,0.285714285714285,43.2,790,0
5063,Oisterwijk,2.4,1.20187184999669,0.82973944294699,0,0.337579617834394,29.5,1047,1
5066,Oisterwijk,2.3,1.297906211789,0.898739437595234,0,0.290849673202614,30.3,574,1
5071,Tilburg,2.4,1.35248619744344,0.800713657248997,0,0.283254156769596,26.5,742,1
5074,Tilburg,2.5,1.74975225640305,0.906376811594202,0,0.329966329966329,32.8,104,1
5076,Oisterwijk,2.2,1.26127405507055,0.87032134143176,0,0.310058187863674,26.5,469,1
5081,Hilvarenbeek,2.2,1.27023588642758,0.884017667266481,0,0.290267501422879,26.6,848,0
5084,Hilvarenbeek,2.5,1.5100073304869,0.915514592933947,0,0.325242718446601,36.2,107,1
5085,Hilvarenbeek,2.5,1.42046254390038,0.898920510304219,0,0.325581395348837,33.4,127,1
5087,Hilvarenbeek,2.3,1.39195257722355,0.894297538051483,0,0.295685279187817,26.3,336,1
5089,Hilvarenbeek,2.4,1.35959160153506,0.949142062142525,0,0.295081967213114,35.2,85,0
5091,Oirschot,2.3,1.2988768282131,0.895201648513394,0,0.30179445350734,28.9,268,1
5094,Reusel-De Mierden,2.3,1.13944715112411,0.922426548298456,0,0.292105263157894,29.9,182,1
5095,Reusel-De Mierden,2.4,1.29715955915646,0.926882902693787,0,0.265306122448979,28.9,172,0
5096,Reusel-De Mierden,2.5,1.411724732675,0.928974305410486,0,0.271676300578034,27.5,98,1
5101,Dongen,2,1.11785994327137,0.77237851662404,0,0.272363150867823,14.7,1467,1
5102,Dongen,2.4,1.31939041092567,0.753671706263498,0,0.23172514619883,19.9,1362,0
5103,Dongen,2.4,1.22691866112887,0.761142310909308,0,0.31619937694704,26.2,1321,1
5104,Dongen,2.1,1.13386982080502,0.759877300613496,0,0.269918699186991,18.6,1587,1
5105,Dongen,2.3,1.22378496758497,0.794332331472735,0,0.317073170731707,37,163,1
5106,Dongen,2.1,1.14305316741445,0.921790457452041,0,0.337349397590361,39.2,132,1
5107,Dongen,2.3,0.746708842883099,0.729724837074583,0,0.222222222222222,22,420,0
5109,Dongen,2.2,1.36714508816262,0.829268292682926,0,0.336322869955157,25.6,269,1
5111,Baarle-Nassau,2.2,1.2727780943601,0.894819006732364,0,0.278929188255613,20,407,1
5113,Baarle-Nassau,2.4,1.47821898905355,0.943697956093868,0,0.331896551724137,30,79,1
5114,Baarle-Nassau,2.2,1.23440230954042,0.995571021828535,0,0.36,22,22,0
5121,Gilze en Rijen,2.2,1.22378496758497,0.797316835345146,0,0.266558309630231,16.7,1396,1
5122,Gilze en Rijen,2.4,1.28651201000814,0.761235398930904,0,0.304347826086956,26.7,1293,1
5124,Gilze en Rijen,2.4,1.49392605882988,0.931970349115255,0,0.323770491803278,29.1,116,0
5125,Gilze en Rijen,2.8,1.22378496758497,0.950126085738302,0,0.344444444444444,48.8,198,0
5126,Gilze en Rijen,2.2,1.19630351326007,0.871903520208605,0,0.262387387387387,22.1,770,0
5131,Alphen-Chaam,2.4,1.3597628868901,0.897720491705454,0,0.292185730464326,27.4,412,1
5133,Goirle,2.4,1.21331734242313,0.866888384166125,0,0.286666666666666,32,303,1
5141,Waalwijk,1.9,0.974730832059792,0.723624660565221,0.144266851980542,0.252463987869598,15.9,1706,1
5142,Waalwijk,2,1.02715927139077,0.822294725394236,0.0201692897764845,0.266834170854271,11.4,1854,1
5143,Waalwijk,2.2,1.18087038329503,0.751756998213222,0,0.272316384180791,20.2,1544,1
5144,Waalwijk,2.2,0.95048740280738,0.728678609707548,0,0.262903225806451,17.7,1736,1
5145,Waalwijk,1.2,1.22378496758497,0.769420585583448,0,0.236111111111111,4.6,368,0
5146,Waalwijk,2.4,1.19825633834324,0.888984955905239,0,0.211345939933259,25.1,1101,1
5151,Heusden,2.3,1.21094049826822,0.742131934566145,0,0.273078408651989,20.2,1505,0
5152,Heusden,2.2,1.20074169758297,0.782232426704344,0,0.306466729147141,23.3,1578,1
5154,Heusden,2.5,1.42789425748407,0.791348253275109,0,0.294594594594594,31.9,398,1
5156,Heusden,2.3,1.1972062562531,0.865768765133171,0,0.283088235294117,13.4,483,1
5157,Heusden,2.5,1.39417286301044,0.990932642487046,0,0.388888888888888,22,15,1
5158,Heusden,2.4,1.52362106072593,0.843830005120327,0,0.368421052631579,22,186,1
5161,Waalwijk,2.3,1.74831220287211,0.877431906614786,0,0.303196803196803,21.2,742,0
5165,Waalwijk,2.3,0.949020977186296,0.881505533705295,0,0.299806576402321,23.6,432,1
5171,Loon op Zand,2.3,1.20358071388427,0.875589319169085,0,0.277070063694267,18.8,1253,1
5172,Loon op Zand,2.4,1.25669494023355,0.712657468506298,0,0.327464788732394,24.2,1157,1
5175,Loon op Zand,2.2,0.958506944502127,0.884974322160251,0,0.281098546042003,23.3,674,1
5176,Loon op Zand,2.2,1.22378496758497,0.912136752136752,0,0.279411764705882,37.4,50,0
5211,'s-Hertogenbosch,1.5,0.567243344331655,0.552801152300811,0.636484431174857,0.237446197991391,15.7,4105,1
5212,'s-Hertogenbosch,1.8,0.712005361942649,0.778979436405179,0.514983546978321,0.250700280112044,20.8,3537,1
5213,'s-Hertogenbosch,1.9,0.76226576731505,0.77838605028386,0.0707504884917148,0.263256394260761,12.5,3154,1
5215,'s-Hertogenbosch,1.8,0.813549536333114,0.685311284046692,0.0820596748163483,0.237788018433179,12.1,2931,1
5216,'s-Hertogenbosch,1.8,0.690313757506107,0.700152610974719,0.437669672206712,0.251040221914008,17.8,2171,1
5221,'s-Hertogenbosch,2.4,1.02723597484381,0.900708187815289,0,0.346320346320346,43.3,398,1
5222,'s-Hertogenbosch,1.5,0.861510523937431,0.637931034482758,0.00351853016363019,0.458333333333333,22,1047,1
5223,'s-Hertogenbosch,1.8,0.746045441675397,0.699745934959349,0.343257570256335,0.221213221939702,15.1,2497,1
5224,'s-Hertogenbosch,2.1,0.913396952563,0.862219850586979,0,0.242239467849223,10,1670,1
5231,'s-Hertogenbosch,2,0.893582312359202,0.828235686307192,0,0.242796410014171,13,1930,1
5232,'s-Hertogenbosch,2.2,1.22378496758497,0.712776347331971,0,0.223529411764705,55.5,1346,1
5233,'s-Hertogenbosch,2.1,0.949834089156682,0.854445797807551,0,0.252930289944478,12.3,1762,1
5234,'s-Hertogenbosch,2.8,1.49826497109458,0.558544303797468,0,0.235294117647058,22,1067,1
5235,'s-Hertogenbosch,2,0.980700919890514,0.770686337395766,0,0.266521423384168,13.8,1803,1
5236,'s-Hertogenbosch,2.6,1.25925630038947,0.835635465699513,0,0.334592145015105,40.7,917,1
5237,'s-Hertogenbosch,2.3,1.19194820667563,0.742722834930392,0,0.316365626710454,31.1,1234,1
5241,'s-Hertogenbosch,2.2,1.0636506121176,0.753069577080491,0,0.27360594795539,25.3,1630,1
5242,'s-Hertogenbosch,2.4,1.27123085908907,0.784106121455519,0,0.257742257742257,38.7,1222,1
5243,'s-Hertogenbosch,2.3,1.10206362287768,0.728908031416265,0,0.262206148282097,26.3,1597,1
5244,'s-Hertogenbosch,2.2,1.27667483520263,0.852334037063101,0,0.282131661442006,22.9,802,1
5245,'s-Hertogenbosch,2.8,0.850887255236152,0.755477386934673,0,0.205105633802816,44.9,925,1
5246,'s-Hertogenbosch,2.1,1.30738403761443,0.765610104861773,0,0.26694214876033,21.8,1408,1
5247,'s-Hertogenbosch,2.6,1.22390458138579,0.810105263157894,0,0.319496855345911,37.6,1109,1
5248,'s-Hertogenbosch,2.5,1.09335780757095,0.888831014212367,0,0.281045751633986,41.9,497,1
5249,'s-Hertogenbosch,2.5,1.37215707075868,0.902994791666666,0,0.397058823529411,39.1,156,0
5251,Heusden,2.3,1.22744955020922,0.789006540018685,0,0.271334792122538,23.8,1151,1
5252,Heusden,2.3,1.2233896394021,0.840297121634169,0,0.272946859903381,20.7,1368,1
5253,Heusden,2.3,1.30246647650653,0.739817123857024,0,0.33487297921478,31.3,504,1
5254,Heusden,2.5,1.33131900791634,0.883601054902901,0,0.32495164410058,36.2,323,1
5255,Heusden,2.4,1.42974037191976,0.931001206272617,0,0.339743589743589,36.6,153,1
5256,Heusden,1.8,1.07314785486179,0.956726246472248,0.0373647984267453,0.346007604562737,17.9,450,1
5257,Heusden,2.6,1.68116964025422,0.963188626554963,0,0.396226415094339,44.3,34,0
5258,Sint-Michielsgestel,2.4,1.27342610185432,0.880871785735495,0,0.282639885222381,29,669,1
5261,Vught,2,0.956833616566951,0.826180257510729,0,0.271536871123363,25.4,1322,1
5262,Vught,2.2,1.08118803767509,0.775083035658331,0,0.278273809523809,23.6,1548,1
5263,Vught,2.7,1.32074682648025,0.822787908456737,0,0.30236634531113,55.7,847,1
5264,Vught,1.8,1.22378496758497,0.942283563362609,0,0.269230769230769,22,633,0
5266,Vught,2.4,1.22378496758497,0.948126190980309,0,0.327777777777777,41.5,189,0
5268,Vught,2.3,0.999209464473871,0.851577717179587,0,0.295015259409969,29.9,438,0
5271,Sint-Michielsgestel,2.3,1.26798632235362,0.851147763985716,0,0.295298950251026,29.6,748,1
5272,Sint-Michielsgestel,2.2,1.15862723576193,0.729880136986301,0,0.291021671826625,18.9,810,1
5275,Sint-Michielsgestel,2.4,1.28145585732273,0.854155200880572,0,0.261491317671093,31.6,604,1
5281,Boxtel,1.9,0.981229290839366,0.810225062517365,0.0276055457361971,0.273662551440329,17.7,1453,0
5282,Boxtel,2.1,0.992899101787875,0.887427953890489,0,0.261087267525035,14.4,1242,1
5283,Boxtel,2.4,1.26702151326265,0.811227769445039,0,0.262992125984252,21,1366,1
5291,Sint-Michielsgestel,2.6,1.44203804206948,0.893427103056532,0,0.352,34.6,186,1
5292,Sint-Michielsgestel,2.5,1.56438091778601,0.99059829059829,0,0.375,22,68,1
5293,Sint-Michielsgestel,2.4,1.46717095463883,0.893416927899686,0,0.30392156862745,31.9,201,1
5294,Sint-Michielsgestel,2.4,1.36964344443988,0.984558369363804,0,0.342857142857142,22,158,0
5296,Boxtel,2.3,1.44898519102009,0.881231442412877,0,0.336343115124153,31.2,264,1
5298,Boxtel,2.4,1.41778309276643,0.870539647577092,0,0.318039624608967,31.6,405,1
5301,Zaltbommel,2.1,0.922426809004259,0.763165572574762,0,0.28065268065268,19.9,1187,1
5302,Zaltbommel,2.4,1.23991258273063,0.833594976452119,0,0.246913580246913,26.4,1097,1
5305,Zaltbommel,2.4,1.28478049101713,0.880703959773727,0,0.283163265306122,24.6,177,1
5306,Zaltbommel,2.4,1.40684486096075,0.849015317286652,0,0.248049921996879,19.7,338,1
5307,Zaltbommel,2.8,1.22378496758497,0.892347015486393,0,0.25531914893617,24.3,147,0
5308,Zaltbommel,2.5,1.42682213170921,0.90170616113744,0,0.267573696145124,22.4,267,1
5311,Zaltbommel,2.6,1.20989538378881,0.812527864467231,0,0.24577861163227,26.5,285,1
5313,Zaltbommel,2.5,1.01807003870577,0.847920907240476,0,0.207650273224043,23.4,103,1
5314,Zaltbommel,2.4,1.11307765459103,0.897904683648315,0,0.297994269340974,26.3,191,1
5315,Zaltbommel,2.5,1.30064531994062,0.945522717247463,0,0.313868613138686,31.5,95,1
5316,Zaltbommel,2.8,1.41044514329778,0.968357740585774,0,0.220930232558139,29.2,60,1
5317,Zaltbommel,3,1.41459302747983,0.886888641070575,0,0.213888888888888,29.8,178,1
5318,Zaltbommel,2.4,1.42022535734788,0.982832618025751,0,0.405636486316557,22,7,0
5321,Maasdriel,2.3,1.22378496758497,0.858457291826407,0,0.29952606635071,26.9,582,1
5324,Maasdriel,2.2,1.19675595621685,0.824057104273174,0,0.287671232876712,23.5,468,1
5325,Maasdriel,2.5,1.16552036719428,0.90748031496063,0,0.281512605042016,30.8,168,0
5327,Maasdriel,2.4,1.41980544338149,0.918926474699468,0,0.366863905325443,31.6,117,1
5328,Maasdriel,2.3,1.3280887354558,0.883973509933774,0,0.294117647058823,25,298,1
5331,Maasdriel,2.3,1.19690279176144,0.81043023320532,0,0.278081360048573,22.2,774,1
5333,Maasdriel,2.5,1.34692770896654,0.971184293856871,0,0.333333333333333,39,187,0
5334,Maasdriel,2.1,1.09651362287336,0.874481888628581,0,0.325459317585301,27.9,183,1
5335,Maasdriel,2.4,1.22378496758497,0.908523344191096,0,0.317460317460317,28.8,103,1
5341,Oss,1.7,0.784381807173885,0.745477707006369,0,0.252233676975945,7.7,2896,1
5342,Oss,2,0.961141787909993,0.746845222765902,0,0.272465851905104,17.1,1565,0
5343,Oss,2.2,1.16343980541311,0.811051693404634,0,0.26,15.6,1446,0
5344,Oss,2.1,0.939632989601527,0.822571588994946,0,0.25531914893617,10,1839,1
5345,Oss,2.2,1.25825410316249,0.771872146118721,0,0.303153988868274,20.1,1852,0
5346,Oss,2.4,0.897936144408987,0.671393086317532,0,0.301110385369039,24.1,1822,0
5347,Oss,2.7,1.22378496758497,0.630622339813643,0,0.22568093385214,37.6,1026,1
5348,Oss,2,0.859347045459513,0.784947464595705,0,0.268305718866916,9.4,2001,1
5349,Oss,2.6,1.57625629413476,0.594942793962119,0,0.345454545454545,34,812,1
5351,Oss,2.5,1.30679640464942,0.844638344914718,0,0.275440976933514,27.5,933,1
5352,Oss,2.6,1.39369967604994,0.954314720812182,0,0.29054054054054,36.9,114,0
5353,Oss,2.2,1.58433703078499,0.986427421210029,0,0.348837209302325,22,36,0
5354,Oss,2.4,1.31645256579141,0.96938775510204,0,0.285714285714285,22,84,0
5355,Oss,3,1.75129443781661,0.99195710455764,0,0.25,22,178,0
5356,Oss,2.4,1.42290774485658,0.992355189650102,0,0.432432432432432,22,67,1
5357,Oss,2.3,1.53692808810294,0.923670668953687,0,0.333333333333333,27.7,69,1
5358,Oss,2.5,1.3108925013549,0.965065502183406,0,0.294117647058823,42.9,289,1
5359,Oss,2.8,1.80905760155487,0.997762029093621,0,0.364381481332847,22,22,0
5361,Land van Cuijk,2.1,1.25250744875711,0.872435859099336,0,0.284382284382284,15.6,796,1
5363,Land van Cuijk,2.5,1.49715793201263,0.922686945500633,0,0.286231884057971,34.2,270,1
5364,Land van Cuijk,2.4,1.42602185698167,0.962924007362608,0,0.318367346938775,29.9,347,1
5366,Oss,2.3,1.54796274607743,0.914800471459841,0,0.27065527065527,23.8,243,1
5367,Oss,2.4,1.62806625699704,0.944083481000196,0,0.273333333333333,25.4,91,1
5368,Oss,2.5,1.35809431335149,0.942477876106194,0,0.317567567567567,28.1,88,1
5371,Oss,2.1,0.905450529732967,0.824980378966251,0,0.283676703645007,19,450,1
5373,Oss,2.3,1.29229184771967,0.934923125196109,0,0.298126064735945,23.9,303,1
5374,Maashorst,2.4,1.33822671451386,0.875654793085385,0,0.27789046653144,27,567,1
5375,Maashorst,2.4,1.40431871835526,0.929764406592191,0,0.294117647058823,26,193,1
5381,'s-Hertogenbosch,2.5,1.63868383748701,0.878301213418986,0,0.281879194630872,30.3,183,0
5382,'s-Hertogenbosch,2.2,1.50819350873395,0.824683820322721,0,0.368253968253968,25.3,194,0
5383,'s-Hertogenbosch,2.9,1.78923634657508,0.988675958188153,0,0.316831683168316,46.4,60,1
5384,Bernheze,2.4,1.27276684834387,0.835905410163126,0,0.263854129424383,24.6,957,0
5386,Oss,2.5,1.41228447045466,0.865026149926243,0,0.276741903827281,27,520,0
5388,Bernheze,2.3,1.25130265528651,0.890321740263123,0,0.285930408472012,26.4,561,1
5391,'s-Hertogenbosch,2.4,1.1004263150843,0.871714456391875,0,0.267441860465116,27.7,449,0
5392,'s-Hertogenbosch,2.5,1.36436457179111,0.861716937354988,0,0.298342541436464,34,323,0
5394,Oss,2.5,1.4077431920936,0.951432680606261,0,0.311023622047244,29.6,115,0
5395,Oss,2.9,1.55034632108181,0.951040391676866,0,0.394736842105263,22,30,1
5396,Oss,2.6,1.35037974050522,0.962322982980382,0,0.304093567251461,39.1,122,0
5397,Oss,2.4,1.22378496758497,0.861356359755506,0,0.299531981279251,26,330,1
5398,Oss,2.4,1.21751841780396,0.966568338249754,0,0.340501792114695,29.9,97,0
5401,Maashorst,1.8,0.931585341533678,0.753994225216554,0.240162126520795,0.249408983451536,9.7,2106,1
5402,Maashorst,2.2,1.08223262332548,0.725283549131787,0,0.270859277708592,14.5,1918,1
5403,Maashorst,2.3,1.22164921757668,0.811957894736842,0,0.274139844617092,19.4,1346,1
5404,Maashorst,2.2,1.16841164183475,0.798251093066833,0,0.290364583333333,24.2,1870,1
5405,Maashorst,1.8,1.22378496758497,0.666552315608919,0,0.184210526315789,14.8,838,1
5406,Maashorst,2.6,1.32493791906428,0.890041367562963,0,0.288215488215488,37.8,718,1
5408,Maashorst,2.4,1.23110745547556,0.876635317606262,0,0.278940027894002,24.2,368,1
5409,Maashorst,2.4,1.4156071565878,0.911784214017245,0,0.297820823244552,25,193,1
5411,Maashorst,2.4,1.3253764942252,0.907510247256379,0,0.282703488372093,26.5,485,1
5421,Gemert-Bakel,2.2,1.11859103883378,0.83371757925072,0,0.261948869951834,16.7,1246,1
5422,Gemert-Bakel,2.6,1.37163676024258,0.780547792062604,0,0.291891891891891,26.6,994,1
5423,Gemert-Bakel,2.4,1.37090074041431,0.917246342048452,0,0.294117647058823,22.6,216,1
5424,Gemert-Bakel,2.4,1.80655736764456,0.943715790560776,0,0.301801801801801,26.6,104,1
5425,Gemert-Bakel,2.6,1.71165554127041,0.943018425817446,0,0.301169590643274,33.2,162,0
5427,Boekel,2.4,1.28517933486026,0.856015037593985,0,0.269857969489742,23.4,649,1
5428,Boekel,2.6,1.4634952996848,0.935344469375883,0,0.310924369747899,28.3,142,1
5431,Land van Cuijk,2,1.05605087181133,0.834057751271943,0.0124020360345802,0.263498920086393,11.6,1097,1
5432,Land van Cuijk,2.3,1.24689093302467,0.787569573283859,0,0.300767620376831,22.8,1201,1
5433,Land van Cuijk,2.5,1.08146714449063,0.844184445973847,0,0.267326732673267,26.4,531,1
5434,Land van Cuijk,2.5,1.44368666417083,0.875190922976216,0,0.343873517786561,30,178,1
5435,Land van Cuijk,2.3,1.45112328455236,0.95585083583369,0,0.346938775510204,28.4,110,1
5437,Land van Cuijk,2.4,1.31813471034571,0.932794975325258,0,0.301136363636363,26.6,185,1
5438,Land van Cuijk,2.4,1.39376407214315,0.889937106918239,0,0.308641975308641,24.4,133,1
5439,Land van Cuijk,2.4,1.18177840325443,0.990323937736642,0,0.385964912280701,35.8,95,0
5441,Land van Cuijk,2.4,1.30026799360108,0.892079973489451,0,0.326315789473684,24.7,238,1
5443,Land van Cuijk,2.3,1.35729967725204,0.881902123730378,0,0.309153713298791,27,294,1
5445,Land van Cuijk,2.4,1.61318090105562,0.919174189234369,0,0.324137931034482,28.5,53,1
5446,Land van Cuijk,2.4,1.4416368419388,0.858415455709593,0,0.294520547945205,26.3,270,1
5447,Land van Cuijk,2.3,1.54604042705557,0.89079730652874,0,0.306547619047619,24.9,175,1
5449,Land van Cuijk,2.7,1.74562540468907,0.948402948402948,0,0.23951473136915,22,24,1
5451,Land van Cuijk,2.3,1.25696029943747,0.875607700784339,0,0.294901960784313,22.3,465,1
5453,Land van Cuijk,2.4,1.60129174044424,0.934998580755038,0,0.313978494623655,28,164,1
5454,Land van Cuijk,2.2,1.61948292856907,0.884410859221942,0,0.359430604982206,23.2,184,1
5455,Land van Cuijk,2.5,1.34244885780346,0.927162581008734,0,0.28125,26.8,105,1
5461,Meierijstad,1.8,0.967132444605475,0.809785093735711,0.0873800112930547,0.230223123732251,14.1,1834,1
5462,Meierijstad,2.2,1.00549883840171,0.758720696044469,0.00188466899785472,0.251396648044692,14.5,1211,0
5463,Meierijstad,2.3,1.40628662206602,0.828664199954693,0,0.257956448911222,19.2,1191,1
5464,Meierijstad,2.6,1.31405683350358,0.821115013169446,0,0.305220883534136,33.7,800,1
5465,Meierijstad,2.4,1.41349047224112,0.827833684374756,0,0.287262872628726,29.2,181,0
5466,Meierijstad,2.4,1.50664540912223,0.738760721679976,0,0.312292358803986,27.8,184,1
5467,Meierijstad,2.3,1.23889648752176,0.689594870300204,0,0.286099865047233,19.9,1514,1
5469,Meierijstad,2.5,1.34547047339261,0.902156856712101,0,0.27359781121751,26.7,361,1
5471,Bernheze,2.7,1.51624888263808,0.93362831858407,0,0.347826086956521,22,122,1
5472,Bernheze,2.7,1.41187855617224,0.94569700302447,0,0.278688524590163,29.5,128,1
5473,Bernheze,2.3,1.25968456796708,0.910723822909346,0,0.289337175792507,25.9,575,0
5476,Bernheze,2.5,1.29563218813743,0.907549891800913,0,0.264,30.3,187,1
5481,Meierijstad,2.2,1.14976771687416,0.814198897630376,0,0.291813159216474,20.9,1210,1
5482,Meierijstad,2.3,1.28584716181752,0.819826124404489,0,0.286728176011355,20.5,1100,1
5491,Meierijstad,2.4,1.32829983817199,0.902748516769584,0,0.283934134401424,27.6,743,1
5492,Meierijstad,2.1,1.2181329100355,0.888681121941515,0,0.260509993108201,21.1,630,0
5501,Veldhoven,1.8,0.895470869165676,0.774074831322837,0.499339672477548,0.260306242638398,13.2,2379,1
5502,Veldhoven,2.3,1.21247853771376,0.60438045642518,0.0845159655347187,0.287401574803149,28,1631,1
5503,Veldhoven,2.1,1.01414197518162,0.62284626368396,0.0195628916399205,0.255230125523012,15,1923,1
5504,Veldhoven,2.2,1.22472443345619,0.690494930320848,0,0.266209000762776,25.8,1296,1
5505,Veldhoven,2.2,1.05898816299335,0.736029156542867,0,0.259979529170931,17,1589,1
5506,Veldhoven,2.2,1.10681027453131,0.71438563767778,0,0.268336314847942,23.2,1742,1
5507,Veldhoven,2.5,1.20997778710523,0.871260728272643,0,0.275862068965517,40.6,565,1
5508,Veldhoven,2.4,1.18127871155705,0.731753476507858,0,0.285580084546735,28.4,1706,1
5509,Veldhoven,2.2,1.10386832510067,0.720422366210703,0,0.296686746987951,30.3,1812,1
5511,Eersel,2.4,1.45607928437657,0.661835391555128,0,0.329861111111111,34.9,130,1
5512,Eersel,2.3,1.43582817357735,0.943704517369216,0,0.284424379232505,31.5,224,1
5513,Eersel,2.5,1.29143462161133,0.93361844551878,0,0.27906976744186,30.3,169,1
5521,Eersel,2.2,1.3028179025876,0.841970318532818,0,0.266574585635359,24.8,897,1
5524,Eersel,2.4,1.36441831094526,0.876059113300492,0,0.287581699346405,30.2,193,1
5525,Eersel,2.4,1.48076122807006,0.863260706235912,0,0.319306930693069,31.2,258,1
5527,Bladel,2.3,1.24640676451955,0.850745575324011,0,0.284100781928757,22.6,554,1
5528,Bladel,2.4,1.210962030918,0.925245751733597,0,0.295258620689655,27.1,217,1
5529,Bladel,2.5,1.22378496758497,0.92461813132315,0,0.270742358078602,33.3,132,1
5531,Bladel,2.2,1.25129745733697,0.83241674304919,0,0.273152478952291,20,996,1
5534,Bladel,2.5,1.13684111590005,0.940324915554125,0,0.306976744186046,27.4,123,0
5541,Reusel-De Mierden,2.3,1.09181616905204,0.847384868985885,0,0.248162803843979,20.2,823,0
5551,Valkenswaard,2.3,1.09992610455875,0.795457822638788,0,0.280354351224596,20.9,1067,1
5552,Valkenswaard,2,0.96675667200558,0.711529574861367,0,0.248772504091653,14.4,1686,1
5553,Valkenswaard,2.3,1.22378496758497,0.721486905097155,0,0.282321899736147,20.9,1203,0
5554,Valkenswaard,1.9,1.03867579672324,0.752108194112967,0.105669557859107,0.264921465968586,16.4,1964,1
5555,Valkenswaard,2.1,1.580241582513,0.690725413826679,0,0.267692307692307,19.8,1444,1
5556,Valkenswaard,2.3,1.00231773389841,0.953670177748518,0,0.314176245210727,28.3,68,1
5561,Bergeijk,2.3,1.40483336178095,0.944694319506913,0,0.343035343035343,34.9,177,1
5563,Bergeijk,2.4,1.24097618447251,0.75605815831987,0,0.276995305164319,26.6,231,1
5571,Bergeijk,2.3,1.21179385454499,0.867367225220107,0,0.279824561403508,23.6,716,1
5575,Bergeijk,2.3,1.05558233800475,0.844591561938958,0,0.282208588957055,22.9,282,1
5581,Waalre,2.3,1.1494382172022,0.808428840853039,0,0.27619708535739,34.2,788,1
5582,Waalre,2.2,1.13397301179508,0.822176272938743,0,0.282982791586998,29.5,973,1
5583,Waalre,2.2,1.13552207911587,0.751768686557982,0,0.295761947700631,29.3,957,0
5591,Heeze-Leende,2.3,1.31358186155077,0.829042715484363,0,0.270863836017569,28.6,758,1
5595,Heeze-Leende,2.3,1.47172673029984,0.896739417639909,0,0.283695652173913,31.3,402,0
5611,Eindhoven,1.5,0.424089473389831,0.458884315614327,0.571374045801526,0.162068965517241,15.6,4278,1
5612,Eindhoven,1.5,0.553605220186041,0.640997306443815,0.308809604655975,0.156590311678558,7.7,4350,1
5613,Eindhoven,1.8,0.879078329323767,0.76838441675087,0.209407407454618,0.226827430293896,23.7,2823,1
5614,Eindhoven,1.7,0.594248047799293,0.858460119870908,0.0612244897959183,0.208387942332896,19.3,3740,1
5615,Eindhoven,1.7,0.604740478230911,0.77919879631371,0.519321218371379,0.223197492163009,20.3,3622,1
5616,Eindhoven,1.6,0.591725533370352,0.713271654171319,0.638851615788885,0.209844559585492,14.4,4108,1
5617,Eindhoven,1.4,0.423472960920814,0.288593678424186,0.990873015873015,0.0814696485623003,8.8,4688,1
5621,Eindhoven,1.7,0.5623667343673,0.906492912665752,0,0.177777777777777,10.2,3536,1
5622,Eindhoven,1.8,0.742882820524614,0.790894819466248,0.0151333400294309,0.213333333333333,11.1,3750,1
5623,Eindhoven,1.7,0.676388771528738,0.688528202115158,0,0.204545454545454,8.8,3503,1
5624,Eindhoven,1.9,0.890079438292033,0.800924559850496,0,0.25929203539823,15.6,2317,1
5625,Eindhoven,1.9,0.765792017906854,0.724282296650717,0.305357181691032,0.228838582677165,7.8,3353,1
5626,Eindhoven,2.2,1.05733439551078,0.707638072855464,0,0.3,36.1,858,1
5627,Eindhoven,2.3,1.16400995717296,0.669065861775404,0,0.274485596707818,22.2,1575,1
5628,Eindhoven,2.2,1.00346795304919,0.798718580581567,0,0.254302103250478,13.3,2656,1
5629,Eindhoven,2.5,1.11619230207585,0.676681322260218,0,0.321713147410358,44.4,1517,1
5631,Eindhoven,1.9,0.935148237516387,0.687121629058888,0.0157522360165531,0.252107925801011,23.1,1969,1
5632,Eindhoven,2.1,0.950159684413877,0.809534992954438,0,0.254593175853018,14.7,2314,1
5633,Eindhoven,2.5,1.22378496758497,0.936410952704231,0,0.344827586206896,22,963,1
5641,Eindhoven,1.9,0.761051495107113,0.840322969390214,0,0.244808055380742,12.1,1687,1
5642,Eindhoven,2,0.775173022629539,0.849543194171388,0,0.224037339556592,14.8,2129,1
5643,Eindhoven,1.9,0.765444914176769,0.925226288862652,0,0.235642391947898,14.6,2885,1
5644,Eindhoven,2,0.782162024565319,0.743558365626487,0,0.261598658468418,28,2391,1
5645,Eindhoven,2,0.927431909328277,0.917858561779896,0,0.29156010230179,19.8,1899,1
5646,Eindhoven,2.3,1.12686817168969,0.700187382885696,0,0.321138211382113,34.9,1558,1
5647,Eindhoven,2.1,1.67620304927144,0.969529085872576,0,0.274445885441268,22,720,1
5651,Eindhoven,2.1,0.871545839403768,0.607989133168989,0.0161352282669431,0.235928143712574,24.2,2383,1
5652,Eindhoven,1.9,0.852421910430497,0.634360723992366,0,0.23898916967509,12.9,1764,1
5653,Eindhoven,1.9,0.817762279787995,0.761829652996845,0,0.235507246376811,13.5,2207,1
5654,Eindhoven,1.8,0.684660938396597,0.827652924542342,0,0.225667938931297,9.7,2522,1
5655,Eindhoven,2.3,1.06844596234275,0.781855482106222,0,0.276470588235294,22.1,1473,1
5657,Eindhoven,2.2,0.842168924581782,0.729650059831304,0.05732,0.375,24,489,1
5658,Eindhoven,2.5,1.02707513351484,0.752380254870367,0.0125571887472014,0.250192752505782,38.7,1342,1
5661,Geldrop-Mierlo,2.6,1.06070098185946,0.83487422059772,0,0.393305439330543,48.9,713,0
5662,Geldrop-Mierlo,2.4,1.19634051136774,0.622787334829219,0.0385298787233946,0.291338582677165,26,1188,1
5663,Geldrop-Mierlo,2.3,0.875449337222388,0.784075288146346,0,0.298804780876494,31.6,1288,1
5664,Geldrop-Mierlo,1.8,0.859633365302373,0.743945789824483,0.0724204867851276,0.231683168316831,13.4,1914,1
5665,Geldrop-Mierlo,2,0.905739800509038,0.916846652267818,0,0.236842105263157,8,1662,1
5666,Geldrop-Mierlo,2.2,1.06642909706046,0.782336578581363,0,0.26556543837357,16.2,1906,1
5667,Geldrop-Mierlo,2.3,1.25447496020958,0.69710499783955,0,0.267916207276736,18.4,1307,1
5671,"Nuenen, Gerwen en Nederwetten",2,1.04729518967963,0.713143618540021,0,0.241228070175438,25,1480,1
5672,"Nuenen, Gerwen en Nederwetten",2.3,1.18143274861835,0.743328171964659,0,0.243010752688172,23.9,1401,1
5673,"Nuenen, Gerwen en Nederwetten",2.3,1.32926794466531,0.764547595021863,0,0.319512195121951,33.9,1234,1
5674,"Nuenen, Gerwen en Nederwetten",2.4,1.26644335052576,0.876360076804337,0,0.287037037037037,34.4,318,1
5681,Best,2.5,1.27466066576509,0.910148232611174,0,0.31578947368421,31.5,367,1
5682,Best,2.3,1.21221646912042,0.805099886308267,0,0.278362573099415,26.5,1375,0
5683,Best,2,1.02644315430979,0.76288832913518,0,0.246554364471669,17.8,1725,1
5684,Best,2.2,1.12252924318169,0.698994787788533,0,0.258586656138965,19.5,1572,1
5685,Best,2.6,1.36254646840148,0.779351792230092,0,0.369108049311095,45.6,1106,1
5688,Oirschot,2.3,1.30901618168635,0.914371491972327,0,0.295499800876144,27.6,790,1
5689,Oirschot,2.6,1.26538023831838,0.816968541468064,0,0.245762711864406,38.6,807,1
5691,Son en Breugel,2.2,1.27666513436322,0.841190237378803,0,0.300456621004566,31.5,781,0
5692,Son en Breugel,2.7,1.43088820540583,0.662200684150513,0,0.197247706422018,37.7,534,1
5694,Son en Breugel,2.4,1.2779143847463,0.870838881491344,0,0.267357512953367,21.3,688,1
5701,Helmond,1.9,0.786511401233044,0.592776150784711,0,0.24022174314752,5.3,3166,1
5702,Helmond,2.2,1.00062447703777,0.809412578942815,0,0.262422997946611,8.2,2077,1
5703,Helmond,2.1,0.814907918853834,0.876736111111111,0,0.260017809439002,7.1,1887,1
5704,Helmond,2.3,1.18030646166764,0.681098069399012,0,0.313159355913381,16.8,1270,1
5705,Helmond,1.8,1.22378496758497,0.632288094071533,0,0.252118644067796,8.4,1628,1
5706,Helmond,2.5,1.15070331411372,0.744968789013732,0,0.300424975482183,26.7,1469,1
5707,Helmond,2.1,0.948122176053398,0.671576482189079,0,0.270419935394554,20.4,1840,1
5708,Helmond,2.4,1.2293888287645,0.749542217700915,0,0.294117647058823,33.3,870,1
5709,Helmond,2.3,1.16430649563676,0.671573245407442,0,0.314176245210727,22.6,1250,1
5711,Someren,2.3,1.21589206125769,0.782771713336497,0,0.251299826689774,20.4,1077,1
5712,Someren,2.4,1.28290365384315,0.90333139039591,0,0.297722342733188,22.9,538,1
5715,Someren,2.4,1.36564680365749,0.934058291711449,0,0.313174946004319,30.7,189,0
5721,Asten,2.3,1.22378496758497,0.809643270662182,0,0.274356103023516,20.4,1187,0
5722,Asten,1.9,1.11726928941529,0.878787878787878,0,0.166666666666666,22,775,1
5724,Asten,2.4,1.4200101998289,0.93063825342108,0,0.294685990338164,26.3,129,0
5725,Asten,2.5,1.33626330968841,0.916914489637187,0,0.285436893203883,27.4,189,0
5731,Geldrop-Mierlo,2.3,1.20456786539906,0.837007240547063,0,0.272444444444444,25.1,959,1
5735,Laarbeek,2.3,0.997568132035967,0.865768965700047,0,0.287531806615776,23.5,613,1
5737,Laarbeek,2.3,1.47985289551353,0.838754788107253,0,0.303695150115473,26.2,439,1
5738,Laarbeek,2.5,1.43663768791685,0.926959847036328,0,0.290556900726392,30.3,149,1
5741,Laarbeek,2.3,1.27093411264162,0.835252688683734,0,0.260531135531135,19,836,1
5751,Deurne,2.1,1.02958232103708,0.746905794245171,0.0351725302531575,0.247524752475247,14.6,1363,1
5752,Deurne,2.6,1.25119918943994,0.948830310793501,0,0.278514588859416,37.1,330,0
5753,Deurne,2.4,1.1398837971085,0.851026418743681,0,0.260465116279069,22.3,694,1
5754,Deurne,2.4,1.15440929236044,0.843648004017072,0,0.318108974358974,23.6,1072,0
5756,Deurne,2.6,1.31945255387582,0.925791515454886,0,0.301003344481605,34.6,145,1
5757,Deurne,2.3,1.24605985429967,0.914379947229551,0,0.296572280178837,20.9,289,1
5758,Deurne,2.4,1.3988442450107,0.899099099099099,0,0.286096256684491,22.1,187,1
5759,Deurne,2.2,1.30674659775883,0.944012441679626,0,0.311475409836065,23.6,86,0
5761,Gemert-Bakel,2.2,1.30667984872867,0.910231377526115,0,0.271324126726238,20.4,490,1
5763,Gemert-Bakel,2.4,1.40521791953101,0.937343358395989,0,0.274774774774774,27.8,197,1
5764,Gemert-Bakel,2.4,1.51998136894403,0.912164826498422,0,0.30901287553648,25,111,1
5766,Horst aan de Maas,2.4,1.9335223872337,0.953343053530514,0,0.295238095238095,20.2,69,0
5768,Peel en Maas,2.3,1.22743306720076,0.871333421551762,0,0.29059829059829,19.7,524,1
5801,Venray,1.8,0.987041307139482,0.753573573573573,0.169798754722026,0.249401627573001,13,1512,1
5802,Venray,2.2,1.01999565373158,0.691170073945193,0.0606513530522341,0.270620313565098,10.9,1566,1
5803,Venray,2.2,0.941054616885563,0.757809082159419,0,0.327306733167082,18.9,1412,1
5804,Venray,2.5,1.34565985996771,0.762223365928975,0,0.287729196050775,32.1,902,1
5807,Venray,2.2,1.14676119189846,0.720509155265128,0,0.264413518886679,22.5,407,1
5808,Venray,2.2,1.13968726381397,0.882130330441203,0,0.321138211382113,24.4,115,1
5809,Venray,2.4,1.3359560721278,0.887313834559483,0,0.308558558558558,28.5,369,0
5811,Venray,2.3,1.39343486648228,0.933246383685084,0,0.30635838150289,23.3,75,1
5812,Venray,2.2,1.40241377698082,0.873364730507587,0,0.333333333333333,26.3,116,1
5813,Venray,2.3,1.27437804207927,0.836831881696848,0,0.26890756302521,26.9,170,0
5814,Venray,2.5,1.49414520096622,0.971212768989596,0,0.333333333333333,30.2,37,1
5815,Venray,2.4,1.47560279573869,0.962203913491246,0,0.324200913242009,27.7,95,1
5816,Venray,2.7,1.49714191420733,0.78145285935085,0,0.32,22,14,0
5817,Venray,2.4,1.57455936752994,0.950653120464441,0,0.309523809523809,22,54,1
5821,Land van Cuijk,2.4,1.40123946081107,0.837978142076502,0,0.296724470134874,23.7,319,1
5823,Land van Cuijk,2.3,1.42435098045181,0.86861137897782,0,0.310160427807486,20.4,110,1
5824,Land van Cuijk,2.6,1.57659542563826,0.950312109862671,0,0.348214285714285,29.7,91,1
5825,Land van Cuijk,2.2,1.22378496758497,0.896734372264051,0,0.291521486643437,24.6,353,1
5826,Land van Cuijk,2.7,1.57740809799669,0.949334319526627,0,0.29126213592233,31,73,1
5827,Land van Cuijk,2.8,1.70874460581798,0.926607490798874,0,0.30817610062893,36.7,68,1
5831,Land van Cuijk,2.1,1.15516332706046,0.729212804509764,0,0.268,16.3,1195,1
5835,Land van Cuijk,2.5,1.36535701339694,0.875030254134731,0,0.294871794871794,31.3,204,1
5836,Land van Cuijk,2.4,1.11200957405945,0.91009030231645,0,0.309782608695652,28.2,328,1
5841,Land van Cuijk,2.5,1.32562494592633,0.893752410335518,0,0.322751322751322,30.3,130,1
5843,Land van Cuijk,2.7,1.50296327128164,0.938240694374895,0,0.274647887323943,27.9,56,1
5844,Land van Cuijk,2.3,1.62654828206304,0.923898726767159,0,0.337579617834394,28.5,81,1
5845,Land van Cuijk,2.2,1.15272043623645,0.883258499037844,0,0.28099173553719,22.1,472,1
5846,Land van Cuijk,2.5,1.51086980633674,0.919584954604409,0,0.297297297297297,39.5,211,1
5851,Bergen (L.),2.2,1.35889817290205,0.922296958136733,0,0.31042654028436,21.2,218,1
5853,Bergen (L.),2.3,1.33655175690348,0.886422443143129,0,0.328605200945626,17.1,177,0
5854,Bergen (L.),2.2,1.19546747563055,0.864988340551087,0,0.289622641509434,15.4,515,0
5855,Bergen (L.),2.3,1.46064748783754,0.892739850464677,0,0.312629399585921,19.3,171,1
5856,Bergen (L.),2.3,1.82542044644864,0.945268167673439,0,0.326446280991735,22.8,87,0
5861,Venray,2.3,1.39728509832209,0.828343984751653,0,0.282666666666666,19.8,238,1
5862,Venray,2.1,1.25059606374307,0.943809817845013,0,0.337349397590361,24.7,64,1
5863,Venray,2.3,1.21477804236317,0.873405612244898,0,0.28395061728395,18.1,159,1
5864,Horst aan de Maas,2.3,1.33409155035223,0.873711340206185,0,0.279373368146214,18.5,223,1
5865,Horst aan de Maas,2.2,1.22378496758497,0.825584317667755,0,0.273062730627306,16.8,186,1
5866,Horst aan de Maas,2.4,1.29294595944233,0.912901215331879,0,0.311023622047244,23.6,144,1
5871,Horst aan de Maas,2.2,1.22378496758497,0.885245901639344,0,0.330357142857142,19.4,174,1
5872,Horst aan de Maas,2.2,1.3102363301012,0.886313686313686,0,0.294478527607362,24.1,170,0
5911,Venlo,1.6,0.604407294149625,0.465670579864816,0.938276833249669,0.237142857142857,10,3068,1
5912,Venlo,2.1,0.925682883691756,0.662805338705615,0.137341319745186,0.282420749279538,13,2367,1
5913,Venlo,2,0.928493062670571,0.735063905677202,0.0960359606110106,0.263902932254802,19.2,2484,1
5914,Venlo,1.9,0.82551712934197,0.69682151589242,0.0186299081035923,0.262042389210019,8.5,2042,1
5915,Venlo,2.1,0.8916295735715,0.791456468673718,0,0.296419650291423,16.2,1311,1
5916,Venlo,2.3,1.36051138248246,0.723333721065488,0,0.301204819277108,29.8,632,1
5921,Venlo,1.9,0.841625155447529,0.679684566278633,0.00165668513443486,0.256846780162842,8.1,2592,1
5922,Venlo,2.3,0.92382271843821,0.789792060491493,0,0.249166666666666,7.7,2074,1
5923,Venlo,1.9,0.875069568009962,0.789523212045169,0,0.248366013071895,5.2,1949,1
5924,Venlo,2.3,1.15606258238775,0.762143528674396,0,0.281081081081081,11.7,1862,1
5925,Venlo,2.3,1.0791851895395,0.720009483167377,0,0.299089726918075,9.5,1391,1
5926,Venlo,2.5,1.39206711552458,0.852084812823374,0,0.292387543252595,32.8,972,1
5927,Venlo,2.6,1.41271828790698,0.952393477117306,0,0.280898876404494,28.7,448,0
5928,Venlo,2.2,1.22378496758497,0.560263581334763,0.00229075492341356,0.343195266272189,25.6,610,1
5931,Venlo,2,1.03079219894843,0.740057845263919,0,0.26968605249614,13,1424,1
5932,Venlo,2.1,1.01192935502786,0.777144337911376,0,0.285059578368469,9,977,1
5935,Venlo,2.1,1.06635821264898,0.808157943751164,0,0.323287671232876,16.3,975,1
5941,Venlo,2.3,1.23865764139863,0.835841862331928,0,0.266485998193315,18.6,494,0
5943,Venlo,2.3,1.71887058086398,0.866767219708396,0,0.312796208530805,17.7,140,0
5944,Venlo,2.1,1.34330234985121,0.912235316661876,0,0.312080536912751,19.3,243,0
5951,Venlo,2.3,1.17360604871089,0.833257168970638,0,0.280717488789237,15.7,529,1
5953,Beesel,2.2,1.09475244563884,0.775676902132808,0,0.278561675011379,13.8,863,1
5954,Beesel,2.2,1.22636154299749,0.887722501141031,0,0.322981366459627,24.3,256,0
5961,Horst aan de Maas,2.1,1.09740151488344,0.758204830250306,0,0.272523364485981,17.1,1140,1
5962,Horst aan de Maas,2.4,1.45126909815276,0.896662645757941,0,0.309794988610478,26.7,183,1
5963,Horst aan de Maas,2.4,1.32511108822805,0.86108751062022,0,0.268292682926829,23.9,264,1
5964,Horst aan de Maas,2.4,1.39888155194396,0.855127509495388,0,0.311572700296735,25.2,210,0
5966,Horst aan de Maas,2.1,1.014451698043,0.905023676046372,0,0.294623655913978,21.1,226,0
5971,Horst aan de Maas,2.2,1.20724320633185,0.732835753788049,0,0.280737704918032,18.4,603,0
5973,Horst aan de Maas,2.3,1.43979579763389,0.894231538523081,0,0.3025,23.5,179,1
5975,Horst aan de Maas,2.2,1.14993408618124,0.805063428092288,0,0.282670454545454,22.5,526,0
5976,Horst aan de Maas,2.4,1.41563383358263,0.949767008387698,0,0.327433628318584,25.1,122,1
5977,Horst aan de Maas,2.5,1.71126861023076,0.932591958939264,0,0.395833333333333,22,15,0
5981,Peel en Maas,2.1,1.5261782627492,0.773280716107608,0,0.253836317135549,15.6,1007,1
5984,Peel en Maas,2.4,1.33398154460959,0.898660254208175,0,0.316,23.7,124,0
5985,Peel en Maas,2.5,1.41449364235573,0.86441213653603,0,0.305637982195845,23.8,124,1
5986,Peel en Maas,2.4,1.39249687873431,0.802411080711354,0,0.309794988610478,22.6,214,1
5987,Peel en Maas,2.3,1.17721252706574,0.856128486897717,0,0.274509803921568,24,335,1
5988,Peel en Maas,2.3,1.23272139532152,0.792916421616676,0,0.28173374613003,23.2,837,1
5991,Peel en Maas,2.3,1.22397575569411,0.844289086617032,0,0.286490683229813,21.1,581,1
5993,Peel en Maas,2.1,1.13799451561322,0.84710977750099,0,0.278145695364238,21.7,491,1
5995,Peel en Maas,2.3,1.34867267053134,0.855894978536488,0,0.300959232613908,21.8,311,1
6001,Weert,1.7,0.817028866820737,0.741364038972542,0.339252742478548,0.235330450895614,9.6,2322,1
6002,Weert,2.3,1.47849137253711,0.910290003108762,0,0.308049535603715,22.6,854,0
6003,Weert,2.5,1.26614887932256,0.895677513355998,0.000596464591692874,0.309482758620689,36.4,872,1
6004,Weert,2.2,1.05045000528256,0.875559859581164,0,0.256885593220339,14.5,1500,1
6005,Weert,2.2,1.34708739470737,0.98377780508787,0,0.321995464852607,22.7,733,0
6006,Weert,2.1,1.25164362105069,0.923562347263897,0.00954581993569131,0.269394714407502,16.5,1481,1
6011,Leudal,2.3,1.42223325977212,0.902732945986658,0,0.312714776632302,26.5,159,1
6012,Leudal,2.4,1.50337602162475,0.949770290964777,0,0.363636363636363,28,42,1
6013,Leudal,2.2,1.34127752833532,0.916087020867248,0,0.331632653061224,24.6,119,1
6014,Leudal,2.2,1.22378496758497,0.709932279909706,0,0.317220543806646,18.4,257,1
6015,Leudal,2.1,1.31326187172399,0.891108123679662,0,0.310756972111553,17.4,204,1
6017,Maasgouw,2.1,1.03991759578943,0.835612968591692,0.0578963322218854,0.286290322580645,18.4,359,1
6019,Maasgouw,2.1,1.28199089494685,0.878104106972301,0,0.28428927680798,20,319,1
6021,Cranendonck,2.2,1.31309600676934,0.81809311402286,0,0.278128286014721,20.1,838,1
6023,Cranendonck,2.2,1.34521003312618,0.850406216884493,0,0.269320843091334,16.5,385,1
6024,Cranendonck,2.3,1.74557971581083,0.857404207744689,0,0.318181818181818,16.1,181,1
6026,Cranendonck,2.3,1.42576619631697,0.847299297077321,0,0.287644787644787,24.8,554,1
6027,Cranendonck,2.4,1.35969850880172,0.901144640998959,0,0.281081081081081,26.9,217,1
6028,Cranendonck,2.4,1.55308366167856,0.90651948947913,0,0.294520547945205,26.2,112,0
6029,Heeze-Leende,2.2,1.46073105287218,0.936621038814926,0,0.337595907928388,28.6,117,1
6031,Nederweert,2.2,1.26572528527191,0.86217655015927,0,0.282680509674374,20.6,904,0
6034,Nederweert,2.4,1.39504519542032,0.936562073669849,0,0.308681672025723,26.3,164,0
6035,Nederweert,2.3,1.24205014256487,0.914361109965777,0,0.297136038186157,24.4,255,1
6037,Leudal,2.3,1.72620795126222,0.883056916698077,0,0.322175732217573,24.1,95,1
6039,Weert,2.1,1.11902175878593,0.840920275590551,0,0.280855199222546,17.7,550,1
6041,Roermond,1.7,0.808683955406376,0.480632609514246,0.164079144197146,0.258217821782178,14.5,2041,1
6042,Roermond,2,1.02914458557116,0.708044847456113,0,0.276509386098427,15.8,1561,1
6043,Roermond,2.1,0.923427605558913,0.662173743669653,0.00688316272502647,0.277119016249451,8.3,2184,1
6044,Roermond,2.1,0.827957801635546,0.758938444526354,0,0.26068376068376,7,2053,1
6045,Roermond,2.1,1.14213421007342,0.714267668793027,0,0.268292682926829,11.3,1342,1
6049,Roermond,2.4,1.28199034596148,0.773638968481375,0,0.290843806104129,31.4,891,1
6051,Maasgouw,2.1,1.30025293669673,0.849581478183437,0,0.278093883357041,18,673,1
6061,Roerdalen,2.1,1.44924329873653,0.840082518337408,0,0.304832713754646,14.1,313,1
6063,Roerdalen,2,1.25186810075048,0.832046332046332,0,0.299578059071729,13.8,254,1
6065,Roerdalen,2.2,1.49226299900569,0.871251115228879,0,0.285483870967741,21.6,350,1
6067,Maasgouw,2.1,1.11334855106558,0.767503013038238,0,0.284974093264248,19.9,490,0
6071,Roermond,2.1,1.19690043298442,0.851157785364405,0,0.285956006768189,14.7,688,1
6074,Roerdalen,2.2,1.24946196134724,0.786569952742059,0,0.270889487870619,19.4,505,0
6075,Roerdalen,2.1,1.22378496758497,0.842017420330673,0,0.291421856639247,16.8,485,0
6077,Roerdalen,2.1,1.19743894528468,0.887597363690832,0,0.293591654247392,16.9,406,1
6081,Leudal,2.1,1.1288155602788,0.823936696340257,0,0.282782212086659,17.6,575,1
6082,Leudal,2.3,1.2338442755851,0.92174515235457,0,0.324324324324324,22.4,204,0
6083,Leudal,2.2,1.35185017050903,0.756596661281637,0,0.286764705882352,21,290,0
6085,Leudal,2.2,1.30366003651591,0.84823107161169,0,0.288563829787234,21.9,442,1
6086,Leudal,2.2,1.27570698166397,0.90883905702786,0,0.311278195488721,20.8,315,0
6088,Leudal,2.2,1.33357080559848,0.869961638961472,0,0.297897196261682,23.3,389,1
6089,Leudal,2.2,1.43126114770517,0.874433923425277,0,0.324324324324324,19.1,91,1
6091,Nederweert,2.4,1.57670773319432,0.931971810729181,0,0.274390243902439,21.5,101,0
6092,Nederweert,2.5,1.56047151262449,0.889549702633814,0,0.353846153846153,24,127,1
6093,Leudal,2.1,1.10663586641321,0.843565546248188,0,0.281700835231586,18.7,676,0
6095,Leudal,2.2,1.49025515575691,0.884014517910683,0,0.281132075471698,24,274,1
6096,Leudal,2.3,1.25546331600407,0.890814348036839,0,0.306306306306306,22.6,207,1
6097,Maasgouw,2.2,1.25605415521772,0.838929219600726,0,0.319474835886214,22.1,411,1
6099,Maasgouw,2.2,1.4108782222825,0.834398976982097,0,0.284574468085106,20.5,281,1
6101,Echt-Susteren,2,1.32554336570492,0.757394002068252,0,0.277806253203485,14.6,1197,1
6102,Echt-Susteren,2.2,1.33499557086183,0.827246981666418,0,0.282442748091603,19.3,646,1
6104,Echt-Susteren,2.2,1.60413298957665,0.929504480190003,0,0.324324324324324,17.5,152,1
6105,Echt-Susteren,2.2,1.6196210361234,0.957350214208069,0,0.337037037037037,22,92,1
6107,Maasgouw,2.2,1.27971406610461,0.788117341255105,0,0.297994269340974,21.2,241,1
6109,Maasgouw,2.1,1.3579776029602,0.908776779543883,0,0.301775147928994,26.2,92,1
6111,Echt-Susteren,2.2,1.51467718106158,0.880434782608695,0,0.327586206896551,20.6,246,1
6112,Echt-Susteren,2.4,1.51338273429396,0.880138682516097,0,0.275449101796407,28,207,0
6114,Echt-Susteren,2.1,1.19566587585034,0.84843652769135,0,0.312620115310698,17.5,701,1
6116,Echt-Susteren,2.2,1.22378496758497,0.914996544574982,0,0.302013422818791,20,171,1
6118,Echt-Susteren,2.2,1.22378496758497,0.785428051001821,0,0.282051282051282,19.6,431,1
6121,Sittard-Geleen,2.2,0.989260451106919,0.730411932343906,0,0.297297297297297,20.3,761,1
6122,Sittard-Geleen,2.1,1.29411875304127,0.743682310469314,0,0.292929292929292,13.5,773,1
6123,Sittard-Geleen,2,1.38394619344925,0.741090909090909,0,0.275555555555555,14.7,389,1
6124,Sittard-Geleen,2.3,1.48071278642484,0.900138696255201,0,0.324503311258278,19.1,351,1
6125,Sittard-Geleen,2.2,1.40709595933082,0.790604411343454,0,0.291066282420749,19.5,341,1
6127,Sittard-Geleen,2.1,1.2975834530638,0.772901576480613,0,0.309734513274336,18.3,445,1
6129,Stein,2.1,1.34819246068331,0.726821457165732,0,0.285338015803336,16.5,502,1
6131,Sittard-Geleen,1.5,0.660955654969858,0.48111972611016,0.560258012598743,0.215743440233236,9.5,2459,1
6132,Sittard-Geleen,2,1.05679403482234,0.711688311688311,0,0.31718898385565,24.8,1226,0
6133,Sittard-Geleen,2.1,1.17284318483279,0.577502214348981,0,0.320427236315086,22,1305,1
6134,Sittard-Geleen,2,0.910829636643942,0.834365325077399,0,0.270833333333333,8,1074,1
6135,Sittard-Geleen,2,1.22378496758497,0.47444306930693,0,0.266233766233766,14.8,1509,1
6136,Sittard-Geleen,1.9,0.836724887172613,0.545999478759447,0,0.294937637564196,10.5,2066,1
6137,Sittard-Geleen,2,0.964016045294511,0.593770029483399,0.000107924544391266,0.295454545454545,11.8,1827,1
6141,Sittard-Geleen,2.2,1.26693441055515,0.787829394186362,0,0.26771653543307,22.4,632,1
6142,Sittard-Geleen,2.2,1.28670352804278,0.840103920642418,0,0.288461538461538,24.1,309,1
6143,Sittard-Geleen,2.3,1.31278315697276,0.84631918323482,0,0.285714285714285,16.7,238,1
6151,Sittard-Geleen,2.1,1.25533650354819,0.737894509295287,0,0.28052805280528,18.6,805,1
6153,Sittard-Geleen,2.2,1.52513755571764,0.980241492864983,0,0.35,22,114,1
6155,Beekdaelen,2.2,1.8102652100944,0.847754465059823,0,0.294554455445544,22.1,287,1
6161,Sittard-Geleen,1.8,0.884208465258321,0.414543812104787,0.208760078448463,0.265497076023391,8.8,2093,1
6162,Sittard-Geleen,1.8,0.986273011557005,0.659423233143785,0.124099389801611,0.267467248908296,12.4,2107,1
6163,Sittard-Geleen,2.1,1.05810498627197,0.675728511210214,0,0.309987029831387,7.9,1288,1
6164,Sittard-Geleen,1.8,1.06862168091892,0.568486882245271,0,0.258291457286432,12.2,1611,1
6165,Sittard-Geleen,2,1.05672301268944,0.579514363885088,0.000294991206618636,0.280757097791798,14.2,2200,1
6166,Sittard-Geleen,1.9,1.05670108242067,0.675830060692609,0.00911226576790992,0.270348837209302,12.7,1856,1
6167,Sittard-Geleen,3.3,2.03812671976077,0.743010939399201,0,0.176690104941755,22,386,0
6171,Stein,2.1,1.22280193843982,0.717090909090909,0,0.286514232384507,15.1,1084,1
6174,Beekdaelen,2.2,1.90574485714313,0.902447552447552,0,0.28,31.5,296,0
6176,Beek,2.2,1.30162966336542,0.721203968387422,0,0.296572280178837,19.3,433,1
6181,Stein,2.2,1.2632188585994,0.699972429004687,0,0.295740851829634,18.9,925,1
6191,Beek,2.1,0.886424232041053,0.58624012333783,0,0.286749899315344,18.9,1036,0
6199,Beek,2.4,1.22378496758497,0.711578726968174,0,0.177777777777777,22,146,1
6211,Maastricht,1.3,0.280049173754497,0.591285670451058,0.865727178741695,0.134545454545454,12.2,4268,1
6212,Maastricht,2,0.942733085056033,0.844045839561534,0.490965592688779,0.29,37.8,2057,1
6213,Maastricht,1.9,0.840211638529856,0.73279624034911,0.298878507544961,0.218201754385964,29,1935,1
6214,Maastricht,1.6,0.489827637720876,0.877122568694041,0.840759568216128,0.214,6.7,3459,1
6215,Maastricht,2,0.904381521398704,0.815556463697044,0,0.300857843137254,14.3,1978,1
6216,Maastricht,1.6,0.550698260668464,0.703714739769567,0.206402004251011,0.198198198198198,9,2604,1
6217,Maastricht,1.7,0.57926944160389,0.847134713471347,0.306828975176535,0.221806520577231,7.2,2798,1
6218,Maastricht,1.9,0.887845823297633,0.84015525758645,0,0.259056732740943,8.9,1741,1
6219,Maastricht,1.7,0.656584145113612,0.840089485458613,0.158545569498467,0.310030395136778,9.3,1137,1
6221,Maastricht,1.4,0.409236687781285,0.73058592654892,0.8810214117198,0.177281368821292,14.1,4134,1
6222,Maastricht,1.6,0.541190657326755,0.806819490842068,0,0.220294882914137,3.7,1296,1
6223,Maastricht,1.9,1.0936371492968,0.804704301075268,0,0.28842504743833,12,284,1
6224,Maastricht,1.6,0.456019668790309,0.852572074618428,0.769314395863215,0.186514410005437,8.1,3557,1
6225,Maastricht,2.1,0.952495159186743,0.738665461665913,0,0.284005979073243,25.1,1136,1
6226,Maastricht,1.9,0.728098800227689,0.746433457103771,0.0281429318631027,0.256237356709372,23.9,2450,1
6227,Maastricht,1.8,0.748645224804278,0.787610619469026,0,0.231530343007915,11.7,2148,1
6228,Maastricht,1.9,0.859225333411942,0.741050808314087,0,0.275783040488922,15.9,1629,1
6229,Maastricht,1.6,0.586600907184023,0.686005690846605,0.0541101055806938,0.247811447811447,14.8,2011,1
6231,Meerssen,2,0.994376985666897,0.830517301238282,0.0248031770361596,0.273453093812375,17.5,807,1
6235,Meerssen,2.2,1.35779625240442,0.804163883322199,0,0.29802513464991,23.3,341,1
6237,Meerssen,2.2,1.4844119021461,0.826433121019108,0,0.353846153846153,27.6,207,1
6241,Meerssen,2.2,1.28969128992735,0.727151211361737,0,0.323853211009174,29,685,1
6243,Meerssen,2.1,1.38054320822827,0.861552028218694,0,0.305389221556886,20.6,228,1
6245,Eijsden-Margraten,2.3,1.22381852597271,0.817858338914936,0,0.269767441860465,25.8,794,1
6247,Eijsden-Margraten,2.2,1.26494357822049,0.740935605627359,0,0.287435456110154,24.3,356,1
6251,Eijsden-Margraten,2.2,1.50471113386476,0.962825278810408,0,0.308641975308641,24.7,107,1
6252,Eijsden-Margraten,2.4,1.68215878129667,0.907185628742515,0,0.333333333333333,22,140,1
6255,Eijsden-Margraten,2.2,1.32935112387741,0.941735849056603,0,0.300847457627118,26.7,115,1
6261,Eijsden-Margraten,2.2,1.34294171766162,0.855684138869979,0,0.305882352941176,26.6,135,1
6262,Eijsden-Margraten,2.3,1.37330690015664,0.850851221317542,0,0.285,20.6,148,1
6265,Eijsden-Margraten,2.4,1.44666959023326,0.882089016511127,0,0.288256227758007,27.5,154,1
6267,Eijsden-Margraten,2.1,1.29597017012404,0.77367941712204,0,0.286908077994428,25.3,415,1
6268,Eijsden-Margraten,2.1,1.14224900673196,0.96076458752515,0,0.313043478260869,33,88,1
6269,Eijsden-Margraten,2.2,1.2464294953828,0.834240647682858,0,0.259398496240601,23.5,444,1
6271,Gulpen-Wittem,1.9,0.880908422875315,0.815836109732756,0.0355374055087322,0.277848911651728,16.5,512,0
6273,Gulpen-Wittem,2.4,1.37668389221866,0.958073654390934,0,0.363636363636363,22,58,1
6274,Gulpen-Wittem,2.2,1.11722431441792,0.896611642050391,0,0.298076923076923,23.5,76,1
6276,Gulpen-Wittem,2.2,1.6234614881968,0.97485493230174,0,0.32258064516129,22,27,1
6277,Gulpen-Wittem,2.1,1.32671931824363,0.938358351964228,0,0.342105263157894,22.2,66,1
6278,Gulpen-Wittem,1.9,1.67228724182239,0.913907284768211,0,0.337779551312329,22,31,1
6281,Gulpen-Wittem,2.1,1.39695877776135,0.909677419354838,0,0.314868804664723,20,199,1
6285,Gulpen-Wittem,2.1,1.29269918242621,0.92236727589208,0,0.297560975609756,25.4,110,0
6286,Gulpen-Wittem,2.1,1.30532690232107,0.871593062235825,0,0.309278350515463,18.6,124,1
6287,Gulpen-Wittem,2.2,1.39124049630625,0.867223184753504,0,0.307926829268292,25.1,187,1
6289,Gulpen-Wittem,1.9,1.46377378457753,0.951754385964912,0,0.320778658083684,22,23,1
6291,Vaals,1.7,0.814755209013136,0.878129624149156,0.108480430158697,0.289456869009584,9.7,1288,1
6294,Vaals,2.2,1.34409123385458,0.955473652754258,0,0.297872340425531,17.3,172,0
6295,Vaals,2,1.21235571049691,0.86855241264559,0,0.301136363636363,15.3,121,1
6301,Valkenburg aan de Geul,1.9,0.97217956784927,0.828334559447682,0.0805465414175918,0.292001893043066,15.9,831,1
6305,Valkenburg aan de Geul,2,1.29646665759685,0.865111346765641,0,0.314487632508833,19.5,273,1
6307,Eijsden-Margraten,2.2,1.38724794905853,0.827814569536423,0,0.323076923076923,22.5,55,1
6311,Voerendaal,2.4,1.2890090462423,0.793610547667342,0,0.288343558282208,24.2,243,1
6312,Voerendaal,2.1,1.29945604198196,0.872307692307692,0,0.333333333333333,22,192,1
6321,Gulpen-Wittem,2.1,1.35357882726683,0.892546437808605,0,0.300829875518672,17.6,289,1
6325,Valkenburg aan de Geul,2.2,1.10043650394017,0.793488638533511,0,0.295005807200929,24.5,373,1
6333,Beekdaelen,2.3,1.45688782399007,0.842369020501138,0,0.304897314375987,29.9,279,1
6336,Beekdaelen,2.2,1.35550604834249,0.787549289042896,0,0.286082474226804,21.4,420,1
6341,Valkenburg aan de Geul,2.3,1.36376623000007,0.8698224852071,0,0.364381481332847,22,171,0
6342,Valkenburg aan de Geul,2,1.53775999942506,0.952941176470588,0,0.349292316580011,22,233,1
6343,Voerendaal,2.2,1.38981895724342,0.824859974149073,0,0.293577981651376,24.8,307,1
6351,Simpelveld,2.1,1.27660120717176,0.823038533911478,0,0.302908726178535,15.6,686,1
6353,Simpelveld,2.3,1.71665252607737,0.954128440366972,0,0.299393414211438,22,43,1
6361,Beekdaelen,2,1.33484852712954,0.764799212167633,0,0.283385093167701,14.1,720,1
6363,Beekdaelen,2.2,1.44079944934896,0.864643709512444,0,0.288819875776397,21.2,436,1
6365,Beekdaelen,2.1,1.28671909914099,0.83218781373079,0,0.289667896678966,19.3,321,1
6367,Voerendaal,2.2,1.26829949057381,0.851816185817187,0,0.276752767527675,20.6,673,0
6369,Simpelveld,2,1.10590039381115,0.844650328750747,0,0.280382775119617,14.7,679,1
6371,Landgraaf,2,1.0859237195158,0.681925319439275,0,0.286396181384248,12.6,1555,1
6372,Landgraaf,2.1,0.93904623542156,0.665039899755985,0,0.277066929133858,11.5,1568,1
6373,Landgraaf,2,1.13295351947446,0.66602281089036,0,0.291002277904328,12.7,1516,1
6374,Landgraaf,2.1,1.23905937822658,0.72300289791678,0,0.299242424242424,14,1270,1
6411,Heerlen,1.5,1.22378496758497,0.467147435897435,0.578439230819143,0.234965902045877,6.6,2625,1
6412,Heerlen,1.9,1.02910731647048,0.487122557726465,0.0449253665660614,0.297658862876254,6.7,1952,1
6413,Heerlen,1.9,0.999775260658631,0.728699715266116,0,0.29427549194991,5.9,1731,1
6414,Heerlen,2,0.955171996093889,0.814629911004992,0,0.306825712392312,5.2,1475,1
6415,Heerlen,1.9,0.924001287828339,0.766937269372693,0,0.284496124031007,6.4,1847,1
6416,Heerlen,2,0.859777358084858,0.71601144431493,0.00414306674363696,0.266666666666666,15.9,1829,1
6417,Heerlen,1.7,0.952786878911688,0.738149628783552,0.0300773694390715,0.26083707025411,13.7,1928,1
6418,Heerlen,1.9,1.02618041521726,0.729006490264603,0,0.271572260455267,11.5,1752,1
6419,Heerlen,1.9,1.22378496758497,0.638294043548677,0.0176184942783844,0.257793764988009,17,1081,1
6421,Heerlen,1.8,2.1830434724472,0.909090909090909,0,0.588623161704343,22,1531,1
6422,Heerlen,2.4,2.46466380698342,0.599427168576104,0,0.4,22,146,1
6431,Heerlen,1.8,1.05220609544654,0.711364330043748,0,0.275126903553299,7,2217,1
6432,Heerlen,1.9,1.05270118313947,0.628716105847762,0,0.292035398230088,8.9,1588,1
6433,Heerlen,2.1,1.22378496758497,0.72463768115942,0,0.299599198396793,8.2,1239,1
6436,Beekdaelen,2.2,1.2792279555569,0.781968911917098,0,0.271186440677966,19.9,830,1
6438,Beekdaelen,2.2,1.32679108692798,0.713934426229508,0,0.277254374158815,22.3,548,1
6439,Beekdaelen,2.2,1.43851717219293,0.852266805627931,0,0.315068493150684,26.4,181,1
6441,Brunssum,1.8,1.01932658256027,0.744484135322546,0,0.272849462365591,6.9,1847,1
6442,Brunssum,2.2,1.22378496758497,0.730062356416147,0,0.277358490566037,8.7,1329,1
6443,Brunssum,1.9,0.990248404368359,0.600275452908147,0,0.280701754385964,8,1677,1
6444,Brunssum,2.1,1.30332456607341,0.591547214422934,0,0.30591054313099,13.2,1893,1
6445,Brunssum,2.1,1.20696416353869,0.638026905829596,0,0.339382940108892,12.6,1208,0
6446,Brunssum,2.1,1.17503135253858,0.682992327365728,0,0.291750503018108,16,1478,1
6447,Beekdaelen,2.3,1.51818468552594,0.882417582417582,0,0.307210031347962,21.2,281,1
6451,Beekdaelen,2.1,1.43705130889474,0.78211675177731,0,0.294117647058823,14.4,644,1
6454,Beekdaelen,2.2,1.43371260561477,0.917935965184954,0,0.319444444444444,15.4,151,1
6456,Beekdaelen,2.3,1.49092923301502,0.888384512683578,0,0.302325581395348,25.4,153,1
6461,Kerkrade,1.8,0.908285151427207,0.786924939467312,0.109086936117247,0.264034546576187,9,2442,1
6462,Kerkrade,1.9,0.956834049873574,0.809840024147298,0,0.299295774647887,7,2031,1
6463,Kerkrade,1.8,0.854740251946948,0.866517675741568,0,0.287567567567567,6.1,1939,1
6464,Kerkrade,2,1.24806685666023,0.760968229954614,0,0.304195804195804,11.9,1157,1
6465,Kerkrade,2,1.13611390763709,0.855120049250974,0,0.283582089552238,5.9,925,1
6466,Kerkrade,1.9,1.00454493183003,0.744834710743801,0.00242686920631477,0.300839251129761,7.5,1561,1
6467,Kerkrade,2.1,1.23380803613464,0.629271783861155,0,0.277319587628866,12.3,1793,1
6468,Kerkrade,2.1,1.34216434149033,0.616187384044526,0.00338727888596161,0.377358490566037,22.6,837,0
6469,Kerkrade,2,1.29292314504413,0.827522935779816,0,0.313559322033898,4.9,714,1
6471,Kerkrade,2,1.15254337443097,0.721517603323857,0,0.295811518324607,10.5,1051,1
6511,Nijmegen,1.3,0.347590165941643,0.451725644386194,0.919902442347941,0.14228187919463,6.6,3879,1
6512,Nijmegen,1.3,0.379734968182982,0.840124175397749,1,0.166810717372515,9.4,4386,1
6515,Nijmegen,2.8,1.17058316949152,0.74609425435765,0,0.236778262979136,39.8,1014,1
6521,Nijmegen,1.5,0.472609407189276,0.778277827782778,0.839614840812366,0.202623906705539,17.3,3701,1
6522,Nijmegen,1.6,0.690152279648408,0.782265342960288,0.480963368906835,0.205970149253731,24.2,2513,1
6523,Nijmegen,1.7,0.679113399938423,0.782546901648664,0,0.262406947890818,18.5,2163,1
6524,Nijmegen,1.4,0.438284932649309,0.696168854203618,0.706379026294965,0.162387676508344,19.1,3908,1
6525,Nijmegen,1.5,0.465874777779421,0.641430216022211,0.0844048593742111,0.175,20.4,1517,1
6531,Nijmegen,1.9,0.678158939652896,0.638664082981876,0.00731636544858418,0.242597898758357,21.8,3179,1
6532,Nijmegen,1.8,0.586277020847236,0.65115158523658,0.0128755364806866,0.245671887881286,15.8,2312,1
6533,Nijmegen,1.8,0.731439890012237,0.693502574116811,0.0348757363999336,0.267841409691629,14.3,2254,1
6534,Nijmegen,1.4,0.383758875390298,0.607699154428126,0,0.193050193050193,9.1,2123,1
6535,Nijmegen,1.8,0.678273041214177,0.839584106943928,0,0.246217331499312,4.6,2044,1
6536,Nijmegen,2,1.0018402676285,0.702127659574468,0,0.232193732193732,17.9,1539,1
6537,Nijmegen,2,0.902601969836831,0.771865529635633,0,0.256423432682425,7.3,1981,1
6538,Nijmegen,1.9,0.838969073129705,0.691522449956136,0.168089032406873,0.245182012847965,6.5,2259,1
6541,Nijmegen,1.7,0.665179080276383,0.586454786227771,0.134023226720439,0.222645099904852,14.5,2842,1
6542,Nijmegen,1.8,0.650815151224138,0.732937116564417,0,0.222818791946308,13.7,3539,1
6543,Nijmegen,1.7,0.65114505592488,0.750475354687728,0,0.220930232558139,13.9,2437,1
6544,Nijmegen,1.9,0.69962561948812,0.820214252445272,0,0.248413417951042,7.5,2167,1
6545,Nijmegen,2.1,1.22378496758497,0.608326253186066,0,0.25953488372093,13.6,1965,1
6546,Nijmegen,2.2,1.20950230887575,0.731408280852204,0,0.294182217343578,14.8,1295,1
6551,Beuningen,2.3,1.26348569499217,0.79447776111944,0,0.283203125,20.7,404,0
6561,Berg en Dal,2,0.924258212416935,0.862411069773513,0,0.265601217656012,16.9,808,1
6562,Berg en Dal,2.2,1.16548504859298,0.829502449906385,0,0.298063297118564,18.3,873,1
6564,Berg en Dal,2.3,0.930994196927459,0.876789366053169,0,0.323529411764705,51.7,540,1
6566,Berg en Dal,2.2,1.53316269994021,0.79565148889239,0,0.317909168808911,16.8,644,1
6571,Berg en Dal,2,1.05906882874818,0.848188309970907,0,0.2825,25.5,471,1
6572,Berg en Dal,1.5,0.934271535794371,0.976513098464318,0,0.272727272727272,15,484,1
6573,Berg en Dal,2,1.22378496758497,0.832501781895937,0,0.284530386740331,22.4,631,1
6574,Berg en Dal,1.7,0.827985530596257,0.936790923824959,0,0.306122448979591,21,698,1
6575,Berg en Dal,2.2,1.42752198528051,0.988843813387423,0,0.359097127222982,22,75,1
6576,Berg en Dal,2.2,1.0552922224826,0.911544363209675,0,0.287671232876712,20.5,287,0
6577,Berg en Dal,2.5,1.22200022606989,0.976175144880875,0,0.333333333333333,22,73,1
6578,Berg en Dal,2.1,1.15466725733039,0.893468737554759,0,0.316091954022988,17,247,1
6579,Berg en Dal,2,1.22484903310035,0.878022568511552,0,0.375,22.6,74,1
6581,Heumen,2.2,1.09730085126604,0.78839448347645,0,0.299867899603698,25.4,1058,1
6582,Heumen,2.4,1.26324488424537,0.893688639551192,0,0.3,27.2,296,1
6584,Mook en Middelaar,2.2,1.2091140194468,0.801159342140738,0,0.296246648793565,30.8,590,1
6585,Mook en Middelaar,2,1.18296038282777,0.775421830670449,0,0.315132605304212,21.2,422,1
6586,Mook en Middelaar,2.1,1.53015935824308,0.966448445171849,0,0.36231884057971,33.8,90,1
6587,Mook en Middelaar,2.3,1.51009021027629,0.915145985401459,0,0.354285714285714,29,129,1
6591,Gennep,2.1,1.09053028091388,0.847739396136516,0,0.271745002701242,15.2,991,1
6595,Gennep,2.4,1.39551724378299,0.933327492553005,0,0.30188679245283,26.7,539,0
6596,Gennep,2.3,1.41431903753117,0.823109982418441,0,0.307826086956521,25.6,288,1
6598,Gennep,2,0.949523416952155,0.795042289483483,0,0.308467741935483,20.1,271,1
6599,Gennep,2.2,1.63411058915998,0.932356742783283,0,0.339743589743589,25.6,81,0
6601,Wijchen,2.2,0.96614116546042,0.814322128405289,0,0.263481551561021,14.1,1731,1
6602,Wijchen,2,1.06001446589711,0.801517644907661,0,0.253799392097264,20.5,1925,1
6603,Wijchen,2.4,1.33381145112421,0.829877015183755,0,0.28515625,29,550,1
6604,Wijchen,2.5,1.43588324694743,0.759576670884619,0,0.340937896070975,35,669,1
6605,Wijchen,2.3,1.21148402076358,0.761171156638167,0,0.314971751412429,22,1334,1
6606,Wijchen,2.5,1.45020257948016,0.931498713126113,0,0.290697674418604,26.5,97,0
6611,Heumen,2.3,1.32730639902934,0.904834044897397,0,0.288354898336414,26.9,264,1
6612,Heumen,2.4,1.39086524713341,0.918179557324048,0,0.310975609756097,31.3,110,1
6613,Wijchen,2.6,1.71913800738466,0.944431895188615,0,0.346938775510204,39.1,112,1
6615,Wijchen,2.1,1.40698411365823,0.984312682797128,0,0.407407407407407,22,174,1
6616,Wijchen,2.4,1.63913749867236,0.924800311708552,0,0.326424870466321,28,123,1
6617,Wijchen,2.4,1.42701414218439,0.85401877719258,0,0.322033898305084,30.1,179,1
6621,West Maas en Waal,2.3,1.38569971726959,0.896010505252626,0,0.30801687763713,22.4,312,1
6624,Maasdriel,2.2,1.13942771026062,0.88509912598593,0,0.333333333333333,19.2,173,1
6626,West Maas en Waal,2.3,1.48077770867752,0.939704939063502,0,0.341107871720116,26,142,1
6627,West Maas en Waal,2.2,1.41023742966346,0.935529081990189,0,0.330985915492957,24,150,0
6628,West Maas en Waal,2.4,1.36421746727437,0.957485760781122,0,0.325581395348837,31.2,58,1
6629,West Maas en Waal,2.2,1.38206651539491,0.95395924684034,0,0.345238095238095,25.6,89,1
6631,Druten,2.4,1.23798610707071,0.89287206484499,0,0.328220858895705,29.5,146,0
6634,Wijchen,2.4,1.64586171609768,0.956529209621993,0,0.34074074074074,26.4,91,1
6641,Beuningen,2.1,1.03806973587899,0.807084075998331,0,0.290197597830298,18.2,1431,1
6642,Beuningen,2.5,1.41637964684861,0.702153110047846,0,0.348837209302325,42.4,1004,1
6644,Beuningen,2.4,1.59790184555113,0.892938192497663,0,0.249169435215946,25.1,507,0
6645,Beuningen,2.3,1.23624236356533,0.935378893537889,0,0.292134831460674,23.4,232,1
6651,Druten,2.2,1.22378496758497,0.768443211175964,0,0.284651162790697,17.4,1065,1
6652,Druten,2.7,1.24088691737561,0.606576980568011,0,0.339130434782608,36.3,980,1
6653,Druten,2.2,1.11723635119511,0.83024,0,0.284210526315789,17.3,263,1
6654,Druten,2.4,1.0099675882569,0.912298515039979,0,0.321533923303834,26.8,250,1
6655,Druten,2.4,1.19014737217975,0.890036654448517,0,0.32824427480916,28.3,691,0
6657,West Maas en Waal,2.4,1.45029797348084,0.858845396894817,0,0.316964285714285,25,276,1
6658,West Maas en Waal,2.2,1.18200584640436,0.805846822904083,0,0.274215552523874,19.4,780,1
6659,West Maas en Waal,2.3,1.26137010865225,0.898942316238556,0,0.297297297297297,24.3,256,1
6661,Overbetuwe,2.3,1.09981496299832,0.830503967022738,0,0.278198485452371,25.3,1300,1
6662,Overbetuwe,2.4,1.34165900051714,0.733982359793642,0,0.300804828973843,26.7,1092,1
6663,Nijmegen,2.5,0.983026217970401,0.839149955103262,0,0.214457831325301,31.4,1283,1
6665,Overbetuwe,2.5,1.36758724803927,0.840992469588723,0,0.284246575342465,25.7,487,1
6666,Overbetuwe,2.4,1.39507791474396,0.818228896944588,0,0.303960396039604,23.6,558,1
6668,Overbetuwe,2.6,1.22378496758497,0.939078989446754,0,0.317406143344709,27.3,129,1
6669,Neder-Betuwe,2.5,1.34836574264047,0.897652905574964,0,0.267391304347826,21.5,404,1
6671,Overbetuwe,2.2,1.37337779865643,0.779746345241553,0,0.266985645933014,20.4,655,1
6672,Overbetuwe,2.1,1.03572845968965,0.986068111455108,0,0.314285714285714,22,247,0
6673,Overbetuwe,2.4,1.49775676870479,0.827673309009261,0,0.28023598820059,23.4,442,1
6674,Overbetuwe,2.4,1.49825883105343,0.912405105530991,0,0.294670846394984,26.2,424,1
6675,Overbetuwe,2.4,1.54314473766264,0.909656628514279,0,0.303703703703703,26.7,252,1
6676,Overbetuwe,2.1,1.70270373174604,0.779582366589327,0,0.363372093023255,22,15,0
6677,Overbetuwe,2.3,1.54439339357547,0.976670870113493,0,0.360824742268041,29.4,58,0
6678,Overbetuwe,2.2,1.22378496758497,0.719422838462405,0,0.305970149253731,23.7,537,1
6681,Lingewaard,2.3,1.13841327497457,0.793605246976839,0,0.30342577487765,25.2,957,1
6684,Lingewaard,2.9,1.61176165246719,0.987737843551797,0,0.296296296296296,22,193,1
6685,Lingewaard,2.5,1.40494767551591,0.836071837982422,0,0.318840579710144,23.5,372,1
6686,Lingewaard,2.3,1.27436142835655,0.878596563858414,0,0.319494584837545,25.1,296,1
6687,Lingewaard,2.5,1.49487007573915,0.881756433559743,0,0.298456260720411,26.1,302,1
6691,Lingewaard,2.3,1.13808865347868,0.859089766155393,0,0.287745429925524,20.3,682,1
6701,Wageningen,1.3,0.330690675218576,0.809263596148842,0.371685410882072,0.130695443645083,13.5,2459,1
6702,Wageningen,1.4,0.529452265993099,0.848846787479406,0.0972776669205137,0.159010600706713,6.6,1875,1
6703,Wageningen,1.7,0.714000258513249,0.765871229176046,0.0357142857142857,0.254355400696864,29.2,1526,1
6704,Wageningen,2.1,1.15062176323055,0.944249512670565,0,0.216748768472906,39.7,567,0
6705,Wageningen,2.3,1.59979157352376,0.972614107883817,0,0.329931972789115,57.4,292,0
6706,Wageningen,1.6,0.578388785181459,0.711014607185156,0,0.204444444444444,15.6,2062,1
6707,Wageningen,1.7,0.595697075161686,0.811118553248492,0.140792733278282,0.204830917874396,8.3,3217,1
6708,Wageningen,1.7,0.608656724507462,0.762505042355788,0,0.231299927378358,18.6,2113,1
6709,Wageningen,1.7,0.364347171306351,0.802059925093633,0,0.110815602836879,23.4,2019,0
6711,Ede,1.9,0.954904416213186,0.612975788788255,0.0726209237272228,0.241621200311769,20.6,2008,0
6712,Ede,2.2,1.08264942305584,0.444671607462305,0,0.252190847127555,21,2656,1
6713,Ede,2,0.918942817368765,0.597956403269754,0.0578719526087947,0.246073298429319,14.6,2756,1
6714,Ede,2.1,0.883567791696886,0.799801126947298,0,0.210695876288659,10,2805,1
6715,Ede,2.3,1.00634029880168,0.777563070316693,0,0.238060249816311,15.9,2159,1
6716,Ede,2.4,1.21162938109269,0.662790138882214,0,0.293316831683168,23.1,1280,1
6717,Ede,2.2,0.934094785660503,0.687158638248942,0,0.233710691823899,17.5,2051,1
6718,Ede,2.9,1.39603495911009,0.903312211981566,0.0108726843733061,0.25074775672981,34.6,964,1
6721,Ede,2.2,1.11373461398592,0.767853763766415,0,0.272757147551758,26.8,1226,1
6731,Ede,2.5,1.41996326945589,0.885997894420213,0,0.312354312354312,31.9,249,0
6732,Ede,2.7,1.46580612742976,0.886071967790639,0,0.247191011235955,31.1,221,0
6733,Ede,2.9,1.45970511987298,0.901023238022377,0,0.229706390328152,27.8,178,1
6741,Ede,2.6,1.35524307604355,0.893966594705147,0,0.248101265822784,30.5,599,1
6744,Ede,2.9,1.27062019103722,0.873569482288828,0,0.214285714285714,32.1,256,1
6745,Ede,2.5,1.24161703370861,0.937106918238993,0,0.227722772277227,27.4,260,1
6811,Arnhem,1.3,0.354280883097238,0.350297230680005,0.887643363791769,0.168210976478973,7.6,3645,1
6812,Arnhem,1.8,0.864517611222391,0.752956636005256,0.017355051386465,0.29225352112676,22,1172,1
6813,Arnhem,2.2,0.903284342892513,0.665966018567174,0.00401104681746449,0.315668202764977,37.2,1331,1
6814,Arnhem,1.8,0.89541799610011,0.686937966773357,0.457709852470544,0.274803149606299,27.3,2351,1
6815,Arnhem,2.1,1.06052859517003,0.688885157824043,0.00463075798196441,0.259370314842578,24.3,650,1
6816,Arnhem,2.1,1.24188876273155,0.916271928391754,0,0.327659574468085,37.9,207,1
6821,Arnhem,1.7,0.656612272658398,0.774613003095975,0.0173860911270983,0.276157804459691,17.6,3947,1
6822,Arnhem,1.8,0.626439948687014,0.861884147598433,0.000896747226864624,0.301675977653631,10.5,3770,1
6823,Arnhem,1.8,0.760926731895858,0.798630563336445,0,0.290014684287812,8,1686,1
6824,Arnhem,1.9,0.804538561626106,0.679317371370351,0,0.252803738317757,23.3,2919,1
6825,Arnhem,1.8,1.00388429681884,0.647035415837644,0,0.239898989898989,5.9,2261,1
6826,Arnhem,1.8,0.580561217541248,0.729775123635345,0,0.213263358778625,5.9,2397,1
6827,Arnhem,1.6,0.73362718637322,0.539354838709677,0.0893105198482662,0.20242914979757,11.5,1698,1
6828,Arnhem,1.5,0.492501865231705,0.745620833979228,0.538095839791953,0.235928143712574,7.5,3965,1
6831,Arnhem,1.5,0.631986632321967,0.843942992874109,0,0.263085399449035,3,1925,1
6832,Arnhem,2.1,0.776989772497417,0.817038711500423,0,0.237391304347826,6.7,2371,1
6833,Arnhem,2,0.813756625904697,0.875401069518716,0,0.236058059587471,11.1,2146,1
6834,Arnhem,2.1,0.703031642488912,0.916756465517241,0,0.244444444444444,3.5,1436,1
6835,Arnhem,2,0.901391812330272,0.663944993553932,0,0.245755138516532,12.1,1782,1
6836,Arnhem,2.3,1.08516782229626,0.799971052250687,0,0.329905741216795,19.7,1481,1
6841,Arnhem,2.1,0.726310706107447,0.672723560636994,0.00328693001359357,0.240860215053763,10.6,1775,1
6842,Arnhem,2.3,1.17662360039308,0.57745925780483,0,0.27147766323024,26.7,1398,1
6843,Arnhem,2,0.916753034830698,0.722834067547724,0,0.261625176139032,10.7,1863,1
6844,Arnhem,2.1,0.932931125989798,0.790231241151486,0,0.275990099009901,10.6,2198,1
6845,Arnhem,2.1,1.01120624151777,0.67765748031496,0,0.279647435897435,12,1693,1
6846,Arnhem,2.7,1.10794822625286,0.830867475973697,0,0.232091690544412,35.1,1488,1
6851,Lingewaard,2.2,1.0887122398523,0.737663299307134,0,0.283605693199789,21.7,1181,1
6852,Lingewaard,2.4,1.15478684213504,0.737408036219581,0,0.257170636849781,21.6,1522,1
6861,Renkum,2,1.03081652439073,0.716370220470763,0,0.3006300630063,26.6,940,1
6862,Renkum,2.1,1.13847830989674,0.720736559637272,0,0.306068601583113,30.8,1033,1
6865,Renkum,1.8,1.22378496758497,0.885227850245637,0,0.294117647058823,15.2,797,1
6866,Renkum,1.9,1.03133843923514,0.797194719471947,0,0.291960507757404,18.9,970,1
6869,Renkum,2.2,1.24019998418066,0.774571686203787,0,0.388489208633093,31.9,364,1
6871,Renkum,2.1,1.4827748627556,0.640417746607714,0,0.298630136986301,19.9,1101,1
6874,Renkum,2.1,1.22378496758497,0.874047066622472,0,0.343085106382978,26.9,185,1
6877,Ede,3,1.22378496758497,1,0,0.214285714285714,22,2,0
6881,Rheden,1.9,1.02428931947358,0.629817780231916,0.0717144652457566,0.258317025440313,28.4,1800,1
6882,Rheden,1.9,0.808014857295091,0.595073707781302,0,0.263238679969301,6.8,2550,1
6883,Rheden,1.8,1.22378496758497,0.626008064516129,0,0.242822966507177,14.4,1638,1
6891,Rozendaal,2.4,1.37254056896128,0.813850191802947,0,0.318801089918256,52.1,953,0
6901,Zevenaar,1.8,0.921210048027146,0.715074798619102,0.373168585767987,0.248322147651006,9.7,1849,1
6902,Zevenaar,2.3,1.22378496758497,0.700245468277945,0,0.258620689655172,17.5,908,1
6903,Zevenaar,2.2,1.22378496758497,0.699021757463315,0,0.256954612005856,14.2,1533,0
6904,Zevenaar,2.1,1.07245237675511,0.641102099236641,0,0.273300630693763,11.6,1756,1
6905,Zevenaar,2.7,1.35442277687426,0.883015790644228,0,0.257231404958677,31.2,514,1
6909,Zevenaar,2.2,1.25882784920777,0.790906371522584,0,0.321336760925449,17.2,220,1
6911,Zevenaar,2.3,1.41467893179644,0.855206611570247,0,0.302658486707566,18.1,298,1
6913,Zevenaar,2.4,1.4744730445451,0.963670237540754,0,0.337349397590361,23.5,90,1
6914,Zevenaar,2.3,1.41275827584429,0.905532114392873,0,0.289592760180995,19.1,138,0
6915,Zevenaar,2.1,1.00211544579781,0.845930676439151,0,0.279146141215106,10.7,570,1
6916,Zevenaar,2.2,1.22378496758497,0.816721527320605,0,0.290492957746478,15.2,495,0
6917,Zevenaar,2.1,1.22378496758497,0.850274145929987,0,0.3375,10.3,99,1
6921,Duiven,2.2,1.17497772191342,0.737685113828081,0,0.301302358324533,19.1,1289,1
6922,Duiven,2.2,1.16511849086804,0.73755493766257,0,0.33869885982562,23.9,1267,1
6923,Duiven,2.6,1.46350230733416,0.931555799890049,0,0.329207920792079,33.8,304,0
6924,Duiven,2.6,1.45249808406731,0.887802227655528,0,0.333333333333333,32.9,170,0
6931,Westervoort,2.2,0.99483122617948,0.778786722624952,0,0.263057324840764,17.2,1103,1
6932,Westervoort,2.2,1.15055463887644,0.796973378990389,0,0.29931506849315,14.3,1236,1
6941,Montferland,2.3,1.24229430332612,0.876048939850105,0,0.292323869610935,19.3,896,0
6942,Montferland,2.3,1.24691633631759,0.789417613636363,0,0.283293932230102,18.9,1051,1
6951,Rheden,2.1,1.03047839010358,0.749109986884017,0,0.285316631871955,10.1,1389,1
6952,Rheden,2.1,1.0243067819752,0.686700955180014,0,0.267058823529411,12.6,1378,1
6953,Rheden,2,1.07283366891183,0.815485564304462,0,0.312958435207823,23,834,1
6955,Rheden,2.1,1.35305481847025,0.858932461873638,0,0.325242718446601,30,152,0
6956,Rheden,2.4,1.60691886119866,0.84765625,0,0.344086021505376,22.1,627,1
6957,Rheden,2,1.19571504009974,0.917714014702395,0,0.351648351648351,24.8,143,0
6961,Brummen,2.2,1.36679622572249,0.765046696644759,0,0.283406754772393,18.9,955,1
6964,Brummen,2.4,1.63328900666638,0.973921878527884,0,0.363636363636363,34.2,56,1
6971,Brummen,2.1,1.25010417443156,0.88644022105405,0,0.295667447306791,18.2,786,1
6974,Brummen,2.4,1.22378496758497,0.926070038910505,0,0.3125,21.3,107,1
6975,Brummen,2.6,1.51005724576868,0.993512974051896,0,0.333333333333333,45,22,0
6981,Doesburg,1.8,0.970637503419238,0.87503777576307,0.00725263339664997,0.31081081081081,12,994,1
6982,Doesburg,2,1.07451068553102,0.830166821130676,0,0.288421052631578,7.4,927,1
6983,Doesburg,2.3,1.37351624330606,0.79599296060647,0,0.314883148831488,18.8,763,1
6984,Doesburg,2.2,1.62807226426782,0.923826796644751,0,0.357142857142857,22,233,0
6986,Zevenaar,2.3,1.68904683851687,0.925789120214909,0,0.332116788321167,26.1,430,0
6987,Zevenaar,2.2,1.40730509668248,0.819461697722567,0,0.325278810408922,20.2,353,1
6988,Zevenaar,2,1.57820630136381,0.964285714285714,0,0.406844106463878,23.9,266,1
6991,Rheden,2.1,1.01392106970809,0.778099838969404,0,0.287078294080203,15.7,1049,1
6994,Rheden,2.1,1.18219025634886,0.908549046321525,0,0.336448598130841,22.7,158,1
6996,Bronckhorst,2.4,1.48705802882589,0.906371191135734,0,0.33434650455927,22.7,121,0
6997,Bronckhorst,2.1,1.24908483701019,0.93533969010727,0,0.294736842105263,24,78,1
6998,Bronckhorst,2.2,1.6920392663315,0.969844195007538,0,0.309734513274336,33.1,103,0
6999,Bronckhorst,2.2,1.44279891968781,0.942424879176297,0,0.307210031347962,24.9,150,1
7001,Doetinchem,1.7,0.846243775291928,0.586355785837651,0.847800448525972,0.254237288135593,12.4,1951,1
7002,Doetinchem,1.9,0.83759641736826,0.838074623788909,0,0.247328244274809,7.5,1522,1
7003,Doetinchem,2.1,1.00825054922447,0.535683576956147,0,0.259896729776247,13.7,1454,1
7004,Doetinchem,2.4,1.33200007908052,0.901895596383785,0,0.28066528066528,23.7,490,1
7005,Doetinchem,1.8,0.943648177071592,0.716676999380037,0.0800468286046907,0.229946524064171,16.8,1221,1
7006,Doetinchem,2.2,1.21813509471642,0.659903054897982,0.0448407079885241,0.298334174659263,17.4,1248,0
7007,Doetinchem,2.4,1.17110982141429,0.675581824898411,0,0.290878754171301,22.7,1084,1
7008,Doetinchem,2.2,0.922006233835714,0.757486788021139,0,0.293785310734463,25.7,749,1
7009,Doetinchem,2.3,1.15580206215707,0.728448275862069,0,0.269203664552501,15.2,1367,1
7011,Doetinchem,2.2,1.31190280800888,0.811568732329792,0,0.285340314136125,16.2,764,0
7021,Bronckhorst,2.3,1.34446214814194,0.90228855721393,0,0.308262108262108,19.9,564,1
7025,Bronckhorst,2.4,1.50368148825592,0.966003820771101,0,0.343115124153498,25.5,66,1
7031,Doetinchem,2.3,1.32628138154142,0.870044967139398,0,0.312896405919661,22.9,505,1
7035,Montferland,2.4,1.49554705594258,0.887112403100775,0,0.350819672131147,25,154,1
7036,Montferland,2.7,1.94123972548383,0.974352527030425,0,0.404494382022471,43.6,58,1
7037,Montferland,2.3,1.4439013788142,0.888096486628211,0,0.329113924050632,23.4,205,1
7038,Montferland,2.1,1.20136136783053,0.851719745222929,0,0.305301645338208,18.7,372,1
7039,Montferland,2.4,1.40993558421266,0.859687585639901,0,0.36864406779661,26.3,180,1
7041,Montferland,2.1,1.12571278297567,0.755490402168501,0,0.281871345029239,10.8,997,1
7044,Montferland,2.6,1.57245455092039,0.950293300401358,0,0.347368421052631,27.1,539,1
7045,Montferland,2.4,1.42604605350706,0.946901533392472,0,0.339622641509433,25.9,70,1
7046,Montferland,2.9,1.52552930905926,0.998108747044917,0,0.285714285714285,22,11,0
7047,Montferland,2.2,1.27519375177411,0.914878566375854,0,0.350230414746543,22.2,175,1
7048,Montferland,2.9,1.78142432982756,0.988925802879291,0,0.264705882352941,22,95,1
7051,Oude IJsselstreek,2.2,1.30036412295866,0.82856255499767,0,0.262295081967213,15.2,633,1
7054,Oude IJsselstreek,2.4,1.592083617408,0.964830128524459,0,0.333333333333333,25.7,77,1
7055,Oude IJsselstreek,2.5,1.58973655499736,0.98469131671407,0,0.347619047619047,28.6,44,0
7061,Oude IJsselstreek,2.1,1.16870284172955,0.825176452338478,0,0.283648498331479,11.5,801,1
7064,Oude IJsselstreek,2.1,1.28636115429866,0.84322319622387,0,0.305480682839173,15.2,573,1
7065,Oude IJsselstreek,2.3,1.47661866286726,0.986553911205074,0,0.353846153846153,27.8,37,0
7071,Oude IJsselstreek,2.2,1.18374874252296,0.789510587575375,0,0.285579196217494,14.5,1037,1
7075,Oude IJsselstreek,2.3,1.21439421200213,0.916763249394162,0,0.336134453781512,22.3,297,1
7076,Oude IJsselstreek,2.6,1.47761525976715,0.919867366675877,0,0.294117647058823,21.4,302,1
7077,Oude IJsselstreek,2.5,1.5987599792553,0.952564411268962,0,0.298969072164948,24.9,57,0
7078,Oude IJsselstreek,2.5,1.35401872818271,0.964610469402801,0,0.328358208955223,23.2,89,0
7081,Oude IJsselstreek,2.2,1.18988467093998,0.873973925639787,0,0.294857142857142,14.2,617,0
7083,Oude IJsselstreek,2.7,1.47436196929022,0.997737044580221,0,0.327272727272727,38.5,35,0
7084,Oude IJsselstreek,2.5,1.41085513669515,0.961477362986497,0,0.333333333333333,26.1,106,1
7091,Aalten,2.2,1.19742752028795,0.745419922516251,0,0.29126213592233,12.6,894,1
7095,Aalten,2.5,1.48979396325488,0.973019517795637,0,0.325791855203619,27.2,86,1
7101,Winterswijk,2,1.03293841579208,0.686974267084764,0,0.273459524768425,13.2,1633,1
7102,Winterswijk,2.1,1.05184082856176,0.817309311331874,0,0.28129205921938,11.7,1042,0
7103,Winterswijk,2.2,1.06073282024498,0.722719325311117,0,0.268417680973734,14.9,1454,1
7104,Winterswijk,2.5,1.46186239946809,0.969447287615148,0,0.313333333333333,30.8,61,0
7105,Winterswijk,2.6,1.40622937559957,0.992639630538317,0,0.309523809523809,28.4,32,0
7106,Winterswijk,2.3,1.52912216663104,0.995271867612293,0,0.35820895522388,27.1,15,0
7107,Winterswijk,2.3,1.59440944384988,0.963823722867792,0,0.335766423357664,29.6,51,0
7108,Winterswijk,2.6,1.45457545016243,0.989322734003585,0,0.275280898876404,30.8,24,0
7109,Winterswijk,2.5,1.49481772572704,0.977723130334153,0,0.336,26.1,45,0
7113,Winterswijk,2.5,1.66876329918984,0.9881993006993,0,0.31578947368421,22.4,86,0
7115,Winterswijk,2.2,1.352821412333,0.978968253968253,0,0.366666666666666,22.4,38,0
7119,Winterswijk,2.4,1.36551163682669,0.991589799240368,0,0.392156862745098,35,20,0
7121,Aalten,2.2,1.16492698965038,0.897417897692589,0,0.27732667083073,15.6,970,0
7122,Aalten,2.4,1.23588735266574,0.906771091077307,0,0.281288723667905,20.1,665,0
7123,Aalten,2.5,1.35831768680718,0.769411764705882,0,0.366906474820143,22.1,742,1
7126,Aalten,2.2,1.17401110385002,0.786017641293694,0,0.308196721311475,14.4,240,1
7131,Oost Gelre,2.2,1.1927506770008,0.803817412442603,0,0.255511022044088,15.5,982,1
7132,Oost Gelre,2.6,1.40407122244491,0.704747493852846,0,0.284789644012945,30.5,728,1
7134,Oost Gelre,2.7,1.53389428287174,0.954261389366905,0,0.287553648068669,35.9,91,0
7135,Oost Gelre,2.5,1.50890119144657,0.945354673738043,0,0.276119402985074,29.5,118,0
7136,Oost Gelre,2.4,1.4732391501898,0.942241669471558,0,0.325814536340852,28,137,1
7137,Oost Gelre,2.5,1.54388826040367,0.962288686605981,0,0.321299638989169,28.4,108,1
7141,Oost Gelre,2.1,1.10835401201945,0.779049142698153,0,0.296238244514106,17.8,924,1
7142,Oost Gelre,2.7,1.47667431661541,0.975922771152754,0,0.297029702970297,36,22,0
7151,Berkelland,2.2,1.20677880638877,0.81939586645469,0,0.271327774214239,13.5,1004,0
7152,Berkelland,2.3,1.34011760134699,0.942009738822487,0,0.314842578710644,22.2,600,0
7156,Berkelland,2.5,1.43970945402977,0.964690968679466,0,0.299295774647887,27.2,143,1
7157,Berkelland,2.4,1.5449112449489,0.972450876261285,0,0.310344827586206,25.7,68,1
7161,Berkelland,2.2,1.30271636640503,0.875312113964307,0,0.299784714747039,16.1,763,0
7165,Berkelland,2.5,1.65437304898086,0.950102161522744,0,0.300970873786407,30.2,81,0
7201,Zutphen,1.6,0.730008689151094,0.812276519666269,0,0.275043936731107,10.9,2450,1
7202,Zutphen,1.8,0.897503632044556,0.73165040305473,0,0.266288951841359,17.5,1318,0
7203,Zutphen,2.1,0.930234935432722,0.769013666072489,0,0.257828810020876,15.1,1182,1
7204,Zutphen,1.9,0.822791912481926,0.845860358641739,0,0.282818043588444,8.2,2438,1
7205,Zutphen,2.2,1.15899451532821,0.897659732540861,0,0.365010799136069,18.1,778,0
7206,Zutphen,2.1,0.9920241329341,0.770232925384919,0,0.268461538461538,10.6,1404,1
7207,Zutphen,2.5,1.27814421850738,0.782944874005673,0,0.321808510638297,26,1039,1
7211,Lochem,2.2,1.2122898968754,0.893223951941089,0,0.313940724478594,19.9,394,1
7213,Lochem,2.1,1.28785325971676,0.881154499151103,0,0.286072772898368,26.1,442,1
7214,Lochem,2.3,1.46606492604694,0.911883252258512,0,0.303614457831325,34.1,199,1
7215,Lochem,2.4,1.56400536515179,0.995414081467493,0,0.345679012345679,44.3,49,1
7216,Lochem,2.4,1.9412795628867,0.997970916469394,0,0.322033898305084,39.7,40,0
7217,Lochem,2.3,1.55423607487784,0.956688252907179,0,0.338888888888888,27.7,111,0
7218,Lochem,2.2,1.40676674088885,0.955578947368421,0,0.318548387096774,25.6,90,1
7221,Bronckhorst,2.2,1.31881482382965,0.886911434977578,0,0.306122448979591,19.4,264,1
7223,Bronckhorst,2.3,1.4513990388728,0.950459490862997,0,0.358851674641148,26.1,72,0
7224,Bronckhorst,2.2,1.35858973631651,0.995230524642289,0,0.299393414211438,22,13,0
7225,Bronckhorst,2.3,1.06743196550452,0.963006690279417,0,0.306122448979591,25.9,70,0
7226,Bronckhorst,1.9,1.29408938348494,0.980678233438485,0,0.44,22,64,0
7227,Bronckhorst,2.5,1.77857817317937,0.954469038946483,0,0.298342541436464,28.4,49,1
7231,Zutphen,2.2,1.17634367901364,0.852802246904123,0,0.290840415486307,21.7,1248,0
7232,Zutphen,2.2,1.15031335312501,0.746702436843282,0,0.289137380191693,17.4,1438,1
7233,Bronckhorst,2.3,1.2497486653282,0.989314115308151,0,0.333333333333333,37.8,40,1
7234,Bronckhorst,2.3,1.27953511916621,0.924208977189109,0,0.296,22.6,77,1
7241,Lochem,2.1,1.17698007102731,0.845520958933257,0,0.286148238153098,22.9,908,1
7242,Lochem,2.2,1.11469572668993,0.682484900776531,0,0.260676156583629,13.1,1329,1
7244,Lochem,2.3,1.59204275301412,0.964509532291048,0,0.314447592067988,25.2,100,1
7245,Lochem,2.4,1.44391844633752,0.964300610937998,0,0.314385150812065,29.3,173,1
7251,Bronckhorst,2.2,1.26745314533019,0.906873002368415,0,0.303135888501742,21.7,499,1
7255,Bronckhorst,2.2,1.30534755961014,0.916924108532701,0,0.306938159879336,21.2,491,0
7256,Bronckhorst,2.3,1.37900828927674,0.902568517721337,0,0.301038062283737,23.2,185,1
7261,Berkelland,2.3,1.36393818330953,0.919820662937732,0,0.304123711340206,20,519,0
7263,Oost Gelre,2.6,1.58016560572858,0.952772618731759,0,0.301075268817204,23.8,71,1
7271,Berkelland,2.2,0.925611628400408,0.811486741234133,0,0.283903675538656,15.6,789,1
7273,Berkelland,2.3,1.49846609591947,0.955302038526276,0,0.328671328671328,25.3,60,1
7274,Berkelland,2.5,1.55627109466079,0.967125657847307,0,0.322097378277153,29.9,86,1
7275,Berkelland,2.4,1.79372546439296,0.97774837623286,0,0.323076923076923,31.3,47,1
7311,Apeldoorn,1.6,0.675930109792463,0.428746252218075,0.942920182083616,0.231779085559076,10.3,3319,1
7312,Apeldoorn,2.1,0.96711022842208,0.64860031104199,0.365783479199136,0.283602771362586,16.4,1821,1
7313,Apeldoorn,2.4,1.22378496758497,0.902799166591176,0.0411398755769616,0.331168831168831,55.8,853,1
7314,Apeldoorn,2,1.00857238455126,0.596063995469347,0.74005450769426,0.274317704688593,24.5,2246,1
7315,Apeldoorn,2,1.12803200602314,0.610813385732999,0.0201783826762014,0.28498985801217,22.2,1719,1
7316,Apeldoorn,2.1,0.96035261327353,0.656434743065029,0.109889158295808,0.276190476190476,23.6,1828,1
7317,Apeldoorn,2.3,0.803243772690366,0.673781016831511,0.0882479182762468,0.237037037037037,24.7,1331,1
7321,Apeldoorn,2.1,0.9550829023271,0.660801759472158,0.0928139183055975,0.311948676824378,24.7,2406,1
7322,Apeldoorn,2.2,1.00350154611292,0.660389316432775,0.102883680295072,0.26488706365503,14.7,2145,1
7323,Apeldoorn,2.4,0.888879364948732,0.674142736760225,0.00375,0.229520028870443,18.2,1689,1
7324,Apeldoorn,2.5,1.22378496758497,0.809539129735381,0,0.164150943396226,36.6,746,1
7325,Apeldoorn,2.4,1.11077817993716,0.780255305039787,0,0.318785578747628,31.1,1540,1
7326,Apeldoorn,2.3,1.08299042366623,0.68365036231884,0,0.254658385093167,13.2,1698,1
7327,Apeldoorn,2.4,1.07391823257176,0.73665737586456,0,0.255978742249778,15.4,1442,1
7328,Apeldoorn,2.1,0.938309178840482,0.797158858079497,0,0.270588235294117,11.9,2000,1
7329,Apeldoorn,1.8,0.842001316945574,0.655856727976766,0,0.261818181818181,11,2134,1
7331,Apeldoorn,1.9,0.901976431609961,0.61873915558126,0.046872444156343,0.28393966282165,10.3,2903,1
7332,Apeldoorn,2.7,1.05866572546341,0.704560475875743,0,0.266666666666666,25.5,2062,1
7333,Apeldoorn,2,1.22378496758497,0.764649128449218,0,0.258409785932721,9.4,1787,1
7334,Apeldoorn,2.3,0.97887806340464,0.713135379969803,0,0.280075187969924,23.6,1688,1
7335,Apeldoorn,2.1,0.961771120273198,0.662327599566093,0,0.290472501936483,15.6,2245,1
7336,Apeldoorn,1.6,0.630973135254092,0.733591500347532,0,0.2,12,1590,1
7339,Apeldoorn,2.3,1.11674615463778,0.796547643906173,0,0.276898734177215,27,787,1
7341,Apeldoorn,2.8,1.67497909596654,0.987742407610684,0,0.331775700934579,37.9,65,0
7345,Apeldoorn,2.4,1.54463784285831,0.966482702920985,0,0.359090909090909,34.8,190,1
7346,Apeldoorn,2.1,1.66755563498631,0.99049504950495,0,0.294117647058823,31.9,35,0
7348,Apeldoorn,2.1,1.81354299678135,0.903365906623235,0,0.472726443491745,22,17,0
7351,Apeldoorn,2,1.33304495217182,0.956115779645191,0,0.334586466165413,24.5,121,1
7352,Ede,2.3,1.51350522837672,0.864406779661017,0,0.364381481332847,22,87,0
7361,Apeldoorn,2,1.19940821986621,0.92573846664454,0,0.307459677419354,23,319,1
7364,Apeldoorn,2.6,1.59068329430794,0.925507614213197,0,0.31578947368421,31.2,127,1
7371,Apeldoorn,2.1,1.30938550726626,0.895924967658473,0,0.327300150829562,23.4,262,1
7381,Apeldoorn,2.5,1.58126232927537,0.961607504777346,0,0.34090909090909,32.7,129,0
7382,Voorst,2.5,1.38781251877571,0.933393339333933,0,0.295819935691318,30.8,131,1
7383,Voorst,2.3,1.39072544087596,0.943219339622641,0,0.290145985401459,24.1,200,1
7384,Voorst,2.5,1.5264033345593,0.92398503857243,0,0.332236842105263,30,118,1
7391,Voorst,2.2,1.14088665508604,0.775495343578737,0,0.263673469387755,19.4,1003,1
7392,Voorst,2.9,1.38947368421052,0.830314585319351,0,0.235537190082644,45.3,482,1
7395,Voorst,2.4,1.31130948221275,0.930540037243947,0,0.262886597938144,26.4,104,1
7396,Voorst,2.5,1.31281520754044,0.928824833702882,0,0.303149606299212,28.6,114,0
7397,Voorst,2.7,1.22378496758497,0.982152894884766,0,0.296052631578947,33.1,29,1
7399,Brummen,2.6,1.55292889660917,0.973027646662171,0,0.378787878787878,36.7,54,0
7411,Deventer,1.5,0.540434266941789,0.565953901693973,0,0.245081506464305,12.3,2824,1
7412,Deventer,1.9,0.837083656313296,0.818395434709634,0,0.281462585034013,11.1,2397,1
7413,Deventer,1.9,0.726242993612988,0.843123378155225,0,0.275312066574202,11.8,3664,1
7414,Deventer,2,0.848391724004928,0.799925622908144,0,0.262371615312791,10.9,1748,1
7415,Deventer,2,0.785338462974859,0.763466042154566,0,0.216552832462836,9.5,2462,1
7416,Deventer,2,0.848038039216082,0.734075211051419,0,0.272069464544139,8.9,2470,1
7417,Deventer,2,0.771923777391873,0.865035317860746,0,0.2353515625,8.3,1772,1
7418,Deventer,1.9,1.04394423106429,0.603902136884484,0,0.318435754189944,30,836,1
7419,Deventer,2.3,1.06801463256024,0.8775628068149,0.0446669440738643,0.292576419213973,20.3,1177,0
7421,Deventer,2.4,1.17257724701818,0.718560074801309,0,0.319498069498069,22.3,1082,1
7422,Deventer,2.1,1.02921466492511,0.767574257425742,0,0.291220556745182,13.6,1513,1
7423,Deventer,2.2,1.04881489037272,0.704945168632319,0,0.275716694772344,11.3,1612,1
7424,Deventer,2.8,1.22749709503357,0.860091287953959,0,0.306315789473684,31,1357,1
7425,Deventer,2.6,1.27752039356548,0.797839669596526,0,0.333548804137039,33.3,1264,1
7426,Deventer,2.5,1.62457798855234,1,0,0.300189821762236,22,106,1
7427,Deventer,2,1.22378496758497,0.954545454545454,0,0.311461794019933,22,392,1
7428,Deventer,2.6,1.55917878526887,0.984931506849315,0,0.3125,22,40,0
7429,Deventer,1.9,1.04044387989861,0.708980418636056,0,0.221719457013574,12.8,1450,1
7431,Deventer,2.3,1.23832518504819,0.895405535334111,0,0.303153611393692,32.9,585,1
7433,Deventer,2.5,1.28724969362427,0.890912194844363,0,0.267106347897774,30.6,679,1
7434,Deventer,2.5,1.43073194599792,0.971524556071028,0,0.32312925170068,32.6,74,1
7435,Deventer,2.4,1.33619677904766,0.973311092577147,0,0.322222222222222,22.2,46,1
7437,Deventer,2.4,1.41536620987293,0.903635620915032,0,0.285342584562012,27,427,0
7439,Voorst,2.4,1.30258663712923,0.910045961917268,0,0.327586206896551,37.2,841,0
7441,Hellendoorn,2.4,1.04302347803679,0.755549539794261,0,0.266346153846153,26.4,1101,0
7442,Hellendoorn,2.1,1.03127730825381,0.713781784331977,0,0.247762600094206,10.8,1192,1
7443,Hellendoorn,2.5,1.365243616341,0.838091839162503,0,0.286572052401746,23.2,849,1
7447,Hellendoorn,2.5,1.37988215226229,0.932574192847048,0,0.271199388846447,25.1,382,1
7448,Hellendoorn,2.4,1.44811705104624,0.969529337081708,0,0.308612440191387,26,116,1
7451,Rijssen-Holten,2.3,1.39602010041066,0.923907392645478,0,0.284820031298904,25,468,1
7461,Rijssen-Holten,2.5,1.27119695733074,0.779493908153702,0,0.224663005491762,19.3,1326,1
7462,Rijssen-Holten,2.7,1.13627158005928,0.77647249891728,0,0.243955250811981,19.3,1518,1
7463,Rijssen-Holten,3.3,1.65515236561426,0.821566110397946,0,0.256951102588686,39.3,989,1
7466,Wierden,3,1.92993321660016,0.99818676337262,0,0.34375,58.1,57,1
7467,Wierden,3,1.6963063121018,0.96901519636866,0,0.333333333333333,40.6,49,1
7468,Wierden,2.6,1.34275094730735,0.870382351038364,0,0.263263935527199,29,519,1
7471,Hof van Twente,2.2,1.47857502843846,0.770614813619493,0,0.291512915129151,15.7,969,1
7472,Hof van Twente,2.6,2.28929013643534,0.77910447761194,0,0.317453025221665,22,220,1
7475,Hof van Twente,2.4,1.39317732001915,0.961688606445755,0,0.286006825938566,25.7,310,1
7478,Hof van Twente,2.2,1.38742079054319,0.94356120826709,0,0.305816135084427,21.4,224,0
7481,Haaksbergen,2.1,1.24154811294158,0.892531518026099,0,0.275342465753424,18.1,1065,0
7482,Haaksbergen,2.4,1.30824110506127,0.843130877047726,0,0.279236276849642,20.8,1024,1
7483,Haaksbergen,2.8,1.51860449136714,0.623730534867975,0,0.361301369863013,41.5,1084,1
7491,Hof van Twente,2.2,1.25300426366242,0.77625382623028,0,0.272912423625254,22.8,762,1
7495,Hof van Twente,2.7,1.58372898974652,0.991790842590084,0,0.329896907216494,38.2,56,0
7496,Hof van Twente,2.5,1.42019189838245,0.891961970613656,0,0.278867102396514,28.9,218,1
7497,Hof van Twente,2.6,1.39156505164037,0.941987786902505,0,0.28,31.5,98,0
7511,Enschede,1.4,0.392659509505125,0.469383160738406,0.310671462829736,0.167791706846673,4.7,4252,1
7512,Enschede,1.7,0.659531516212765,0.819146805527738,0.400305623471882,0.223220456116102,10.4,3740,1
7513,Enschede,1.7,0.561864559810487,0.644744160177975,0.156740077273615,0.21860465116279,11.4,3194,1
7514,Enschede,1.9,0.670703131192703,0.626392757660167,0.219844357976653,0.219754977029096,19.6,3593,1
7521,Enschede,1.8,0.66260141635802,0.738619101288773,0,0.245489338436304,8.1,1625,1
7522,Enschede,1.5,0.469982816263759,0.764499519040344,0,0.161514195583596,18.7,1417,1
7523,Enschede,1.9,0.765460799260235,0.812282964579819,0.000427426950839815,0.258486707566462,11.7,2490,1
7524,Enschede,2.5,1.32163118551779,0.917118441606174,0,0.303149606299212,36.3,381,0
7525,Enschede,2.7,1.68400117571888,0.988721804511278,0,0.31081081081081,41,123,0
7531,Enschede,2,0.974857165383108,0.785666740625693,0,0.25698988697204,15.2,2297,1
7532,Enschede,2.3,1.23438753733931,0.856452422796886,0,0.286516853932584,15.6,938,0
7533,Enschede,1.9,0.83147253586013,0.76042037762736,0,0.254132231404958,8.7,2566,1
7534,Enschede,2.4,1.14906892762937,0.842261731273681,0,0.296340973059911,16.4,1189,0
7535,Enschede,2.2,1.11315761173574,0.79757343550447,0.0164125731595755,0.28475935828877,21.9,1981,1
7536,Enschede,2.4,1.6132128265445,0.999110715873721,0,0.387596899224806,22,73,0
7541,Enschede,2.1,0.920026110173481,0.817158931082981,0,0.280314960629921,12.3,2327,1
7542,Enschede,2.3,1.10736429326737,0.807383627608346,0,0.260300533204071,14.2,1380,1
7543,Enschede,2,0.90795197457442,0.780276046304541,0,0.272370486656201,12.6,2479,1
7544,Enschede,2.2,0.887678563307449,0.810561316008225,0,0.258458646616541,8.9,2050,1
7545,Enschede,1.9,0.849244758586178,0.707245919735078,0,0.254441837076768,8.9,2546,1
7546,Enschede,2.3,1.23229761810855,0.858165342438768,0,0.288037166085946,19.3,1144,0
7547,Enschede,2.1,1.10022947759699,0.770618325406084,0,0.316239316239316,22.8,637,1
7548,Enschede,2.2,1.30498432836454,0.924726849364141,0,0.298377028714107,25.8,292,1
7551,Hengelo,1.6,0.703864048115067,0.557027752909579,0.390973324468775,0.236509758897818,10,3025,1
7552,Hengelo,2,0.915773079379837,0.803212851405622,0,0.251924721984602,12.3,1684,1
7553,Hengelo,1.9,1.03227900421534,0.702087286527514,0.0297797797797797,0.285859097820577,10,2173,1
7554,Hengelo,2.5,1.62430172665156,0.813111610685003,0,0.341137123745819,32.1,210,1
7555,Hengelo,2,1.10717570029955,0.694865211810012,0,0.280231335436382,14.9,1651,1
7556,Hengelo,2,1.22378496758497,0.71529540590314,0.00911557998747477,0.267577340297308,13.3,2288,1
7557,Hengelo,2,0.855434704218835,0.789376693766937,0,0.249884739511295,10.2,2531,1
7558,Hengelo,2.3,1.19668493547619,0.722904882647422,0,0.263507896924355,15.6,1354,1
7559,Hengelo,2.6,1.29589962162369,0.749321912919343,0,0.333179297597042,35.7,917,1
7561,Dinkelland,2.6,1.29189348027832,0.889144271570014,0,0.29,29.4,256,1
7562,Oldenzaal,2.4,1.24563220598189,0.989292758523527,0,0.333333333333333,22,38,0
7571,Oldenzaal,1.6,0.739104745887511,0.546978021978022,0.673902252057656,0.209591474245115,7.6,2282,1
7572,Oldenzaal,2.1,0.899543735264914,0.761105007063255,0.00752732522169519,0.28923988153998,14.6,2013,1
7573,Oldenzaal,2.1,1.12312599353389,0.658989343416981,0,0.27016129032258,28.2,1734,1
7574,Oldenzaal,2.1,1.04745812651264,0.796510623596476,0,0.276108726752503,10,870,1
7575,Oldenzaal,2.5,1.40596862721176,0.7254327563249,0,0.296296296296296,24.1,763,1
7576,Oldenzaal,2.3,0.945674787346332,0.812367100450795,0,0.264928511354079,13.7,1261,1
7577,Oldenzaal,2.5,1.29100992767811,0.709399313100161,0,0.29868154158215,27.4,1263,1
7581,Losser,2.3,1.14622433341072,0.763924592973436,0,0.258892128279883,16.4,1081,1
7582,Losser,2.3,1.21450566862837,0.772091343984114,0,0.275961538461538,19.2,1053,1
7585,Losser,2.3,1.55299452872704,0.961324156014421,0,0.333333333333333,20.6,124,1
7586,Losser,2.3,1.25122558010517,0.83959877889228,0,0.290556900726392,13.7,467,1
7587,Losser,2.4,1.43872275064417,0.925754213994767,0,0.297845373891001,29,237,1
7588,Losser,2.7,1.53863074485129,0.983725604616481,0,0.333333333333333,33.8,42,0
7591,Dinkelland,2.3,1.13845828143089,0.88227661751129,0,0.274634146341463,22.3,727,1
7595,Dinkelland,2.5,1.41314010429496,0.923194759917595,0,0.267628205128205,30.4,259,1
7596,Dinkelland,2.7,1.50609691640585,0.952860954639786,0,0.294243070362473,33.1,144,1
7597,Dinkelland,2.6,1.53217441974013,0.977679743710939,0,0.277777777777777,36.9,68,1
7601,Almelo,2,0.856834193363481,0.793341597308305,0,0.282106782106782,7.5,2221,1
7602,Almelo,2.2,1.04802251068838,0.720682880563647,0,0.26047220106626,17.9,1344,1
7603,Almelo,2.2,1.07090407219958,0.80701580045712,0,0.27076923076923,17,1291,1
7604,Almelo,2.1,0.908917853151795,0.790971413788643,0,0.257494235203689,8.5,1349,1
7605,Almelo,2.1,0.814682342998705,0.825224550898203,0,0.274873524451939,4.5,2570,1
7606,Almelo,2,0.870297452524362,0.804802389705882,0,0.269654665686994,5.2,2028,1
7607,Almelo,1.8,0.863757452441842,0.751616839536302,0.104916828237602,0.273772204806687,11.6,2243,0
7608,Almelo,2.3,1.20882103340268,0.756713211600429,0,0.257963212202781,13.6,1483,1
7609,Almelo,2.4,1.23401124701051,0.72217617807246,0,0.303871439006574,20.8,1060,1
7610,Almelo,2.9,1.19001607113054,0.996514161220043,0,0.179636048526863,22,97,1
7611,Almelo,2.5,1.47165603614602,0.830113786716062,0,0.330065359477124,25.4,249,1
7614,Tubbergen,2.3,1.39424481922915,0.762195121951219,0,0.3,26,307,1
7615,Tubbergen,2.7,1.48951241973788,0.894202032277346,0,0.280864197530864,31.4,165,1
7621,Borne,2.3,1.28666470118451,0.767484946734599,0,0.283431455004205,18.2,1248,1
7622,Borne,2,1.02578519796331,0.709961578108893,0,0.253998720409468,14.5,1634,1
7623,Borne,2.7,1.25440594438409,0.75,0,0.24703222159412,34.3,1028,1
7625,Borne,2.4,1.52999050498806,0.922203353852685,0,0.302405498281786,28.8,145,1
7626,Borne,2.9,1.4918606125839,0.959830866807611,0,0.267241379310344,35.5,154,1
7627,Almelo,2.7,1.46405407293968,0.952612501105118,0,0.267469879518072,33,131,1
7631,Dinkelland,2.3,1.31600435950806,0.707565035383235,0,0.278086763070077,25.2,598,1
7634,Dinkelland,2.6,1.42352343875862,0.960647838308124,0,0.298013245033112,37.4,62,1
7635,Dinkelland,2.7,1.49550078510708,0.981037856805452,0,0.317708333333333,34.6,51,1
7636,Dinkelland,2.9,1.59554811572754,0.99474930505508,0,0.264,47.9,81,1
7637,Dinkelland,2.7,1.35514123474284,0.988199535133202,0,0.3125,42.1,163,0
7638,Dinkelland,2.9,1.53461953488246,0.994891008174386,0,0.323529411764705,22,15,1
7641,Wierden,2.4,1.3276163885546,0.813457751904802,0,0.281801582471089,25.2,929,0
7642,Wierden,2.4,1.33115957164704,0.873530904689391,0,0.243589743589743,23.7,893,1
7645,Wierden,2.7,1.43994357073568,0.974075807206364,0,0.29090909090909,36.5,75,0
7651,Tubbergen,2.3,1.16817870586185,0.834872105342818,0,0.255972696245733,24.6,589,1
7661,Tubbergen,2.5,1.22378496758497,0.931632319267255,0,0.266331658291457,29.5,110,1
7662,Tubbergen,2.7,1.53707424728595,0.952165156092648,0,0.309523809523809,22,13,0
7663,Tubbergen,2.8,1.45736092838025,0.994883040935672,0,0.285714285714285,41.2,40,0
7664,Tubbergen,2.6,1.49719610974687,0.975859987929994,0,0.32,25.1,36,0
7665,Tubbergen,2.6,1.53145325546881,0.91175370142712,0,0.301408450704225,30.6,237,0
7666,Tubbergen,2.8,1.5377617955474,0.927854885254912,0,0.296703296703296,38.1,61,1
7667,Tubbergen,2.5,1.43540249497808,0.947633051892609,0,0.295275590551181,28.1,80,1
7668,Tubbergen,2.6,1.05469892953361,0.992585102797438,0,0.233333333333333,22,24,0
7671,Twenterand,2.5,1.39244731292688,0.86522815705695,0,0.260698689956331,18.5,698,0
7672,Twenterand,2.9,1.43884778669993,0.732362182233647,0,0.283433133732534,32.3,825,1
7675,Twenterand,2.5,1.40002944069057,0.979166666666666,0,0.333333333333333,22,56,1
7676,Twenterand,2.4,1.29534620556032,0.889228147411773,0,0.282485875706214,13.2,361,1
7678,Tubbergen,2.6,1.43693658469693,0.909569513627343,0,0.287878787878787,29.5,252,0
7679,Tubbergen,2.6,1.43945378252695,0.935648210215846,0,0.310077519379844,26.1,79,1
7681,Twenterand,2.4,1.25688823532807,0.813684334418768,0,0.260942760942761,13.7,764,1
7683,Twenterand,2.5,1.50131612760666,0.909444325558171,0,0.274166666666666,23,370,1
7685,Ommen,2.8,1.6272201456726,0.910960757780784,0,0.284360189573459,25.9,67,1
7686,Twenterand,3,1.69650884827579,0.946845289541918,0,0.347826086956521,33.9,161,0
7687,Hellendoorn,2.6,1.33567843808578,0.896130875097377,0,0.289795918367346,20.8,182,1
7688,Hellendoorn,2.8,1.70763181855603,0.961208840775823,0,0.268292682926829,24.8,78,1
7691,Hardenberg,2.6,1.48293002431555,0.906688275260238,0,0.253501400560224,20.1,255,1
7692,Hardenberg,2.9,1.92791363779706,0.94335639732614,0,0.236842105263157,25.9,118,1
7693,Hardenberg,2.7,1.60149261185948,0.929444530403837,0,0.304794520547945,24,150,0
7694,Hardenberg,2.5,1.44837564647407,0.882773528433654,0,0.296178343949044,20.4,144,1
7695,Hardenberg,2.7,1.62309971023958,0.968540694134361,0,0.303167420814479,23.6,60,1
7696,Hardenberg,2.8,1.64346045450976,0.995302223614156,0,0.3125,32.4,50,1
7701,Hardenberg,2.3,1.25448904513579,0.865567070500656,0,0.274120082815734,17.2,842,1
7702,Hardenberg,2.6,1.54173208518375,0.781475318912922,0,0.282828282828282,23.6,719,1
7705,De Wolden,2.4,1.86025927034478,0.944903581267217,0,0.283783783783783,30.1,40,0
7707,Hardenberg,2.4,1.53619314541508,0.920119447555057,0,0.292134831460674,23.8,221,0
7711,Dalfsen,2.4,1.42661855486928,0.882733848108689,0,0.27367870225013,20.2,492,0
7715,Staphorst,2.9,1.57121324824003,0.944930069930069,0,0.23469387755102,33,45,0
7721,Dalfsen,2.2,1.17825580805069,0.756861695006024,0,0.245322245322245,17.5,940,1
7722,Dalfsen,2.6,1.52664773204753,0.963750299454048,0,0.312192118226601,33.3,238,1
7731,Ommen,2.2,1.17829923021825,0.852967328174956,0,0.258472846059616,17.6,724,1
7732,Ommen,3.2,1.5421440171358,0.914345991561181,0,0.206730769230769,38.6,426,1
7734,Ommen,2.3,1.42543541697682,0.976871045166921,0,0.311688311688311,21.5,47,0
7735,Ommen,2.9,1.33038315200545,0.996269584680427,0,0.266666666666666,40.5,91,0
7736,Ommen,2.5,1.77756696881244,0.998220244716351,0,0.323529411764705,22,33,1
7737,Ommen,2,1.1276968853527,0.96206019499788,0,0.339285714285714,21.9,74,0
7738,Ommen,2.6,1.59869014993127,0.984558503697259,0,0.313432835820895,30,26,1
7739,Ommen,2.5,1.67242201624918,0.993931302342517,0,0.388235294117647,36.2,35,0
7741,Coevorden,2,1.08024392713338,0.821147454958894,0,0.288816503800217,9.7,884,1
7742,Coevorden,2.4,1.33670025383095,0.811367965044627,0,0.263473053892215,16.3,909,1
7751,Coevorden,2.2,1.42120185822695,0.940008422143759,0,0.296977660972404,24.5,324,1
7753,Coevorden,2.3,1.43512021006392,0.950907590759075,0,0.358778625954198,14.7,70,0
7754,Coevorden,2.5,1.60673343338129,0.987388024516737,0,0.342465753424657,33.8,34,0
7755,Coevorden,2.5,1.89109838810739,0.974102209944751,0,0.383561643835616,32.9,33,0
7756,Coevorden,2.4,1.32921354542999,0.993861956657898,0,0.404255319148936,22,63,0
7761,Emmen,2.3,1.38184213364852,0.890051395007342,0,0.279594137542277,16.8,412,0
7764,Emmen,2.3,1.29623978981818,0.875450334534225,0,0.297872340425531,13.4,128,0
7765,Emmen,2.3,1.46251378523315,0.872976520344173,0,0.318181818181818,16.7,123,1
7766,Emmen,2.4,1.42402718079186,0.874302874302874,0,0.323076923076923,22.6,92,1
7771,Hardenberg,2.3,1.15503977537044,0.835194942044257,0,0.236082474226804,14.1,910,1
7772,Hardenberg,2.1,1.09969465173033,0.772142552889393,0.0871244161671141,0.261394101876675,13.8,983,1
7773,Hardenberg,2.8,1.31318271666932,0.737378290659935,0,0.221111111111111,29.6,815,1
7775,Hardenberg,2.5,1.50690493778546,0.94004491017964,0,0.293689320388349,18.5,123,0
7776,Hardenberg,2.4,1.30357909290113,0.870633561643835,0,0.261205564142194,16.7,358,1
7777,Hardenberg,2.7,1.64478917668972,0.928241523037062,0,0.32994923857868,28.2,77,0
7778,Hardenberg,2.5,1.66086331685324,0.996109746109746,0,0.292682926829268,22,55,0
7779,Hardenberg,2.6,1.57470538532146,0.974786028221142,0,0.434782608695652,22,12,0
7781,Hardenberg,2.8,1.61222192766067,0.967126623376623,0,0.313725490196078,22,48,1
7782,Hardenberg,2.4,1.51829358173942,0.919677623834103,0,0.269230769230769,16.1,178,1
7783,Hardenberg,2.3,1.29991554180489,0.798715677590788,0,0.277777777777777,18.4,421,1
7784,Hardenberg,2.9,1.72463648575468,0.983211018397506,0,0.306306306306306,38.6,39,0
7785,Hardenberg,3.4,1.22378496758497,0.994197292069632,0,0.32703488372093,22,25,0
7786,Hardenberg,2.5,1.58294245240024,0.997605937275556,0,0.342105263157894,22,66,0
7787,Hardenberg,2.6,1.57962712662648,0.996053997923156,0,0.342857142857142,22,31,0
7788,Hardenberg,2.3,1.43446136088319,0.990984028851107,0,0.4375,22,17,1
7791,Hardenberg,2.6,1.64689643114459,0.98996859734822,0,0.358974358974359,26,23,0
7792,Hardenberg,2.9,2.19888292443813,0.998423334647221,0,0.428571428571428,22,21,0
7793,Hardenberg,2.8,1.80583747787062,0.965867689357622,0,0.314606741573033,33.3,106,0
7794,Hardenberg,2.9,1.49487625793388,0.995106649937264,0,0.307692307692307,22,45,1
7795,Hardenberg,2.7,1.3290268603234,0.992921013412816,0,0.275862068965517,22,18,0
7796,Hardenberg,2.8,1.82190172552524,0.993017382261179,0,0.209302325581395,28.3,77,1
7797,Hardenberg,2.7,1.68813166755117,0.987838031191873,0,0.330434782608695,31.7,34,0
7798,Hardenberg,2.9,1.62058187843511,0.997360316761988,0,0.32051282051282,39.2,115,0
7811,Emmen,1.5,0.753344051147358,0.731859949302915,0.206508305288249,0.197380729653882,6.7,1541,1
7812,Emmen,2,1.05150344966367,0.767451693374487,0,0.272773279352226,10.1,1253,1
7813,Emmen,2.8,1.45926420740843,0.87460468058191,0,0.261845386533665,32.2,354,0
7814,Emmen,2.4,1.49674780787892,0.959945475516409,0,0.257372654155496,24.8,260,1
7815,Emmen,1.9,0.928658561132368,0.827628993899286,0.0282669031892792,0.242298084929225,7.6,1344,1
7821,Emmen,2.3,1.22378496758497,0.629863502997831,0,0.290457561432885,22,684,1
7822,Emmen,2.1,1.02758397631202,0.753311053348186,0,0.268987341772151,21.5,1128,1
7823,Emmen,2,0.945216615797978,0.830601585014409,0,0.256223436551305,6.2,1498,1
7824,Emmen,1.9,0.844271547231593,0.778637992831541,0,0.262883235485975,4.8,1330,1
7825,Emmen,2.3,1.74331069710936,0.81001426081445,0,0.341463414634146,25,266,1
7826,Emmen,2.4,1.4034850013844,0.728349912229374,0,0.296482412060301,22.3,371,1
7827,Emmen,2.3,1.24225453597053,0.709852788467411,0,0.320837927232635,18.4,817,1
7828,Emmen,2.4,1.37990727455121,0.632115038945476,0,0.336470588235294,27,350,1
7831,Emmen,2.3,1.41948353410474,0.929990704159888,0,0.320474777448071,14.2,186,1
7833,Emmen,2.3,1.2584650515727,0.87174778083869,0,0.308589607635206,15.8,606,0
7841,Coevorden,2.2,0.996457846393785,0.910771992818671,0,0.269315673289183,19.3,301,0
7842,Coevorden,2,1.2261195705953,0.996208017334777,0,0.408263746651961,22,97,1
7843,Coevorden,2,1.4497532553409,0.980951210519847,0,0.347305389221556,18.1,110,1
7844,Emmen,2.2,1.60050221473628,0.862496897493174,0,0.280092592592592,10.5,617,1
7845,Coevorden,2.9,1.76375603870868,0.995926680244399,0,0.321428571428571,22,20,0
7846,Coevorden,2.5,1.3920916325721,0.981876439371182,0,0.338709677419354,33.8,51,1
7847,Coevorden,2.3,1.04831147428743,0.970868014268727,0,0.319148936170212,19,28,0
7848,Coevorden,2.1,1.53613960705349,0.854211663066954,0,0.277522935779816,12.5,274,1
7849,Coevorden,2.2,1.44012286863605,0.923692307692307,0,0.418918918918918,17,88,1
7851,Coevorden,2.3,1.22378496758497,0.978663355159178,0,0.36986301369863,29.3,160,0
7852,Coevorden,2.2,2.18437430271092,0.994900849858356,0,0.386363636363636,22,23,1
7853,Coevorden,2.2,2.17489878849841,0.97354694485842,0,0.4375,22,42,0
7854,Coevorden,2.1,1.22378496758497,0.878055633604945,0,0.25130890052356,17.5,271,0
7855,Coevorden,2.4,1.77330645264891,0.984757376590686,0,0.329113924050632,29.1,72,0
7856,Coevorden,2.5,1.9414255184778,0.992492492492492,0,0.38235294117647,22,20,0
7858,Borger-Odoorn,2.1,1.05355635666215,0.995137200416811,0,0.333333333333333,22,24,0
7859,Borger-Odoorn,2.5,2.18165651578405,1,0,0.428651201524169,22,17,0
7861,Coevorden,2.2,1.44046606687294,0.922362411951389,0,0.264550264550264,20.9,234,0
7863,Coevorden,2.3,1.22378496758497,0.957441992076966,0,0.305970149253731,21.9,85,1
7864,Coevorden,2.6,1.57093560659743,0.991281019450033,0,0.37037037037037,32.9,28,0
7871,Borger-Odoorn,2.2,1.39370205291816,0.929288103201146,0,0.317567567567567,16.8,127,1
7872,Borger-Odoorn,2.2,1.8248602740405,0.934670867186204,0,0.353909465020576,24.3,126,1
7873,Borger-Odoorn,2.2,1.48523019734461,0.883325404376784,0,0.267175572519084,20.1,254,0
7874,Borger-Odoorn,2.3,1.42001852873938,0.996595330739299,0,0.392405063291139,28.7,29,0
7875,Borger-Odoorn,2.1,1.01898247429771,0.936366073822504,0,0.317919075144508,20.9,186,1
7876,Borger-Odoorn,2.2,1.42727457943907,0.93904781683194,0,0.307580174927113,13.5,113,1
7877,Borger-Odoorn,2.2,1.60342008601535,0.965018094089264,0,0.4,22,49,0
7881,Emmen,2.2,1.24314602914587,0.905059122416334,0,0.320620555914673,12.9,380,1
7884,Emmen,2.3,1.36249398283967,0.948559348575007,0,0.288135593220338,13.5,163,1
7885,Emmen,2.4,1.41878321079808,0.915483279890059,0,0.332530120481927,18.8,211,1
7887,Emmen,2.3,1.36267171153359,0.888449504606292,0,0.293684210526315,18.3,355,1
7889,Emmen,2.2,1.55076156875451,0.869318181818181,0,0.37037037037037,22,18,0
7891,Emmen,2.2,1.17238617213988,0.810222459112968,0,0.271918678526048,13.7,855,1
7892,Emmen,2.5,1.34265649467043,0.893877551020408,0,0.407407407407407,22,463,1
7894,Emmen,2.4,1.3005487896098,0.881819187783556,0,0.306320907617504,13.8,326,0
7895,Emmen,2.4,1.58796886261805,0.957027242676393,0,0.348837209302325,18.1,53,0
7901,Hoogeveen,1.9,0.793885586016741,0.631067961165048,0,0.227474150664697,11.8,1839,1
7902,Hoogeveen,1.8,0.723709449584013,0.710109018830525,0,0.25248508946322,7.6,2020,1
7903,Hoogeveen,2.5,1.60994991439192,0.591460333501768,0,0.325,26.1,499,1
7904,Hoogeveen,2.3,1.07118194754878,0.723641006931776,0,0.245019920318725,7.4,1069,1
7905,Hoogeveen,2.1,1.22124177093575,0.676624433337207,0,0.242009132420091,9,1407,1
7906,Hoogeveen,1.9,0.941432956591443,0.806931429421389,0,0.263628966639544,6.1,2112,1
7907,Hoogeveen,1.9,1.11743207039577,0.834119867862199,0,0.247524752475247,9.6,1864,0
7908,Hoogeveen,2.5,1.34031547266223,0.69642748091603,0,0.266928789864569,20.7,1132,1
7909,Hoogeveen,2,1.36294695040274,0.703907203907204,0,0.233511586452762,13.9,1117,1
7910,Midden-Drenthe,3.1,1.99994532328173,0.998907700709994,0,0.25,22,15,0
7911,Hoogeveen,2.9,1.4686725928111,0.996859049862583,0,0.28125,26.9,72,1
7912,Hoogeveen,2.7,1.4380383935305,0.934275386132106,0,0.282442748091603,20.3,75,0
7913,Hoogeveen,2.5,1.39849072194394,0.869228138182647,0,0.26824644549763,17.1,394,1
7914,Hoogeveen,2.4,1.38228733667543,0.820150165880914,0,0.299479166666666,18.8,366,1
7915,Hoogeveen,1.7,0.614899162322508,1,0,0.4,22,53,0
7916,Hoogeveen,2.3,1.2687479599448,0.888556469708302,0,0.3099173553719,14.1,217,1
7917,Coevorden,2.4,1.58947886180902,0.923445767195767,0,0.328301886792452,18.8,80,0
7918,Hoogeveen,2.5,1.46858042259772,0.905632226781051,0,0.27208480565371,17.5,132,0
7921,De Wolden,2.3,1.30798615513932,0.89148103056826,0,0.269230769230769,23.2,548,1
7924,De Wolden,2.5,1.52810049887731,0.885887153510623,0,0.293023255813953,25.9,46,1
7925,De Wolden,2.6,1.62756505918306,0.991577624135763,0,0.366666666666666,33.5,19,0
7926,De Wolden,2.6,1.64024233656413,0.951354777372841,0,0.294416243654822,27,85,0
7927,De Wolden,2.5,1.64165242923375,0.840711175616836,0,0.286713286713286,22.5,84,0
7928,Midden-Drenthe,2.3,1.22378496758497,1,0,0.290457561432885,22,7,0
7929,Coevorden,2.5,1.65370619530518,1,0,0.399191218948584,22,20,0
7931,Hoogeveen,2.6,1.55183446395352,0.942966472303207,0,0.294871794871794,27.5,71,0
7932,De Wolden,2.4,1.33966594418785,0.946453546453546,0,0.32051282051282,26.2,49,0
7933,Hoogeveen,2.3,1.38387632032261,0.932990200930416,0,0.279279279279279,18.7,130,1
7934,Hoogeveen,2.4,1.66738422228589,0.944178334561532,0,0.328125,24.5,55,0
7935,De Wolden,2.9,1.31286302765196,0.997179125528914,0,0.25,22,93,1
7936,Hoogeveen,2.5,1.5736768559738,0.956793632745878,0,0.280254777070063,22.3,64,0
7937,Midden-Drenthe,2,1.39754170623467,0.987080103359173,0,0.290697674418604,22,15,0
7938,Midden-Drenthe,2.4,1.6689821564672,0.921357971637301,0,0.314432989690721,19,116,1
7941,Meppel,1.7,0.83915622462322,0.748008597799974,0.276773069056658,0.272300469483568,12.3,2094,1
7942,Meppel,2,1.00200684024022,0.792147806004619,0,0.243785084202085,8,1228,1
7943,Meppel,2.1,1.09052351555463,0.742763602348906,0.00524732386482893,0.290303390838786,21.5,955,1
7944,Meppel,2.4,1.07752941881943,0.731527627302275,0,0.253709909047391,20.8,1325,1
7946,Steenwijkerland,2.2,1.40810487592707,0.960318131821643,0,0.286549707602339,21.7,113,1
7948,Meppel,2.4,1.36878877057948,0.90926679234051,0,0.291201982651796,23.8,327,1
7949,Meppel,2.5,1.42537562514119,0.868634446967239,0,0.269230769230769,22,36,1
7951,Staphorst,2.8,1.46099416289007,0.901264653414882,0,0.232078853046594,25.4,497,1
7954,Staphorst,3.1,1.56788253648885,0.956967026287798,0,0.213942307692307,29.8,168,0
7955,Staphorst,2.1,1.48137301605776,0.916333435865887,0,0.333333333333333,22.3,170,0
7957,De Wolden,2.2,1.37391433952905,0.857223603888763,0,0.28380634390651,21.8,384,1
7958,De Wolden,2.3,1.46500842907223,0.958436651316566,0,0.307992202729044,22,122,1
7961,De Wolden,2.4,1.81591383833012,0.900947291717269,0,0.29709228824273,25.2,255,1
7963,De Wolden,2.1,1.34004896430927,0.94629551525376,0,0.296853625170998,20.3,298,1
7964,De Wolden,2.3,1.74407903995618,0.991880420741834,0,0.36986301369863,25.9,41,0
7965,Meppel,2.7,1.88976421205811,1,0,0.380952380952381,22,33,0
7966,Meppel,2,1.13729187118158,0.994638069705093,0,0.285714285714285,22,38,1
7971,Westerveld,2.1,1.32042897618714,0.900139484424239,0,0.273954116059379,19,394,1
7973,Westerveld,2.4,1.48803195829914,0.95608639679588,0,0.342465753424657,23,75,0
7974,Westerveld,2.5,1.69534496368905,0.935437589670014,0,0.31578947368421,22,52,1
7975,Westerveld,2.3,1.50691882985869,0.953018995929443,0,0.317073170731707,23,145,0
7981,Westerveld,2.1,1.32426150697789,0.90794493282468,0,0.279245283018867,18.1,253,1
7983,Westerveld,2.4,1.45176980237701,0.976178146038322,0,0.325757575757575,27,46,1
7984,Westerveld,2.5,1.48347755083777,0.883607556368068,0,0.416666666666666,22,71,1
7985,Westerveld,2.4,2.04883316588244,0.975806451612903,0,0.266666666666666,22,36,1
7986,Westerveld,2.3,1.78660550937011,0.993526275704493,0,0.327272727272727,36.4,17,0
7991,Westerveld,2.2,1.26038655765384,0.945205103580738,0,0.313397129186602,23.8,238,1
8011,Zwolle,1.5,0.564621998751714,0.561884562945008,0.249685109655742,0.187602852441031,13.8,3380,1
8012,Zwolle,1.8,0.623978954587703,0.717453347969264,0.733760394880927,0.225874125874125,15.7,2970,1
8013,Zwolle,1.8,1.22378496758497,0.592072807689036,0,0.268339768339768,11.5,1290,1
8014,Zwolle,2.2,0.960998934273156,0.796420006851661,0,0.262374245472837,16.7,1939,1
8015,Zwolle,2.3,1.26091311383507,0.939826791137105,0,0.337641357027463,30.2,761,1
8016,Zwolle,2.2,1.04406157190805,0.757458026918273,0,0.320691949434464,22.1,1622,1
8017,Zwolle,2.2,0.988481855117515,0.588121493519056,0.145377925221913,0.289970930232558,28.3,1787,1
8019,Zwolle,2.3,0.963793693170767,0.824474414914716,0,0.266533066132264,45.9,854,1
8021,Zwolle,1.5,0.554752470541783,0.7009378256339,0.956024673509762,0.195762711864406,7.6,3679,1
8022,Zwolle,1.7,0.60173604008109,0.723198811587026,0.000342064874900975,0.201382033563672,5.8,2802,1
8023,Zwolle,2,0.774541337766951,0.690675241157556,0.00814333232902934,0.232375979112271,20.3,2824,1
8024,Zwolle,2.3,1.07739238628166,0.709177481094202,0,0.244970414201183,27.8,681,1
8025,Zwolle,1.7,1.22378496758497,0.488261797486364,0,0.224913494809688,27,1238,1
8026,Zwolle,2.4,1.32585983442428,0.963992943862197,0,0.314720812182741,34,68,0
8028,Zwolle,2.8,2.26889520832401,0.749595348000719,0,0.270833333333333,22,29,1
8031,Zwolle,1.9,0.704595603103916,0.672002011229364,0,0.228741919443063,6.7,2471,1
8032,Zwolle,2,0.844733591586841,0.785408948418352,0,0.244389027431421,11.1,2165,1
8033,Zwolle,2.3,0.999036884075836,0.867608120035304,0,0.257100149476831,15,1391,1
8034,Zwolle,2.5,1.69604408485591,0.966843241122228,0,0.342657342657342,52.5,413,1
8035,Zwolle,2.5,1.32941343852005,0.963145705367032,0,0.322033898305084,38.8,21,0
8041,Zwolle,2.2,1.20836718513685,0.734820322180917,0,0.283783783783783,29,831,1
8042,Zwolle,2.4,0.910433829614887,0.80105231807803,0,0.271627906976744,18.8,1035,1
8043,Zwolle,2.6,0.979727990923696,0.772874416833285,0,0.273794002607561,28.4,1676,1
8044,Zwolle,2.9,1.24269415503479,0.901335513763968,0,0.18172888015717,32.9,932,1
8045,Zwolle,2.1,1.39607005480115,1,0,0.588623161704343,22,5,0
8051,Hattem,2.3,1.14576014970498,0.867240406320541,0,0.272340425531914,22.6,847,1
8052,Hattem,2.6,1.20708120881593,0.818432861580945,0,0.275609756097561,31,829,1
8055,Raalte,2.6,1.24739324481311,0.947740375674167,0,0.345864661654135,37,47,1
8061,Zwartewaterland,2.4,1.34675686356633,0.876597286260044,0,0.255948553054662,20,724,0
8064,Zwartewaterland,2.3,1.18801413184264,0.855550135879032,0,0.269269269269269,18.3,603,1
8066,Steenwijkerland,2.5,1.22378496758497,0.938924605493863,0,0.310924369747899,25.1,76,0
8071,Nunspeet,2.3,1.02771779383773,0.786064734742861,0,0.25,20.7,1044,1
8072,Nunspeet,2.5,1.03705311293588,0.859317343173431,0,0.252538071065989,18.5,1031,0
8075,Nunspeet,2.9,1.47484859037823,0.902935995302407,0,0.230616302186878,29.4,334,1
8076,Nunspeet,2.1,1.45729824598836,0.977013039387014,0,0.385714285714285,30,64,1
8077,Nunspeet,2.4,1.30968421676767,0.957395582539516,0,0.295673076923076,27,149,1
8079,Oldebroek,2.7,1.48461084680503,0.966381224230891,0,0.326530612244898,22,27,0
8081,Elburg,2.4,0.993977248824598,0.803003465537158,0,0.271483539974348,18.6,876,1
8082,Elburg,2.7,1.37639234592545,0.841584158415841,0,0.17032967032967,21.7,629,1
8084,Elburg,2.4,1.31127818772868,0.894072734579063,0,0.247319513938527,19,689,1
8085,Elburg,2.6,1.31452219574099,0.945529698205084,0,0.275581395348837,28.4,152,0
8091,Oldebroek,2.4,1.019331943772,0.845758732022307,0,0.276128507523383,18.6,998,0
8094,Oldebroek,2.6,1.22378496758497,0.906213087644696,0,0.286666666666666,25.9,333,1
8095,Oldebroek,2.5,1.22378496758497,0.908801907411086,0,0.310469314079422,24.1,200,1
8096,Oldebroek,2.6,1.50962848439086,0.881278000471586,0,0.260263361735089,21.1,398,1
8097,Oldebroek,3,1.84365587638202,0.954006926301719,0,0.234927234927234,32.2,137,0
8101,Raalte,2.2,1.21934606604563,0.866468090500031,0,0.243394715772618,14.8,1061,0
8102,Raalte,2.1,1.11524064489224,0.800491122024933,0,0.267808219178082,16.8,1037,0
8103,Raalte,2.5,1.26147769137547,0.751970373183933,0,0.278510473235065,26.3,771,1
8105,Raalte,2.5,1.54831210227703,0.937298073471341,0,0.298672566371681,27.7,146,1
8106,Raalte,2.5,1.4966515604651,0.947478289913159,0,0.315436241610738,29.2,109,1
8107,Raalte,2.5,1.45536984498432,0.934421841541755,0,0.305439330543933,28.9,89,0
8111,Raalte,2.4,1.4158407686372,0.93583501745361,0,0.30118890356671,24.2,264,1
8112,Raalte,2.4,1.36365561835782,0.945189672580412,0,0.30078125,26.4,132,0
8121,Olst-Wijhe,2.2,1.21691013070521,0.902178622268985,0,0.298151460942158,19.4,515,1
8124,Olst-Wijhe,2.5,1.67806291578274,0.952529611605913,0,0.32421875,29.8,90,1
8131,Olst-Wijhe,2.3,1.21983701955697,0.906560843798136,0,0.286135693215339,22.7,541,0
8141,Raalte,2.2,1.23588610430644,0.874187832250443,0,0.281077348066298,21.4,535,1
8144,Raalte,2.4,1.54287088779226,0.937343358395989,0,0.351648351648351,26.1,55,1
8146,Ommen,2.8,1.66794193048627,0.996543281002448,0,0.378787878787878,43.2,20,1
8147,Ommen,2.4,1.52310085590082,0.996311097448509,0,0.382978723404255,22,61,0
8148,Ommen,2.4,1.54974616210036,0.974106715857074,0,0.292207792207792,29.9,75,1
8151,Dalfsen,2.5,1.4869823152793,0.892788276128037,0,0.316804407713498,24.2,387,0
8152,Dalfsen,2.3,1.43528265484616,0.880750561472143,0,0.259597806215722,20.7,426,1
8153,Dalfsen,2.9,1.44186887726839,0.993344425956738,0,0.375,22,63,0
8154,Dalfsen,2.5,1.75031623082616,0.998584571832979,0,0.444444444444444,22,43,0
8161,Epe,2.2,1.17858827373354,0.889021221307925,0,0.288611544461778,20.6,872,1
8162,Epe,2.2,1.16387353110308,0.892995436315862,0,0.279633620689655,19.5,854,0
8166,Epe,2.5,1.52737775298733,0.959147750192526,0,0.312111801242236,27.8,128,0
8167,Epe,2.6,1.55602857828969,0.959860383944153,0,0.294670846394984,29,112,1
8171,Epe,2.3,1.29042139612778,0.879616696443072,0,0.275620623806492,21.3,728,0
8172,Epe,2.3,1.13087253163508,0.828525406355249,0,0.266179540709812,12,883,1
8181,Heerde,2.3,1.26615353947839,0.88818085978681,0,0.284280936454849,20.6,738,1
8191,Heerde,2.5,1.08227320686382,0.909913305691669,0,0.28783151326053,21.5,476,1
8193,Heerde,2.4,1.95644991491505,0.990210843373494,0,0.289473684210526,22,32,1
8194,Heerde,2.4,1.74856252484163,0.943968358602504,0,0.348484848484848,30.4,83,1
8196,Olst-Wijhe,2.4,1.64769752891113,0.96602841260037,0,0.346456692913385,29.6,86,0
8198,Olst-Wijhe,2.7,1.75482224046308,1,0,0.357142857142857,22,12,0
8211,Lelystad,2.5,1.21903907944818,0.738590604026845,0,0.308823529411764,44.1,128,1
8212,Lelystad,2.3,1.12396051088736,0.734701223902087,0,0.252735229759299,17.8,972,1
8218,Lelystad,2.8,1.50172655276171,0.769279629352862,0,0.276595744680851,22,18,0
8219,Lelystad,3,1.63950072173248,0.872416812609457,0,0.346045197740113,57.2,296,1
8221,Lelystad,2.3,1.22378496758497,0.623609394313967,0,0.290457561432885,22,48,0
8222,Lelystad,2.4,1.53358844968396,0.996980372420734,0,0.342105263157894,22,333,1
8223,Lelystad,2.1,1.22378496758497,0.878700941014459,0,0.236983842010772,7.2,1299,1
8224,Lelystad,2.1,0.907188781827907,0.778248188917113,0,0.222366710013003,9.1,2088,1
8225,Lelystad,2.1,0.906831003190961,0.673686914087581,0,0.241016109045848,8.3,2066,1
8226,Lelystad,2.3,1.02503485486156,0.716968011126564,0,0.276131045241809,17.7,1544,1
8231,Lelystad,2.2,0.927937224622814,0.784384188173799,0,0.236817761332099,10.3,1777,1
8232,Lelystad,2,0.791799712478984,0.572821450335161,0,0.227215189873417,9,2164,1
8233,Lelystad,1.4,0.495400825825703,0.581472777124951,0,0.176470588235294,0.5,2001,1
8239,Lelystad,1.8,0.582186865036732,0.801976121860848,0,0.147058823529411,6.6,727,0
8241,Lelystad,2.5,1.45833880954905,0.824956672443674,0,0.338658146964856,54.2,228,1
8242,Lelystad,2.2,1.14850237674457,0.712218756222207,0,0.253456221198156,16.1,1156,0
8243,Lelystad,2.3,1.04336253535659,0.695558101056382,0,0.254810192407696,15.3,1359,1
8244,Lelystad,2.2,1.18114648443753,0.76039697542533,0,0.319477434679334,21.5,556,1
8245,Lelystad,2.7,1.32247193338404,0.793337622417613,0,0.257807308970099,34.9,924,1
8251,Dronten,2,0.967258648488282,0.872146201261727,0,0.243314500941619,15,1064,0
8252,Dronten,2.4,1.34143514814712,0.613771741720276,0,0.325301204819277,22.5,867,1
8253,Dronten,2.5,1.07634901653723,0.752310859946554,0,0.269892973476035,31.3,753,1
8254,Dronten,1.5,0.752579634850343,0.837837837837837,0,0.145251396648044,5.5,1156,1
8255,Dronten,2.3,1.15783388429151,0.8921875,0,0.315142198308993,18.6,602,1
8256,Dronten,2.2,1.19990413116293,0.900155718018422,0,0.288623595505618,16.8,451,0
8261,Kampen,1.6,0.545173379018374,0.808724832214765,0.389584961372607,0.254865616311399,9.5,2250,1
8262,Kampen,2.1,0.875220405245344,0.88430583501006,0,0.234930448222565,8.5,1983,1
8263,Kampen,2.8,1.34522678140473,0.74306282722513,0,0.292207792207792,25.9,729,0
8264,Kampen,2.2,1.02451770373536,0.680832610581092,0,0.271186440677966,16.1,1571,1
8265,Kampen,2.4,0.87777869969789,0.702898952386231,0,0.251614987080103,15,1663,1
8266,Kampen,2.8,1.1656390184582,0.738922619816561,0,0.226744186046511,26.1,1301,1
8267,Kampen,2.8,1.34487523542425,0.996550931248562,0,0.277372262773722,41,547,0
8271,Kampen,2.6,1.08002750028701,0.770077227802008,0,0.247551899725812,24,1023,1
8274,Kampen,2.6,1.30722842274168,0.917727487034417,0,0.271186440677966,22.3,105,1
8275,Kampen,2.8,1.41759556597614,0.903655913978494,0,0.282442748091603,35.2,89,1
8276,Kampen,2.7,1.3732221347784,0.966696568737385,0,0.267441860465116,30.1,65,0
8277,Kampen,2.9,1.34888166568553,0.809580838323353,0,0.265116279069767,30.6,175,0
8278,Kampen,3.2,1.48266546653135,0.985263979701376,0,0.242424242424242,38.2,29,0
8281,Zwartewaterland,2.9,1.37308070223051,0.830659419815336,0,0.223916150547879,26.6,841,1
8291,Zwartewaterland,2.3,1.22378496758497,1,0,0.290457561432885,22,5,0
8293,Kampen,3.4,1.78814789383118,0.998762759047324,0,0.32258064516129,22,7,0
8294,Zwartewaterland,2.9,1.11876397959496,0.978317659352142,0,0.25,22,8,0
8301,Noordoostpolder,1.7,0.847552440725183,0.874870017331022,0,0.217073170731707,4.9,1579,1
8302,Noordoostpolder,2.4,1.16327017394838,0.75384488175955,0,0.274061286145878,23.7,1062,1
8303,Noordoostpolder,2.2,0.966874486281253,0.791199636473795,0,0.243693239152371,9.8,1417,0
8304,Noordoostpolder,2.1,0.976041312926667,0.683753326029112,0,0.238026124818577,10.5,903,1
8305,Noordoostpolder,2.7,1.6193251639051,0.870789243762741,0,0.31081081081081,46.6,136,1
8307,Noordoostpolder,2.4,0.971891109070437,0.92811501597444,0,0.267964071856287,20.5,255,1
8308,Noordoostpolder,2.3,1.31859331380881,0.951491809672386,0,0.29156010230179,19.3,130,1
8309,Noordoostpolder,3,1.29440403967085,0.924116607773851,0,0.238095238095238,25.9,172,0
8311,Noordoostpolder,2.6,1.20570625453396,0.951237532323605,0,0.238372093023255,24.3,116,1
8312,Noordoostpolder,2.4,1.2699932522286,0.939452719085555,0,0.278873239436619,22.8,123,1
8313,Noordoostpolder,2.5,1.26957561476494,0.925990726970518,0,0.271137026239067,20.3,102,0
8314,Noordoostpolder,2.5,1.47478767124513,0.92647779629448,0,0.246246246246246,24.5,108,1
8315,Noordoostpolder,2.2,1.22378496758497,0.816727117559206,0,0.25050916496945,21.8,95,1
8316,Noordoostpolder,2.2,1.0140646371719,0.897835862844294,0,0.262025316455696,16.9,352,0
8317,Noordoostpolder,2.3,1.12489644112731,0.939582297364495,0,0.300632911392405,25.2,91,0
8319,Noordoostpolder,2.3,1.22378496758497,1,0,0.290457561432885,22,7,0
8321,Urk,3.1,0.840522450018821,0.787737584304107,0,0.222222222222222,27.5,1114,1
8322,Urk,3.4,1.00754368420278,0.74456338028169,0,0.156495468277945,27.1,1034,1
8325,Steenwijkerland,2.3,1.26995211154488,0.892214410114171,0,0.246294184720638,15.5,543,1
8326,Steenwijkerland,2.6,1.44055140827476,0.942066845946984,0,0.280701754385964,25.7,145,1
8331,Steenwijkerland,1.9,0.983070369264098,0.743970315398886,0,0.260869565217391,8.5,1266,1
8332,Steenwijkerland,2.4,1.22378496758497,0.731357623235533,0,0.298131600324939,19.7,850,1
8333,Steenwijkerland,2.5,1.19963116943513,0.823321554770318,0,0.213930348258706,17.4,361,1
8334,Steenwijkerland,2.5,1.35291458494224,0.819451371571072,0,0.278160919540229,21.8,346,1
8335,Steenwijkerland,2.3,1.26875230152459,0.9140625,0,0.288888888888888,22,122,1
8336,Steenwijkerland,2.3,1.09379134733483,0.999374217772215,0,0.212121212121212,22,68,0
8337,Steenwijkerland,2,1.19773999766251,0.99519890260631,0,0.384615384615384,14.3,41,0
8338,Steenwijkerland,2.5,1.64221792899622,0.906630170316301,0,0.298342541436464,20.2,92,1
8339,Steenwijkerland,3,1.70684609634683,0.951219512195121,0,0.333333333333333,22,141,0
8341,Steenwijkerland,2.2,0.995837752678157,0.899508081517919,0,0.270557029177718,13.6,250,0
8342,Steenwijkerland,2.7,1.45022192308198,0.988073394495412,0,0.358490566037735,22,41,0
8343,Steenwijkerland,2.3,1.30447439767983,0.954495005549389,0,0.336065573770491,16.5,593,0
8344,Steenwijkerland,2.4,1.62959222547897,0.986078886310904,0,0.359375,27.9,127,1
8345,Steenwijkerland,2.8,1.42623288971133,0.835285171102661,0,0.287878787878787,32.5,106,0
8346,Steenwijkerland,1.7,0.863031868576811,0.995525727069351,0,0.316326530612244,14.7,124,1
8347,Steenwijkerland,2.4,1.26911918159322,0.974452554744525,0,0.302521008403361,25.3,65,0
8351,Westerveld,2.3,1.32689113469483,0.969883007065909,0,0.301204819277108,28.2,43,0
8355,Steenwijkerland,2.2,1.42278426670551,0.966570234651237,0,0.324697754749568,25.9,168,0
8356,Steenwijkerland,2.2,1.15550521276545,0.945440598331575,0,0.289377289377289,19.4,186,0
8361,Steenwijkerland,2.6,1.30814382196353,0.999239832763207,0,0.266666666666666,22,38,0
8362,Steenwijkerland,1.5,1.22378496758497,0.993975903614457,0,0.450707207018397,22,5,0
8363,Steenwijkerland,2.1,1.6142504706366,0.986111111111111,0,0.34375,22,21,0
8371,Steenwijkerland,2.3,1.47734195198014,0.97742710837078,0,0.352,16.7,61,0
8372,Steenwijkerland,2.7,1.99994358668301,1,0,0.256622926466947,22,15,0
8373,Steenwijkerland,2.4,1.41171463807674,0.977209944751381,0,0.343283582089552,22.6,21,0
8374,Steenwijkerland,2.3,1.36399796433251,0.954740292486132,0,0.272727272727272,16.1,115,1
8375,Steenwijkerland,2.2,1.37180932252468,0.848118419681017,0,0.275415896487985,17.4,341,1
8376,Steenwijkerland,2.3,1.36501828912126,0.928438083385189,0,0.324324324324324,17.3,102,0
8377,Steenwijkerland,1.8,1.22378496758497,0.973214285714285,0,0.355555555555555,18.5,40,0
8378,Steenwijkerland,2.4,1.4718381641089,0.980190571715145,0,0.3125,30.7,99,0
8381,Westerveld,2,1.08077673589201,0.901209284181782,0,0.263157894736842,14.3,286,1
8382,Westerveld,1.9,1.43187431845273,0.938427299703264,0,0.344827586206896,16.7,70,1
8383,Westerveld,2.5,1.20271188637596,0.960555149744339,0,0.323529411764705,26.3,48,1
8384,Westerveld,2.1,1.11334698480573,0.867193675889328,0,0.273684210526315,7.7,143,1
8385,Westerveld,2.1,1.36869563641259,0.95750382848392,0,0.383561643835616,19,41,0
8386,Westerveld,2,1.75120788408387,0.998774509803921,0,0.434782608695652,22,41,0
8387,Westerveld,1.6,1.40790376155926,0.769025367156208,0,0.34090909090909,22,9,0
8388,Weststellingwerf,2.3,1.64260767794999,0.935840707964601,0,0.298245614035087,21.6,96,1
8389,Weststellingwerf,2.3,1.36291249610973,0.980925468032497,0,0.343283582089552,17.7,38,1
8391,Weststellingwerf,2.1,1.49172614500994,0.837087847844726,0,0.285322359396433,10.9,375,1
8392,Weststellingwerf,2.3,1.39469350984666,0.968250468526072,0,0.335260115606936,23.2,66,1
8393,Weststellingwerf,2.6,1.94283322918667,0.987983978638184,0,0.375,22,21,1
8394,Weststellingwerf,2.5,1.47395153429323,0.977935167529283,0,0.358974358974359,32.3,34,1
8395,Weststellingwerf,2.2,1.49014634756482,0.937279498235985,0,0.300970873786407,18,61,1
8396,Weststellingwerf,2.7,1.61415939613315,0.975885455915599,0,0.388888888888888,22,105,1
8397,Weststellingwerf,2.4,1.36452891340471,0.856864654333008,0,0.31055900621118,14.9,115,1
8398,Weststellingwerf,2.6,1.47153075237519,0.993605115907274,0,0.343434343434343,33.3,44,1
8401,Opsterland,2.1,1.15480638418173,0.773263872293648,0,0.266622340425531,12.5,821,1
8403,Opsterland,2.4,2.0320850978093,0.942787086228034,0,0.320754716981132,30.7,33,1
8404,Opsterland,2.5,1.53873123556422,0.937844795880838,0,0.316037735849056,27.6,84,1
8405,Opsterland,2.6,1.65051739013288,0.950278164116829,0,0.318181818181818,26.8,40,1
8406,Opsterland,2.4,1.28907003903216,0.914587458745874,0,0.301242236024844,19.1,120,1
8407,Opsterland,2.5,1.56939314411824,0.936683814800158,0,0.344827586206896,23.6,101,0
8408,Opsterland,2.3,1.43859156834596,0.91436056983789,0,0.335877862595419,19,136,1
8409,Opsterland,2.3,1.58873049333822,0.927226858140888,0,0.364864864864864,23.1,66,1
8411,Heerenveen,2.3,1.38708524786967,0.905925755130274,0,0.302652106084243,13.4,188,1
8412,Heerenveen,2.4,1.4924443854536,0.984584673394698,0,0.353658536585365,28,36,1
8413,Heerenveen,2.3,1.55999895035459,0.962575452716297,0,0.345238095238095,23.6,64,1
8414,Heerenveen,2.2,1.31486229888573,0.808197582764056,0,0.281355932203389,17.7,206,1
8415,Heerenveen,2.2,1.47051082251254,0.979652605459057,0,0.402439024390243,26.5,43,1
8421,Ooststellingwerf,2.1,1.45828507561702,0.919160032939884,0,0.306666666666666,19.1,156,1
8422,Ooststellingwerf,2.3,1.58151619532107,0.995110024449877,0,0.358490566037735,34.9,16,1
8423,Ooststellingwerf,2.3,1.36853710264462,0.959123929307166,0,0.3125,23.2,77,1
8424,Ooststellingwerf,2.4,1.46797374711685,0.962570524287876,0,0.323529411764705,18.5,49,1
8425,Ooststellingwerf,2.5,1.29771134560578,0.956331877729257,0,0.318181818181818,28.9,35,1
8426,Ooststellingwerf,2,1.20006766258053,0.92346428846006,0,0.299595141700404,14.6,413,0
8427,Ooststellingwerf,2.3,1.66558562949971,0.97418439716312,0,0.3875,25,52,1
8428,Ooststellingwerf,2.1,1.76234767177484,0.988743809095002,0,0.375,27.8,25,0
8431,Ooststellingwerf,2.1,1.10027764467544,0.842922865507558,0,0.270076726342711,10.8,814,1
8432,Ooststellingwerf,2.5,1.64610070766267,0.941609822646657,0,0.344827586206896,27.8,39,1
8433,Ooststellingwerf,2.2,1.3257990486596,0.81937467965146,0,0.278996865203761,15.8,360,1
8434,Ooststellingwerf,2.4,1.52136109874102,0.911971830985915,0,0.311377245508982,21.6,81,1
8435,Ooststellingwerf,2.4,1.53414603370047,0.951447368421052,0,0.289817232375979,20.1,145,1
8437,Westerveld,2,1.48181819686769,0.950949367088607,0,0.31578947368421,11.7,77,0
8438,Westerveld,1.9,1.31088668672343,0.998178506375227,0,0.413793103448275,22,56,0
8439,Westerveld,1.8,1.3922807356009,1,0,0.333395378963242,22,24,0
8441,Heerenveen,1.8,0.884189331203512,0.694423093346998,0.199483458369204,0.258638743455497,12.6,1671,1
8442,Heerenveen,1.6,0.702670134113191,0.788559630799125,0.600800862467272,0.242087254063301,4.5,2217,1
8443,Heerenveen,2.1,0.95955321906964,0.788082191780822,0,0.236013986013986,10.7,1024,1
8444,Heerenveen,1.3,0.575344814439957,0.499165275459098,0,0.245614035087719,2.7,617,1
8445,Heerenveen,2.2,1.4627485081189,0.788265718441894,0,0.314878892733564,41.7,680,1
8446,Heerenveen,2.1,0.980285697807945,0.759965524671407,0,0.25376196990424,8.8,1851,1
8447,Heerenveen,2.1,1.0210580500735,0.695252225519287,0.0422535211267605,0.293209876543209,13.6,1379,0
8448,Heerenveen,2.7,1.39078431096707,0.762900138852403,0,0.283569641367806,36.5,715,1
8449,Heerenveen,2.3,1.60398289545448,0.984526112185686,0,0.351851851851851,19.5,42,0
8451,Heerenveen,2.2,1.10013489338924,0.882688391038696,0,0.28673835125448,11.4,416,1
8452,Heerenveen,2.4,1.62141646477444,0.892307692307692,0,0.25,22,210,0
8453,Heerenveen,2.4,1.49002130708267,0.911123429416112,0,0.350253807106599,41.3,666,0
8454,Heerenveen,2.3,1.38937894592406,0.807854984894259,0,0.335766423357664,26.6,93,1
8455,Heerenveen,2.3,1.45833304273645,0.963319672131147,0,0.390243902439024,36.9,46,1
8456,Heerenveen,2.4,1.30382230654895,0.822697003329633,0,0.334630350194552,27.5,138,0
8457,Heerenveen,2.7,1.55997037903786,0.991341193809874,0,0.366666666666666,42.6,26,0
8458,Heerenveen,2.6,1.45388816719999,0.884084084084084,0,0.313953488372093,24.8,92,1
8459,Heerenveen,2.5,1.49121408014711,0.909407665505226,0,0.247058823529411,20.1,64,0
8461,De Fryske Marren,2.5,1.45805848536959,0.925580154707922,0,0.287581699346405,22.6,128,1
8462,De Fryske Marren,2.4,1.37656662075228,0.986609686609686,0,0.333333333333333,22,11,0
8463,De Fryske Marren,2.5,1.4521703577867,0.954239569313593,0,0.330508474576271,24.3,120,1
8464,De Fryske Marren,2.5,1.46978451056634,0.847433323774017,0,0.294354838709677,22.2,158,1
8465,De Fryske Marren,2.3,1.33353332736021,0.827548410668615,0,0.286486486486486,22.7,263,1
8466,De Fryske Marren,2.3,1.74981957455439,0.898395721925133,0,0.4,22,641,1
8467,De Fryske Marren,2.4,1.47660443067697,0.987004287245444,0,0.263157894736842,28.8,29,0
8468,Heerenveen,2.3,1.47738081404985,0.973085846867749,0,0.355263157894736,21.3,59,1
8469,Heerenveen,2.2,1.35009284199106,0.832298136645962,0,0.28125,22,74,1
8471,Weststellingwerf,2,0.864886461094109,0.71787105149286,0,0.257920571173583,9.4,1232,1
8472,Weststellingwerf,2.6,1.38326079110478,0.846165620694933,0,0.225512528473804,26,712,1
8474,Weststellingwerf,2.4,1.48963179015555,0.920159302105063,0,0.288990825688073,21.3,108,1
8475,Weststellingwerf,2.5,1.60023114320907,0.957945101989423,0,0.308411214953271,35.5,41,1
8476,Weststellingwerf,2.5,1.33791726112355,0.983508604206501,0,0.328125,31.5,30,1
8477,Weststellingwerf,2.7,1.82248614086233,0.999299229152067,0,0.344827586206896,22,18,0
8478,Weststellingwerf,2.8,1.57325288022999,0.975045372050816,0,0.306122448979591,22,209,1
8479,Weststellingwerf,2.8,1.18282777569723,0.986022560078469,0,0.333333333333333,22,17,0
8481,Weststellingwerf,2.5,1.76544610428708,0.978819969742813,0,0.407407407407407,22,15,1
8482,Weststellingwerf,2.5,1.48985683509718,0.990724728816223,0,0.357142857142857,22,18,1
8483,Weststellingwerf,2.4,1.00256457005004,0.93079443079443,0,0.314606741573033,19.2,56,1
8484,Weststellingwerf,2.4,1.49693660557946,0.975684931506849,0,0.309090909090909,17.3,27,1
8485,Weststellingwerf,2.6,1.49990292817372,0.926040061633282,0,0.271739130434782,23.1,36,1
8486,Weststellingwerf,2.6,1.40930425868537,0.985047575894879,0,0.282608695652173,22,12,0
8487,Weststellingwerf,2.8,1.80493299306783,0.982696064750209,0,0.344827586206896,22,13,0
8488,Weststellingwerf,2.5,1.61089438493811,0.997771173848439,0,0.368421052631579,22,49,0
8489,Weststellingwerf,2.4,3.61906669603122,0.942477876106194,0,0.317453025221665,22,12,1
8491,Heerenveen,2.1,1.1820792953697,0.849409347714432,0,0.272180451127819,17.3,528,1
8493,De Fryske Marren,1.9,1.25050961933839,0.865580448065173,0,0.351724137931034,21.3,316,1
8494,Heerenveen,2.8,1.51423612105787,0.906777802149594,0,0.379487179487179,48.2,324,0
8495,Heerenveen,2.3,1.31362898037212,0.929498847227278,0,0.278145695364238,17.3,176,1
8497,Smallingerland,2.8,1.7212468650842,1,0,0.454545454545454,22,5,0
8501,De Fryske Marren,2.1,1.058170143321,0.750205119789957,0,0.247540134645261,11,1151,0
8502,De Fryske Marren,2.4,1.42281841613274,0.755410166079516,0,0.328197226502311,32.4,692,1
8503,De Fryske Marren,2.8,1.83500501427654,0.926260346124905,0,0.285714285714285,22,254,0
8505,De Fryske Marren,2.4,1.75499040844385,0.978494623655914,0,0.384615384615384,22,54,1
8506,De Fryske Marren,2.6,1.60482720000906,0.949337323642582,0,0.317757009345794,27.8,95,1
8507,De Fryske Marren,2.2,1.45591292316717,0.991697110594486,0,0.369565217391304,22,89,1
8508,De Fryske Marren,2.3,1.03338128051818,0.95083738519719,0,0.252427184466019,23.2,157,1
8511,De Fryske Marren,2,1.53136797880054,0.891801075268817,0,0.354166666666666,28.7,88,0
8512,De Fryske Marren,2.3,1.55211735350711,0.949709302325581,0,0.344827586206896,22,131,0
8513,De Fryske Marren,2.6,1.58521441411749,0.897972531066056,0,0.25,18.6,53,1
8514,De Fryske Marren,2.3,1.17176269669521,0.962809917355371,0,0.352941176470588,22,48,1
8515,De Fryske Marren,2.8,1.16668954765806,0.991813602015113,0,0.3125,22,27,0
8516,De Fryske Marren,2.9,1.20000941581873,0.990825688073394,0,0.352941176470588,22,21,1
8517,De Fryske Marren,2.5,1.37761954556297,0.858904785397138,0,0.312101910828025,22,123,1
8521,De Fryske Marren,2.2,1.19636144041737,0.858812875607145,0,0.261976047904191,18.7,373,1
8522,De Fryske Marren,2.8,1.50818223666918,0.982405098365198,0,0.314285714285714,36.2,24,0
8523,De Fryske Marren,2.4,1.29473898029504,0.881914893617021,0,0.265306122448979,14.9,101,1
8524,De Fryske Marren,2.6,1.22378496758497,0.997777777777777,0,0.47303166849459,22,16,1
8525,De Fryske Marren,2.1,1.33540196534913,0.884141791044776,0,0.338095238095238,21,217,0
8526,De Fryske Marren,2.3,1.33743613027199,0.977726413111998,0,0.25,22,159,1
8527,De Fryske Marren,2,1.22378496758497,0.997389033942558,0,0.24,22,25,1
8528,De Fryske Marren,2.7,1.22378496758497,0.987055016181229,0,0.222222222222222,22,89,1
8529,SÃºdwest-FryslÃ¢n,3,1.09646359257566,0.998227735932654,0,0.31578947368421,22,22,0
8531,De Fryske Marren,2.1,1.11894825546351,0.874447970165854,0,0.274474474474474,13.9,791,0
8532,De Fryske Marren,2.6,1.47476794592261,0.6631000578369,0,0.362068965517241,35.9,864,1
8534,De Fryske Marren,2.6,1.41661950806282,0.99357601713062,0,0.261627906976744,22,41,1
8535,De Fryske Marren,3,1.62563677032726,0.978829389788293,0,0.324324324324324,22,17,0
8536,De Fryske Marren,2.4,1.32766756092598,0.874801482265749,0,0.305084745762711,20.8,84,1
8537,De Fryske Marren,2.4,1.37889823689286,0.942911512844909,0,0.28,25.5,62,1
8538,De Fryske Marren,2.6,1.54197448066923,0.98418539884623,0,0.328358208955223,27.4,29,1
8539,De Fryske Marren,2.3,1.34903797356688,0.90787453388901,0,0.292079207920792,18.5,192,0
8541,De Fryske Marren,2.4,1.52958944569752,0.982017200938233,0,0.318181818181818,22,41,1
8542,De Fryske Marren,2.3,1.19866998815013,0.940898345153664,0,0.355555555555555,22,95,1
8551,SÃºdwest-FryslÃ¢n,2.2,1.22260380506407,0.774831356129332,0,0.316546762589928,19.8,273,1
8552,SÃºdwest-FryslÃ¢n,3.2,1.26559849483563,1,0,0.164051691233937,22,9,1
8553,SÃºdwest-FryslÃ¢n,2,1.75176592581184,0.902085222121486,0,0.38095238095238,22,198,0
8554,SÃºdwest-FryslÃ¢n,3,1.6154474137547,0.981371718882303,0,0.357142857142857,22,125,1
8556,De Fryske Marren,2.1,1.34655055835235,0.905872436077549,0,0.316546762589928,15.2,150,0
8561,De Fryske Marren,2.1,1.10206695993353,0.815072408536585,0,0.235294117647058,13.6,557,1
8563,De Fryske Marren,2.4,1.40443270023064,0.965601965601965,0,0.296875,21.4,95,1
8564,De Fryske Marren,2.4,1.14462703578388,0.991832567636549,0,0.409090909090909,22,89,1
8565,De Fryske Marren,2.5,1.35476154499491,0.968659594985535,0,0.304878048780487,24.4,47,1
8566,De Fryske Marren,2.4,1.59552369500747,0.947629684785306,0,0.309734513274336,26.7,60,1
8567,De Fryske Marren,2.4,1.28574728461948,0.949796931407942,0,0.25,18.7,140,1
8571,De Fryske Marren,2.5,1.42355742879866,0.986599241466498,0,0.314285714285714,32.4,91,0
8572,De Fryske Marren,2.5,2.11682843816203,0.985528219971056,0,0.333333333333333,22,116,1
8573,De Fryske Marren,2.6,1.60002094803879,0.993307839388145,0,0.318181818181818,22,68,1
8574,De Fryske Marren,2.2,1.2193477985166,0.826847662141779,0,0.248780487804878,13.2,213,1
8581,De Fryske Marren,2.4,1.43721876967145,0.963348063426046,0,0.352112676056338,27.7,71,1
8582,De Fryske Marren,2.4,1.53383859710947,0.959770114942528,0,0.305084745762711,19.5,33,1
8583,De Fryske Marren,2.1,1.72775239880697,0.981570512820512,0,0.45052598549481,22,11,1
8584,SÃºdwest-FryslÃ¢n,2.3,1.10435359010259,0.920101637492941,0,0.359649122807017,25.2,124,1
8601,SÃºdwest-FryslÃ¢n,1.8,0.930373571592327,0.683343502135448,0.12251744100562,0.280597014925373,16.7,1851,1
8602,SÃºdwest-FryslÃ¢n,2,0.883092143806936,0.805442602439787,0.00728155339805825,0.271875,9.6,1540,1
8603,SÃºdwest-FryslÃ¢n,2.3,1.08452026133308,0.67992736876857,0.0597232337946103,0.280499519692603,18.2,1851,1
8604,SÃºdwest-FryslÃ¢n,2.3,1.11817724879595,0.653301886792452,0,0.291466922339405,23.1,1146,1
8605,SÃºdwest-FryslÃ¢n,1.6,0.74616725817694,0.768954509177972,0,0.196029776674937,6.4,2106,1
8606,SÃºdwest-FryslÃ¢n,1.8,0.787429241196401,0.772881355932203,0.0203508771929824,0.278776978417266,6.9,1906,1
8607,SÃºdwest-FryslÃ¢n,2.3,1.09729803531503,0.673910517141197,0.0206932229694774,0.291595197255574,17.7,1404,1
8608,SÃºdwest-FryslÃ¢n,2,0.876927588522618,0.77457547904658,0,0.255933952528379,6.3,1376,1
8611,SÃºdwest-FryslÃ¢n,2.2,1.52708475864462,0.968040907638223,0,0.30188679245283,18,73,1
8612,SÃºdwest-FryslÃ¢n,2.9,1.22378496758497,1,0,0.292869805415392,22,7,0
8613,SÃºdwest-FryslÃ¢n,2.9,1.22378496758497,0.989473684210526,0,0.176690104941755,22,5,1
8614,SÃºdwest-FryslÃ¢n,2.3,1.12806639644091,0.903093721565059,0,0.322147651006711,23.1,99,1
8615,SÃºdwest-FryslÃ¢n,2.4,1.29245993020334,0.808539026017344,0,0.262295081967213,22.4,97,1
8616,SÃºdwest-FryslÃ¢n,2.6,1.39306139130234,0.984110169491525,0,0.352941176470588,22,35,1
8617,SÃºdwest-FryslÃ¢n,2.4,1.44447108102386,0.964269141531322,0,0.297872340425531,22,21,1
8618,SÃºdwest-FryslÃ¢n,2.2,1.37039567622783,0.942042042042042,0,0.306818181818181,23.5,108,0
8621,SÃºdwest-FryslÃ¢n,2.2,1.34822410293636,0.830377397401526,0,0.283333333333333,20.5,346,1
8622,SÃºdwest-FryslÃ¢n,2.5,1.30153518484376,0.937283737024221,0,0.306451612903225,17.5,67,1
8623,SÃºdwest-FryslÃ¢n,2.4,1.33049655470007,0.942488262910798,0,0.333333333333333,19.1,47,1
8624,SÃºdwest-FryslÃ¢n,2,1.40655970717253,0.945411922304085,0,0.311688311688311,25.1,97,1
8625,SÃºdwest-FryslÃ¢n,2.2,1.18906880806934,0.811402055021544,0,0.309523809523809,17.5,190,1
8626,SÃºdwest-FryslÃ¢n,2,1.40584615996447,0.99253954043569,0,0.52,22,73,0
8627,SÃºdwest-FryslÃ¢n,2.3,1.31421548867403,0.780036968576709,0,0.343283582089552,23.4,68,1
8628,SÃºdwest-FryslÃ¢n,2.6,1.38346905105892,0.965930363159865,0,0.326530612244897,22,77,1
8629,SÃºdwest-FryslÃ¢n,2.3,1.14142679939894,0.835920177383592,0,0.303514376996805,21.2,225,1
8631,SÃºdwest-FryslÃ¢n,2.6,2.24793439205262,0.997071742313323,0,0.3,22,424,1
8632,SÃºdwest-FryslÃ¢n,2.5,1.27985243359756,0.977229601518026,0,0.3,22,26,1
8633,SÃºdwest-FryslÃ¢n,2.2,1.1706296202606,0.817610062893081,0,0.293650793650793,23.2,230,1
8635,SÃºdwest-FryslÃ¢n,2.4,1.72562116686532,0.944028636511552,0,0.291139240506329,28.6,48,1
8636,SÃºdwest-FryslÃ¢n,2.3,1.2847645192249,0.978664831383344,0,0.25,22,14,1
8637,SÃºdwest-FryslÃ¢n,2.5,1.5913570296054,0.914619164619164,0,0.263157894736842,25,40,1
8641,SÃºdwest-FryslÃ¢n,2.1,1.08009415592513,0.936454849498327,0,0.238095238095238,22,24,1
8642,SÃºdwest-FryslÃ¢n,2.7,1.185672433893,0.975541967759866,0,0.307692307692307,22,13,1
8644,SÃºdwest-FryslÃ¢n,2.1,1.24095896322732,0.989089184060721,0,0.318181818181818,22,30,1
8647,SÃºdwest-FryslÃ¢n,2.3,1.42757465723682,0.906490649064906,0,0.303030303030303,24.2,64,0
8651,SÃºdwest-FryslÃ¢n,2.2,1.1818620714379,0.820224719101123,0,0.284033613445378,18.5,416,1
8658,SÃºdwest-FryslÃ¢n,3.2,1.08255462874259,0.991006183249016,0,0.2,22,29,1
8701,SÃºdwest-FryslÃ¢n,2,1.01424665611315,0.781425381690905,0.018302354598467,0.25754775107825,9.9,1144,1
8702,SÃºdwest-FryslÃ¢n,2.6,1.33279130437233,0.77981005979599,0,0.335012594458438,29,767,1
8711,SÃºdwest-FryslÃ¢n,2.1,0.855831446989319,0.825747658846037,0,0.266025641025641,15.9,514,1
8713,SÃºdwest-FryslÃ¢n,2,0.838228718072935,0.903565062388591,0,0.290697674418604,14.5,144,0
8715,SÃºdwest-FryslÃ¢n,2.1,1.02960072186179,0.810847229240357,0,0.294736842105263,15.7,176,1
8721,SÃºdwest-FryslÃ¢n,2.1,1.17073544234771,0.914086271702165,0,0.329113924050632,17.5,81,1
8722,SÃºdwest-FryslÃ¢n,2.3,1.11775017974273,0.972098765432098,0,0.348484848484848,22.4,36,1
8723,SÃºdwest-FryslÃ¢n,2.1,0.8966069363089,0.863682777399591,0,0.25812274368231,13,368,1
8724,SÃºdwest-FryslÃ¢n,2.7,1.32984592310957,0.990496832277425,0,0.333333333333333,36.7,22,1
8731,SÃºdwest-FryslÃ¢n,2.2,1.38038303738367,0.851992191985302,0,0.236897274633123,15.7,315,1
8732,SÃºdwest-FryslÃ¢n,2.3,1.29625984985089,0.978673775408197,0,0.319148936170212,26,30,1
8733,SÃºdwest-FryslÃ¢n,2.2,1.25000299268077,0.994590939824205,0,0.193798449612403,22,11,1
8734,SÃºdwest-FryslÃ¢n,2.3,1.28719451782868,0.885372870104005,0,0.310734463276836,18.7,128,1
8735,SÃºdwest-FryslÃ¢n,2.4,1.60006409299683,0.933962264150943,0,0.333333333333333,22,37,1
8736,SÃºdwest-FryslÃ¢n,2.8,1.34191429286748,0.974,0,0.23076923076923,22,22,1
8737,SÃºdwest-FryslÃ¢n,3.1,2.17801429518006,0.978260869565217,0,0.44,22,15,1
8741,SÃºdwest-FryslÃ¢n,2.4,1.28935134751662,0.995924416450537,0,0.4,22,17,1
8742,SÃºdwest-FryslÃ¢n,2.3,1.41512883614952,0.96013167520117,0,0.360655737704918,27.5,33,1
8743,SÃºdwest-FryslÃ¢n,2.7,1.30061599427353,0.987860394537177,0,0.3125,22,47,1
8744,SÃºdwest-FryslÃ¢n,2.3,1.17594575408465,0.958531611148878,0,0.4,22,35,1
8745,SÃºdwest-FryslÃ¢n,2,1.28061792033148,0.984686064318529,0,0.269454072790294,22,26,1
8746,SÃºdwest-FryslÃ¢n,2.3,1.6018735722459,0.96785464709993,0,0.366666666666666,22,24,1
8747,SÃºdwest-FryslÃ¢n,2.4,1.49052773698798,0.978478773584905,0,0.321428571428571,20.8,33,1
8748,SÃºdwest-FryslÃ¢n,2.2,1.39977058504093,0.893227637502446,0,0.258333333333333,13.5,260,1
8749,SÃºdwest-FryslÃ¢n,2.2,1.68154781098924,0.972923164162177,0,0.341666666666666,16.7,70,1
8751,SÃºdwest-FryslÃ¢n,1.9,1.1582953229237,0.978193146417445,0,0.323529411764705,22,31,1
8752,SÃºdwest-FryslÃ¢n,1.7,1.55358072045166,0.909296411415654,0,0.162014663493255,22,14,0
8753,SÃºdwest-FryslÃ¢n,2.2,1.57741019440872,0.969766551856104,0,0.375,22,11,1
8754,SÃºdwest-FryslÃ¢n,2.1,1.14264241304359,0.819694596711041,0,0.277941176470588,14.9,415,1
8755,SÃºdwest-FryslÃ¢n,2.4,1.2368376125905,0.98472775564409,0,0.333333333333333,22,59,1
8756,SÃºdwest-FryslÃ¢n,2.8,1.50165833448977,0.989738805970149,0,0.299393414211438,22,8,1
8757,SÃºdwest-FryslÃ¢n,2.1,1.22378496758497,0.96696269982238,0,0.378378378378378,22,26,0
8758,SÃºdwest-FryslÃ¢n,2.7,1.61739318752909,0.99016232169208,0,0.4,22,12,1
8759,SÃºdwest-FryslÃ¢n,2.4,1.7688142296397,0.942610305461277,0,0.272727272727272,20.2,56,1
8761,SÃºdwest-FryslÃ¢n,2.6,1.7306914896756,0.97777082028804,0,0.272727272727272,22,19,1
8762,SÃºdwest-FryslÃ¢n,2.6,1.46207344197991,0.990643274853801,0,0.375,22,12,1
8763,SÃºdwest-FryslÃ¢n,2.4,1.77928936651779,0.962420142803457,0,0.268041237113402,18.3,47,1
8764,SÃºdwest-FryslÃ¢n,2.5,1.41067064136695,0.954659949622166,0,0.333333333333333,22,26,1
8765,SÃºdwest-FryslÃ¢n,2.6,1.38787474959653,0.97081755402094,0,0.32183908045977,26.8,45,1
8766,SÃºdwest-FryslÃ¢n,2.3,1.22378496758497,0.87783595113438,0,0.290457561432885,22,3,0
8771,SÃºdwest-FryslÃ¢n,2.4,1.34578372144322,0.925576696413537,0,0.317708333333333,23.7,107,1
8772,SÃºdwest-FryslÃ¢n,2.3,1.93005357378029,1,0,0.588623161704343,22,11,1
8773,SÃºdwest-FryslÃ¢n,2.5,1.62031752075483,0.90953947368421,0,0.318181818181818,31.1,67,1
8774,SÃºdwest-FryslÃ¢n,3.1,1.32440720719343,0.994502748625687,0,0.275862068965517,22,17,1
8775,SÃºdwest-FryslÃ¢n,2.8,1.49975321681462,0.991471215351812,0,0.128311463233473,22,9,1
8801,Waadhoeke,1.9,0.928690013832065,0.803555422766656,0.0804827415256863,0.261209964412811,11.5,1099,1
8802,Waadhoeke,2.3,1.04950928155639,0.723237065006633,0,0.27906976744186,15.1,860,1
8804,Waadhoeke,2.3,1.23514542318488,0.937312357391617,0,0.267857142857142,15.5,139,1
8805,Waadhoeke,2.2,1.38289921108149,0.946428571428571,0,0.311111111111111,12.9,47,1
8806,Waadhoeke,2.2,1.02746454723747,0.938796680497925,0,0.321739130434782,14.6,80,0
8807,Waadhoeke,2.1,1.10542131992579,0.917388407728181,0,0.338709677419354,15.9,47,1
8808,Waadhoeke,2.1,1.15627563250615,0.864743011722272,0,0.355263157894736,11.8,69,1
8809,Waadhoeke,2.6,1.60000000033727,0.917661097852028,0,0.333333333333333,22,12,1
8811,Waadhoeke,2.1,1.31656799884432,0.901044529961517,0,0.329411764705882,18,67,1
8812,Waadhoeke,2.3,1.39838504169752,0.950470529965329,0,0.36,22.6,37,1
8813,Waadhoeke,2.3,1.21741394197773,0.946835443037974,0,0.333333333333333,22,48,1
8814,Waadhoeke,2.7,1.75576378358634,0.975026014568158,0,0.36,22,19,1
8816,Waadhoeke,2.5,1.53155398110143,0.98048048048048,0,0.285714285714285,22,23,1
8821,SÃºdwest-FryslÃ¢n,2,1.26319408485435,0.948623853211009,0,0.361111111111111,15.8,77,1
8822,SÃºdwest-FryslÃ¢n,2.2,1.51136255718271,0.910057598582188,0,0.307317073170731,18.7,123,1
8823,SÃºdwest-FryslÃ¢n,2.2,1.30472388857802,0.954770551337074,0,0.32258064516129,17.7,39,1
8831,Waadhoeke,2.3,1.63151475653671,0.896579541787673,0,0.291079812206572,15.2,160,1
8832,Leeuwarden,2.5,1.29234975856075,0.988797610156833,0,0.4,22,16,1
8833,Leeuwarden,2.8,1.40004141854119,0.995967741935483,0,0.31535444566306,22,12,1
8834,Leeuwarden,2.5,1.48813515236783,0.930169491525423,0,0.317073170731707,22,27,1
8835,Leeuwarden,2.2,1.22378496758497,0.884692849949647,0,0.341176470588235,24.6,60,1
8841,Waadhoeke,2.3,1.27881600166704,0.975022301516503,0,0.333333333333333,22,49,1
8842,Waadhoeke,2.4,1.28479546101022,0.917280643000669,0,0.269662921348314,16.3,55,1
8843,Waadhoeke,2.3,1.22378496758497,0.935501962983735,0,0.313725490196078,17,39,1
8844,SÃºdwest-FryslÃ¢n,2.9,1.37467437012384,0.999091734786557,0,0.333333333333333,22,11,1
8845,SÃºdwest-FryslÃ¢n,2.5,1.1972818352893,0.988689915174363,0,0.3125,22,13,1
8851,Waadhoeke,2.2,1.37728089859777,0.909586197950447,0,0.275985663082437,14.1,229,1
8852,Waadhoeke,2.2,1.48643477549749,0.992947813822284,0,0.224545060658578,22,18,1
8853,Waadhoeke,2.9,1.22378496758497,0.906611570247933,0,0.336817590987868,22,48,0
8854,Waadhoeke,2.2,1.22378496758497,0.922344540315382,0,0.256880733944954,13.7,75,1
8855,Waadhoeke,2.2,0.898242153134259,0.863406593406593,0,0.26878612716763,13.5,230,1
8856,Waadhoeke,2.1,1.26707366721204,0.983805668016194,0,0.3,22,124,1
8857,Harlingen,2.3,1.4806766612436,0.939698492462311,0,0.326530612244897,14.7,57,1
8861,Harlingen,1.8,0.868543499937754,0.786460925833748,0,0.287786259541984,12,1212,1
8862,Harlingen,2.2,0.919456197092029,0.766802721088435,0,0.273837209302325,12.9,1088,0
8871,Harlingen,2,2.33925038031697,0.906976744186046,0,0.162014663493255,22,61,1
8872,Harlingen,2,1.05797813678925,0.754993946731234,0,0.310344827586206,12.4,307,1
8881,Terschelling,1.7,0.778177584910386,0.889726865063188,0,0.24853228962818,17,356,1
8882,Terschelling,2.5,1.51790134930645,0.995226730310262,0,0.149696707105719,22,35,1
8883,Terschelling,1.6,0.910769230753069,0.995575221238938,0,0.337894489121107,22,57,1
8884,Terschelling,2.5,1.2505295124248,0.92800899887514,0,0.296296296296296,22,159,1
8885,Terschelling,2,1.28182336182336,0.844919786096256,0,0.179636048526863,22,75,1
8891,Terschelling,1.9,1.33792688018611,0.921368821292775,0,0.313432835820895,17.6,253,1
8892,Terschelling,2.3,1.51796415933557,0.966911764705882,0,0.337894489121107,22,185,1
8893,Terschelling,2.2,1.0904066047364,0.968094038623005,0,0.3,22,230,1
8894,Terschelling,2.1,1.3284192890538,0.978577549271636,0,0.294117647058823,27.8,156,1
8895,Terschelling,2.2,1.29380516869028,0.935338345864661,0,0.357142857142857,22,128,1
8896,Terschelling,2.1,1.05266605153603,0.898256992298338,0,0.326315789473684,20.2,135,1
8897,Terschelling,2.3,1.3110665872559,0.971176197117619,0,0.290322580645161,22,55,0
8899,Vlieland,1.6,0.632772666556573,0.955071228540119,0,0.302788844621513,15.1,223,0
8911,Leeuwarden,1.2,0.321359995038789,0.477538275584206,0.975483578025153,0.130752373995617,5,4603,1
8912,Leeuwarden,1.8,0.902515885942237,0.818175638934203,0.0562432499792307,0.24390243902439,22,945,0
8913,Leeuwarden,1.9,0.778495831975994,0.780426599749058,0.520084744311241,0.236282194848824,18.8,3060,1
8914,Leeuwarden,1.9,1.00673138806195,0.78193221565553,0.147308344902051,0.211267605633802,20.2,1635,1
8915,Leeuwarden,1.9,0.82154594546035,0.752732755371277,0,0.225095785440613,8.9,1698,1
8916,Leeuwarden,1.7,0.772676224101109,0.746641963872163,0,0.237795275590551,11.9,3165,1
8917,Leeuwarden,1.7,0.531280146790016,0.811881188118811,0.0925211548033847,0.222527472527472,23.1,4001,1
8918,Leeuwarden,1.8,0.611393205655223,0.839177489177489,0,0.245145631067961,2.8,2572,1
8919,Leeuwarden,2,0.934022634643637,0.802347320315745,0,0.314465408805031,23.2,1197,0
8921,Leeuwarden,1.6,0.597966613526735,0.822599531615925,0.100800711743772,0.201537616694124,5,4208,1
8922,Leeuwarden,1.5,0.530455787414431,0.782367758186398,0,0.222390317700453,3.2,4303,1
8923,Leeuwarden,1.9,0.680074336740162,0.804224464060529,0,0.225895316804407,4.5,2438,1
8924,Leeuwarden,1.6,0.512416023909298,0.712792642140468,0,0.220689655172413,1.6,2465,1
8925,Leeuwarden,2.1,1.05501157379948,0.696892757828557,0,0.285990338164251,17.4,1389,1
8926,Leeuwarden,2.1,0.98996687086196,0.862293860057765,0,0.267307692307692,8.9,1282,1
8927,Leeuwarden,2.9,1.42267717097579,0.859201317414574,0,0.333333333333333,50.4,825,1
8931,Leeuwarden,1.5,0.661233938802075,0.846452668166019,0,0.215094339622641,3,1995,1
8932,Leeuwarden,1.7,0.693993659050685,0.724827152734129,0.27686752476616,0.253521126760563,6.6,3087,1
8933,Leeuwarden,1.6,0.558815514896097,0.853620474406991,0.20820547331603,0.210268948655256,6.3,3689,1
8934,Leeuwarden,2,0.849508738847579,0.591459896133871,0.0265242315909715,0.24757281553398,12.7,2782,1
8935,Leeuwarden,1.9,0.900366791313351,0.700768419466626,0,0.234854151084517,9.8,1715,1
8936,Leeuwarden,2.1,0.768901751630384,0.647447030218826,0,0.204225352112676,3.3,1816,1
8937,Leeuwarden,1.7,0.491735815473394,0.511424219345011,0,0.162162162162162,0.2,2122,1
8938,Leeuwarden,1.7,1.22378496758497,0.724355407160081,0,0.283333333333333,22,708,1
8939,Leeuwarden,2.8,1.22378496758497,0.705243939547621,0,0.342153284671532,41.8,753,1
8941,Leeuwarden,3.1,1.24261294786857,0.82636518771331,0,0.182044887780548,40.4,417,1
9001,Leeuwarden,2.1,1.02823409287876,0.818998649631245,0,0.296587926509186,17.9,739,1
9003,Leeuwarden,2.2,1.25657167885634,0.917090909090909,0,0.305555555555555,18.3,114,0
9004,Leeuwarden,2.5,1.05006495593504,1,0,0.179636048526863,22,6,1
9005,Leeuwarden,2.3,1.14561751899528,0.89712918660287,0,0.275132275132275,20.1,268,1
9006,Leeuwarden,3.7,1.22378496758497,0.99438202247191,0,0.410129228084843,22,8,1
9007,Leeuwarden,2.1,2.07116273069761,0.942418426103646,0,0.4375,22,17,1
9008,Leeuwarden,2.3,1.27541248088253,0.874135546334716,0,0.268518518518518,18.3,143,1
9009,Leeuwarden,2.8,1.43335609067413,0.974747474747474,0,0.294117647058823,22,27,1
9011,Leeuwarden,2.3,1.63554910845525,0.863242931332948,0,0.292857142857142,18.1,184,1
9012,SÃºdwest-FryslÃ¢n,2.5,1.32170811564377,0.924477611940298,0,0.2890625,22.8,76,1
9013,SÃºdwest-FryslÃ¢n,2.2,1.39998556495372,0.977258758451137,0,0.294117647058823,22,31,1
9014,SÃºdwest-FryslÃ¢n,2.3,1.35700963290589,0.913570887035633,0,0.333333333333333,25,53,1
9021,SÃºdwest-FryslÃ¢n,2.4,1.21992620933967,0.788627935723115,0,0.283582089552238,17.5,50,1
9022,Leeuwarden,2.5,0.904511279659036,0.786987801063497,0,0.299559471365638,24.8,150,1
9023,Leeuwarden,2.1,1.3366692029587,0.961197339246119,0,0.333333333333333,17.5,45,1
9024,Leeuwarden,2.1,1.07496667212567,0.74009900990099,0,0.231481481481481,18.2,86,1
9025,Leeuwarden,2.3,1.25723460555619,0.969611307420494,0,0.384615384615384,22,44,1
9026,Leeuwarden,2.5,1.5488798603321,0.943139678615574,0,0.413793103448275,22,36,1
9027,Leeuwarden,2.5,1.22378496758497,0.919011082693947,0,0.338709677419354,26.4,36,1
9031,Waadhoeke,2.2,0.976468273879384,0.837648705388383,0,0.354430379746835,19.2,61,1
9032,Waadhoeke,1.9,0.888868823083949,0.975757575757575,0,0.290697674418604,22,30,1
9033,Waadhoeke,2.4,1.22005764518972,0.872238022314592,0,0.319047619047619,23.9,133,1
9034,Waadhoeke,2.1,1.36994097796997,0.916245365689248,0,0.29326923076923,13.1,144,1
9035,Waadhoeke,2.3,1.055299082978,0.852216748768472,0,0.29500756429652,19.4,378,0
9036,Waadhoeke,2.3,1.24187750600189,0.858062386532431,0,0.261484098939929,16.4,354,1
9037,Waadhoeke,2.7,1.44006477242092,0.994616419919246,0,0.375,22,14,1
9038,Waadhoeke,2.4,1.88248607930463,0.875595238095238,0,0.305555555555555,20.8,73,1
9041,Waadhoeke,2.3,1.04670054132167,0.794510540596952,0,0.262081784386617,14.8,323,1
9043,Waadhoeke,2.1,1.36158372746021,0.868377483443708,0,0.333333333333333,22,38,1
9044,Waadhoeke,2.4,0.97897506404439,0.752833243389098,0,0.297297297297297,15.5,167,1
9045,Waadhoeke,2.3,1.35338658398595,0.854584020740042,0,0.315217391304347,16.2,177,1
9047,Waadhoeke,2.2,1.34524890295209,0.899760817569036,0,0.299450549450549,13.6,230,1
9051,Leeuwarden,2.3,1.06994751794637,0.808025709332318,0,0.266495836002562,17,699,1
9053,Leeuwarden,2.4,1.40664387919685,0.98237686398554,0,0.34375,22,50,1
9054,Leeuwarden,2.2,0.810927089970672,0.899610136452241,0,0.261904761904761,10.6,63,1
9055,Leeuwarden,2.3,1.22378496758497,0.816651638112413,0,0.277486910994764,16.9,309,0
9056,Leeuwarden,2.3,1.22378496758497,0.928833231521075,0,0.28235294117647,17.4,137,1
9057,Leeuwarden,2.1,1.22378496758497,0.967544083823153,0,0.295081967213114,18.6,104,0
9061,Tytsjerksteradiel,2.2,1.38646441449959,0.764527629233511,0,0.265350877192982,15.7,350,1
9062,Tytsjerksteradiel,2.1,1.19102467106482,0.807066854045372,0,0.228426395939086,14.7,388,1
9063,Tytsjerksteradiel,2.5,1.56046057248046,0.889408099688473,0,0.311258278145695,24.3,208,1
9064,Tytsjerksteradiel,2.3,1.07370140969556,0.929913661757237,0,0.257142857142857,22.6,99,0
9067,Dantumadiel,2.4,1.42882456870972,0.984911436693636,0,0.324324324324324,22,66,1
9071,Leeuwarden,2.1,1.29852888238097,0.696172248803827,0,0.375,18.3,44,1
9072,Waadhoeke,2.5,1.49460148502402,0.764705882352941,0,0.269841269841269,14.1,66,1
9073,Noardeast-FryslÃ¢n,2.3,1.3078486130381,0.898423254317279,0,0.267148014440433,12.3,177,0
9074,Noardeast-FryslÃ¢n,2.3,1.32760293193499,0.889965592303911,0,0.28411214953271,14.2,307,0
9075,Waadhoeke,2.1,1.45956712046098,0.958128078817734,0,0.372549019607843,11.3,23,1
9076,Waadhoeke,2.2,1.20847431407894,0.848780212969744,0,0.251762336354481,12.3,490,1
9077,Waadhoeke,2.2,1.49702341853627,0.918772563176895,0,0.35,14.2,79,0
9078,Waadhoeke,2.1,1.40326385768948,0.942647692971108,0,0.356382978723404,13.8,82,1
9079,Waadhoeke,2.1,1.2130810604432,0.912090274046211,0,0.31858407079646,11.1,157,1
9081,Leeuwarden,2.2,1.05207501093614,0.782139352306182,0,0.310344827586206,13.3,390,1
9082,Leeuwarden,2.9,1.50007418687119,0.948717948717948,0,0.150027920533459,22,19,1
9083,Leeuwarden,1.9,1.07826850555703,0.929729729729729,0,0.3,18.3,1423,1
9084,Leeuwarden,2.5,1.22644398808283,0.788903723483162,0,0.269746646795827,28.9,921,1
9085,Leeuwarden,1.6,0.847242125864009,0.783783783783783,0,0.162014663493255,22,818,1
9086,Leeuwarden,2.6,1.42453329838849,0.969115191986644,0,0.345454545454545,49.5,478,1
9087,Leeuwarden,2.9,1.53320431701182,0.991561181434599,0,0.222222222222222,22,44,1
9088,Leeuwarden,2.3,1.22025744795514,0.889071150297313,0,0.29059829059829,18.7,150,1
9089,Leeuwarden,2.2,1.16684335780724,0.891261171797418,0,0.297520661157024,18.5,81,1
9091,Tytsjerksteradiel,2.5,1.21121618782408,0.979220039851978,0,0.269230769230769,22,21,0
9101,Noardeast-FryslÃ¢n,2,0.943381030261727,0.787908711871845,0.0396637398416713,0.241379310344827,9.3,1033,1
9102,Noardeast-FryslÃ¢n,2.5,1.27379985047449,0.660714285714285,0,0.29047619047619,21.8,769,1
9103,Noardeast-FryslÃ¢n,2.5,1.41567280412678,0.862826282628262,0,0.321011673151751,23.4,757,0
9104,Dantumadiel,2.3,1.55138740869238,0.85353950759445,0,0.248896734333627,13.6,572,1
9105,Dantumadiel,2.5,1.32059512010393,0.944201722631381,0,0.295454545454545,18.2,114,0
9106,Dantumadiel,2.5,1.22378496758497,1,0,0.256622926466947,22,35,1
9107,Noardeast-FryslÃ¢n,2.7,1.71544106936091,0.979328165374677,0,0.272727272727272,22,10,1
9108,Dantumadiel,2.5,1.43176820829238,0.925230394713962,0,0.285123966942148,18.9,173,0
9109,Dantumadiel,2.8,1.89024359768376,0.969921104536489,0,0.36,22,71,1
9111,Noardeast-FryslÃ¢n,2.2,1.46339607605054,0.813326282390269,0,0.265306122448979,13.6,164,1
9112,Noardeast-FryslÃ¢n,2.3,1.66211087311423,0.900105152471083,0,0.2992700729927,16.2,157,1
9113,Dantumadiel,2.7,1.34922678882114,0.916827175625984,0,0.271794871794871,22.1,132,1
9114,Dantumadiel,2.7,1.49830190421551,0.930161323259138,0,0.292553191489361,17.4,109,0
9121,Noardeast-FryslÃ¢n,2.4,1.3186435272814,0.98477157360406,0,0.227272727272727,22,125,1
9122,Noardeast-FryslÃ¢n,2.5,1.54999828298374,0.967091295116772,0,0.363636363636363,22,10,1
9123,Noardeast-FryslÃ¢n,2.3,1.3310435238462,0.785604311008468,0,0.242774566473988,14.8,140,1
9124,Noardeast-FryslÃ¢n,2.7,1.7999931097499,0.9953434225844,0,0.37375415282392,22,12,1
9125,Noardeast-FryslÃ¢n,2.6,1.23796903727054,0.933588761174968,0,0.314285714285714,22,83,0
9131,Noardeast-FryslÃ¢n,2.2,1.16769513020021,0.932046979865771,0,0.265060240963855,12.1,96,1
9132,Noardeast-FryslÃ¢n,2.3,1.15174596695828,0.875265167585914,0,0.324561403508771,8.5,64,1
9133,Noardeast-FryslÃ¢n,2.4,1.35783376506861,0.965144079526865,0,0.272727272727272,14.4,132,1
9134,Noardeast-FryslÃ¢n,2.5,1.22378496758497,0.932980599647266,0,0.253164556962025,12.6,72,1
9135,Noardeast-FryslÃ¢n,2.4,1.22378496758497,0.981563593932322,0,0.270833333333333,22,65,1
9136,Noardeast-FryslÃ¢n,2.1,1.24998156894436,0.942959917780061,0,0.375,7.7,79,1
9137,Noardeast-FryslÃ¢n,2.5,1.54716396634863,0.879684018634798,0,0.288043478260869,17,113,1
9138,Noardeast-FryslÃ¢n,2.4,1.42474816559624,0.931633407243163,0,0.337837837837837,18.7,60,1
9141,Noardeast-FryslÃ¢n,1.8,1.22378496758497,0.943413729128014,0,0.338983050847457,4.9,61,1
9142,Noardeast-FryslÃ¢n,2.1,1.17614408515509,0.927211646136618,0,0.348837209302325,10.6,85,1
9143,Noardeast-FryslÃ¢n,2,1.22738213866155,0.941662226957911,0,0.302631578947368,9.8,60,1
9144,Noardeast-FryslÃ¢n,2.4,1.2358655253507,0.959047221061429,0,0.34090909090909,22,23,1
9145,Noardeast-FryslÃ¢n,2.3,1.39670280461,0.895103645461043,0,0.290566037735849,13.4,173,1
9146,Noardeast-FryslÃ¢n,3.3,1.23999536182325,0.993410214168039,0,0.214285714285714,22,9,1
9147,Noardeast-FryslÃ¢n,2.4,1.53026872966138,0.914533622559653,0,0.23076923076923,14.8,56,1
9148,Noardeast-FryslÃ¢n,3,1.59998637503799,0.951839464882943,0,0.307692307692307,22,12,1
9151,Noardeast-FryslÃ¢n,2.2,0.975678197743879,0.666209150326797,0,0.279874213836478,10.2,213,1
9152,Noardeast-FryslÃ¢n,2.4,1.31249390813677,0.992025518341307,0,0.32703488372093,22,37,1
9153,Noardeast-FryslÃ¢n,2.2,1.28809127906443,0.953053783044667,0,0.306122448979591,15.5,41,1
9154,Noardeast-FryslÃ¢n,2.5,1.69202351323662,0.989074550128534,0,0.428571428571428,22,26,1
9155,Noardeast-FryslÃ¢n,2.5,1.67440163765923,0.952402957486136,0,0.325581395348837,22,28,1
9156,Noardeast-FryslÃ¢n,2.8,1.59790439725279,0.98169223156853,0,0.380952380952381,22,31,1
9161,Ameland,2.1,0.928209688193507,0.897581120943952,0,0.254826254826254,15.2,328,1
9162,Ameland,1.9,1.08603199584016,0.958633887825702,0,0.224489795918367,19.2,128,1
9163,Ameland,1.9,0.864346566899943,0.863092942537601,0,0.287937743190661,17.9,303,1
9164,Ameland,2.2,1.13551055124244,0.953114382785957,0,0.23841059602649,18.5,221,0
9166,Schiermonnikoog,1.7,0.644886830991328,0.922926447574335,0,0.287179487179487,13,325,0
9171,Noardeast-FryslÃ¢n,2.3,1.30386816077676,0.943324937027707,0,0.265060240963855,10.5,90,0
9172,Noardeast-FryslÃ¢n,2.1,1.34610985524388,0.898789124971441,0,0.259562841530054,12,252,1
9173,Noardeast-FryslÃ¢n,2.1,1.23416974913862,0.992033739456419,0,0.294117647058823,22,27,1
9174,Noardeast-FryslÃ¢n,2.4,1.19381885771668,0.945132743362831,0,0.277777777777777,22,19,1
9175,Noardeast-FryslÃ¢n,2.4,1.31693614570566,0.9764177428411,0,0.407407407407407,22,22,1
9176,Noardeast-FryslÃ¢n,2.3,1.41354421395208,0.985855728429985,0,0.384615384615384,22,10,1
9177,Noardeast-FryslÃ¢n,2.6,1.4136338355043,0.87719298245614,0,0.333333333333333,22,13,1
9178,Noardeast-FryslÃ¢n,2.5,1.17621690870388,0.986383567966766,0,0.288888888888888,22,21,1
9201,Smallingerland,1.9,0.865675182481751,0.69299583206262,0.00535426140531025,0.264957264957265,6.2,2011,1
9202,Smallingerland,2.1,0.937607938023112,0.675642594859241,0,0.254278728606357,5.9,1645,1
9203,Smallingerland,1.8,0.903884312320617,0.66237822216007,0.157142857142857,0.228338430173292,9,2025,1
9204,Smallingerland,2.3,1.19612795857988,0.718035974720466,0,0.275882352941176,19.9,1110,1
9205,Smallingerland,2.2,1.14176577669902,0.700988113991121,0,0.29923830250272,16,830,1
9206,Smallingerland,2.1,1.539,0.652543875199432,0,0.436046511627907,22,622,0
9207,Smallingerland,2.4,1.2579320889416,0.69606413994169,0,0.297129557796741,21.2,995,1
9211,Smallingerland,2.2,1.53157464357898,0.963479096588178,0,0.342105263157894,22,333,1
9212,Smallingerland,2.5,1.35421910356179,0.897164824603556,0,0.301369863013698,23.3,291,1
9213,Smallingerland,2.3,1.6275,0.953703703703703,0,0.349206349206349,40.6,179,1
9214,Smallingerland,2.2,1.8225,0.995219123505976,0,0.348837209302325,22,43,0
9215,Smallingerland,2.5,1.3466130173449,0.991094814038763,0,0.326923076923076,22,25,0
9216,Smallingerland,2.4,1.34544535934393,0.949152542372881,0,0.306306306306306,21.5,153,0
9217,Smallingerland,2.6,1.501875,0.969645042839657,0,0.33695652173913,28.4,47,0
9218,Smallingerland,2.5,1.43206834532373,0.900236593059936,0,0.295264623955431,23.5,194,1
9219,Smallingerland,2.6,1.50050275832519,0.972055888223552,0,0.313432835820895,26,41,1
9221,Smallingerland,2.4,1.36644739315579,0.884057971014492,0,0.295774647887324,19.3,174,1
9222,Smallingerland,2.6,1.38248874754306,0.908457040035987,0,0.304347826086956,21.7,96,1
9223,Smallingerland,2.4,1.39591052680092,0.910195068089804,0,0.27127659574468,16.6,163,1
9231,Achtkarspelen,2.2,1.21863666715359,0.72805234404777,0,0.251223491027732,11.6,691,1
9233,Achtkarspelen,2.4,1.35490573574882,0.925211097708082,0,0.293388429752066,16.7,146,1
9241,Opsterland,2.4,1.38365712841295,0.956887102667153,0,0.273159144893111,17.5,125,1
9243,Opsterland,2.3,1.44832888777185,0.927883017613825,0,0.300261096605744,22.4,183,1
9244,Opsterland,2.1,1.43528131758064,0.851754739814441,0,0.280821917808219,18.3,484,1
9245,Opsterland,2.4,1.15186884504364,0.932116371933827,0,0.326219512195122,21.5,106,1
9246,Opsterland,2.3,1.22378496758497,0.956483126110124,0,0.428571428571428,22,29,1
9247,Opsterland,2.4,1.33640418762484,0.886026541764246,0,0.259448416751787,18.7,461,1
9248,Opsterland,2.7,1.75623337918175,0.979953315941233,0,0.335329341317365,27.8,62,1
9249,Opsterland,2.6,1.51116131606643,0.880864373045209,0,0.287878787878787,26.6,105,1
9251,Tytsjerksteradiel,2.2,1.30405331717475,0.792265852022949,0,0.260287555775904,14.1,903,1
9254,Tytsjerksteradiel,2.2,1.24002080728643,0.976839123552445,0,0.253201970443349,14.4,583,1
9255,Tytsjerksteradiel,2.4,1.27441699601138,0.913662604233483,0,0.256965944272445,20.1,214,0
9256,Tytsjerksteradiel,2.3,1.39876995374056,0.926391382405745,0,0.318181818181818,22.4,156,1
9257,Tytsjerksteradiel,2.4,1.4842467690164,0.904996550704641,0,0.292576419213973,17.1,200,1
9258,Tytsjerksteradiel,2.5,1.5592910167774,0.892819706498951,0,0.279569892473118,16.2,98,1
9261,Tytsjerksteradiel,2.4,1.30365146915324,0.919642857142857,0,0.291139240506329,20.2,111,1
9262,Tytsjerksteradiel,2.4,1.5237442367755,0.882332936575412,0,0.3003663003663,15.5,165,1
9263,Tytsjerksteradiel,2.4,1.55092768430573,0.932140895897073,0,0.277333333333333,18.6,195,1
9264,Tytsjerksteradiel,2.1,1.69854960060401,0.885269346893373,0,0.32051282051282,19.1,165,1
9265,Tytsjerksteradiel,2.5,1.86573192161874,0.971920023522493,0,0.314960629921259,28.8,55,0
9269,Dantumadiel,2.2,1.22577605573368,0.865419385268453,0,0.270194986072423,15.9,422,0
9271,Dantumadiel,2.2,1.34722434443693,0.847824625109273,0,0.274927395934172,10.6,626,1
9281,Achtkarspelen,2.4,1.22921766171625,0.820773205059682,0,0.278290993071593,12.8,470,1
9283,Achtkarspelen,2.4,1.60881366968735,0.924469666261316,0,0.318181818181818,18.7,111,1
9284,Achtkarspelen,2.4,1.34357426920351,0.908990536277602,0,0.342857142857142,18.7,126,1
9285,Achtkarspelen,2.3,1.2391736048778,0.849051313206841,0,0.253367003367003,15.1,587,1
9286,Achtkarspelen,2.3,1.51994668298034,0.917731221257026,0,0.304932735426008,16.9,115,1
9287,Achtkarspelen,2.4,1.33661523640246,0.886452490226075,0,0.302197802197802,11.1,293,1
9288,Achtkarspelen,2.3,1.46195415008741,0.855822948001719,0,0.275862068965517,13,275,1
9289,Achtkarspelen,2.4,1.35458288223757,0.883454443823365,0,0.271641791044776,14.8,204,1
9291,Noardeast-FryslÃ¢n,2.2,1.18748023774021,0.848038528077804,0,0.255834053586862,13.2,660,1
9292,Noardeast-FryslÃ¢n,3,1.22697561929959,1,0,0.285714285714285,22,15,0
9293,Noardeast-FryslÃ¢n,2.2,1.44067703003274,0.955922330097087,0,0.32258064516129,15.9,36,1
9294,Noardeast-FryslÃ¢n,2.3,1.4284613590903,0.927917164476304,0,0.333333333333333,14.2,93,0
9295,Noardeast-FryslÃ¢n,2.5,1.619445521368,0.931526990128124,0,0.290322580645161,23.9,66,0
9296,Noardeast-FryslÃ¢n,2.8,1.55917721350837,0.971686746987951,0,0.283582089552238,22.8,61,1
9297,Noardeast-FryslÃ¢n,2.3,0.916307909798764,0.990589711417816,0,0.25,22,64,1
9298,Noardeast-FryslÃ¢n,2.4,1.32729334811315,0.8844292627384,0,0.278991596638655,14.5,275,1
9299,Noardeast-FryslÃ¢n,2.4,1.39963694054156,0.853087295954577,0,0.321739130434782,13.7,358,1
9301,Noordenveld,2,1.06786305059281,0.715814143060933,0,0.246313963573287,12.9,1138,1
9302,Noordenveld,2.4,1.25856298698611,0.665893271461717,0,0.324283559577677,28.9,935,1
9304,Noordenveld,2.3,1.60525080828666,0.98808075893943,0,0.326086956521739,22,24,0
9305,Noordenveld,2.2,1.24636081537578,0.945145364783324,0,0.3125,16.1,70,1
9306,Noordenveld,2,1.61197512735639,0.975871313672922,0,0.19047619047619,22,53,1
9307,Noordenveld,2.1,1.19836891542923,0.993559322033898,0,0.41025641025641,22,39,0
9311,Noordenveld,2.3,1.33071082596911,0.870547682880122,0,0.294117647058823,20.8,675,0
9312,Noordenveld,2.1,1.32320470708367,0.873665922065028,0,0.280788177339901,21,568,1
9313,Noordenveld,2.4,1.52861616352455,0.983595800524934,0,0.34375,22,184,0
9314,Noordenveld,2.4,1.40234045544982,0.988748241912798,0,0.25,22,57,0
9315,Noordenveld,2.3,1.42892061510267,0.969239869860987,0,0.417910447761194,32.9,44,0
9321,Noordenveld,2.3,1.24853036768478,0.888103749272591,0,0.307692307692307,25.8,404,0
9331,Noordenveld,2,1.25686075810995,0.873036093418259,0,0.266009852216748,15.8,402,1
9333,Noordenveld,2.3,1.22378496758497,0.989004398240703,0,0.377777777777777,22,34,1
9334,Noordenveld,2.4,1.22378496758497,0.996131528046421,0,0.333333333333333,22,20,1
9335,Noordenveld,2.4,1.58708147666672,0.961964371689937,0,0.363636363636363,22,12,0
9336,Noordenveld,2.3,1.1488015530635,0.963354474982381,0,0.296296296296296,22,25,1
9337,Noordenveld,2.4,1.76361837634089,0.969569288389513,0,0.342857142857142,22,72,0
9341,Noordenveld,2.3,1.4389363821323,0.95242938737188,0,0.348,15.1,115,1
9342,Noordenveld,2.2,1.33785888885162,0.972141918528252,0,0.350318471337579,24.6,70,0
9343,Noordenveld,2.4,1.643364903952,0.962694300518134,0,0.333333333333333,22,52,1
9351,Westerkwartier,2.3,1.16345611224283,0.762079768646824,0,0.262301918265221,17.7,957,1
9354,Westerkwartier,2.4,1.44850547135619,0.930770205219153,0,0.302536231884058,21.5,162,1
9355,Westerkwartier,2.3,1.24717976086248,0.992803598200899,0,0.333333333333333,27.4,61,0
9356,Westerkwartier,2.2,1.24670706296635,0.826743180567565,0,0.295119182746878,15.1,785,0
9359,Westerkwartier,3,1.73911506313357,1,0,0.179636048526863,22,24,1
9361,Westerkwartier,2.6,1.58790342664785,0.961407491486946,0,0.344262295081967,23.5,67,1
9362,Westerkwartier,2.4,1.45127894810453,0.870511425462459,0,0.328125,27.1,62,1
9363,Westerkwartier,2.3,1.26966233997332,0.829128440366972,0,0.28125,19.7,511,1
9364,Westerkwartier,2.3,1.60463214642887,0.918835465372739,0,0.357142857142857,20.3,93,1
9365,Westerkwartier,2.6,1.63346010372697,0.970289675662292,0,0.358778625954198,26.3,49,1
9366,Westerkwartier,2.3,1.45535843571435,0.97618069815195,0,0.326923076923076,19.3,43,0
9367,Westerkwartier,2.3,1.33438343354135,0.90004891570194,0,0.269230769230769,16.2,178,0
9401,Assen,1.6,0.699989462187444,0.538686253234287,0.533114985480889,0.242677824267782,12.1,2430,1
9402,Assen,1.9,0.825042561470984,0.661517403206883,0.0331806089269878,0.258774538964901,6.9,2452,1
9403,Assen,2.3,1.52752887807823,0.609917768814682,0.00244783853499361,0.320952037504507,21.4,1205,1
9404,Assen,1.9,0.857129480299936,0.798095791845337,0.0548878534786146,0.251009421265141,9.7,1394,1
9405,Assen,2.2,1.24949673299626,0.784968684759916,0,0.280559646539028,18.5,581,1
9406,Assen,1.9,1.22378496758497,0.738551066880323,0.0069651835661801,0.254173397953688,6.3,1851,1
9407,Assen,2.2,1.00737517665045,0.540030708488703,0,0.275351014040561,9.1,1328,1
9408,Assen,2.8,1.29814711178608,0.695781563871735,0,0.28816199376947,30.5,985,1
9409,Assen,2.3,1.22378496758497,0.972122944960686,0,0.377358490566037,40.7,157,1
9411,Midden-Drenthe,2.1,1.11010460293002,0.892761509890299,0,0.273145485911443,14.9,778,1
9412,Midden-Drenthe,2.4,1.37750631548334,0.6280260707635,0,0.358649789029535,24.4,455,1
9413,Midden-Drenthe,2.8,1.39764856280978,0.706065857885615,0,0.280898876404494,35.8,460,0
9414,Midden-Drenthe,2.3,1.32138156428721,0.959724810090296,0,0.315112540192926,23.5,154,1
9415,Midden-Drenthe,2.5,1.35863832225829,0.972271213011953,0,0.307262569832402,29.7,75,0
9416,Midden-Drenthe,2.3,1.28810218033527,0.969346443030653,0,0.258064516129032,22,99,1
9417,Midden-Drenthe,2.2,1.40516456026643,0.969370582295523,0,0.363636363636363,24,56,1
9418,Midden-Drenthe,2.4,1.4400002204315,0.90976427017812,0,0.313364055299539,25.6,77,0
9419,Midden-Drenthe,2.2,1.31212034485308,0.992482311320754,0,0.352941176470588,17.8,28,0
9421,Midden-Drenthe,2.3,1.26056476534118,0.826569435637286,0,0.298033282904689,17.4,373,0
9422,Midden-Drenthe,2.3,1.34329899113545,0.870736372330251,0,0.283283283283283,15.9,413,1
9423,Midden-Drenthe,2.2,1.25642465915712,0.913043478260869,0,0.29136690647482,16.6,160,1
9431,Midden-Drenthe,2.1,1.19063704809824,0.840667942250826,0,0.279241306638566,19.1,386,1
9432,Midden-Drenthe,2.4,1.74477196266555,0.999400479616307,0,0.3125,22,44,0
9433,Midden-Drenthe,2.4,1.63507283236449,0.993710691823899,0,0.376344086021505,35.8,43,0
9434,Midden-Drenthe,2.8,1.36142736850333,0.999410029498525,0,0.4,22,73,0
9435,Midden-Drenthe,2.2,1.61757295236878,0.975251353441608,0,0.299393414211438,22,5,0
9436,Midden-Drenthe,2.7,1.49268795786158,0.994970986460348,0,0.314814814814814,30.8,20,1
9437,Midden-Drenthe,2.3,1.51400816988999,0.987216734456711,0,0.349292316580011,22,19,1
9438,Midden-Drenthe,2.6,1.32364555211873,0.984423676012461,0,0.296296296296296,22,20,1
9439,Midden-Drenthe,2.3,1.54322310710034,0.958612848209209,0,0.347107438016528,26.1,68,1
9441,Midden-Drenthe,2.2,1.33885275893708,0.996447934193307,0,0.347826086956521,27.5,43,0
9442,Midden-Drenthe,2.2,1.67949662872415,0.980508603624181,0,0.342105263157894,19.5,47,0
9443,Aa en Hunze,2.2,1.39009318070165,0.979026217228464,0,0.36,26.8,44,1
9444,Aa en Hunze,2.4,1.62973773464502,0.984866933379718,0,0.314102564102564,32.3,80,1
9445,Aa en Hunze,1.9,1.12099964242932,0.998102466793168,0,0.337894489121107,22,7,0
9446,Aa en Hunze,2.9,1.44616163623514,0.995104895104895,0,0.391304347826087,22,17,0
9447,Aa en Hunze,2.3,1.22378496758497,0.998937300743889,0,0.154929577464788,22,13,1
9448,Aa en Hunze,2.7,1.80983130614696,0.986802030456852,0,0.352941176470588,22,178,0
9449,Aa en Hunze,2.3,1.27699947858808,0.948045905707196,0,0.347058823529411,27.7,256,1
9451,Aa en Hunze,2.1,1.22507253672638,0.863233665559247,0,0.259757738896366,17.9,454,1
9452,Aa en Hunze,2.4,1.66384956315079,0.995305164319248,0,0.333333333333333,22,11,0
9453,Aa en Hunze,3.5,1.80045175294774,1,0,0.2,22,10,0
9454,Aa en Hunze,2.5,1.38516864926968,0.969448244414044,0,0.311475409836065,29.7,37,0
9455,Aa en Hunze,2,1.01356341816597,1,0,0.162014663493255,22,5,1
9456,Aa en Hunze,2.2,1.50831982752958,1,0,0.292742277804019,22,7,0
9457,Aa en Hunze,2.8,1.62530171182456,0.996054114994363,0,0.4375,22,13,0
9458,Aa en Hunze,2.4,1.22378496758497,0.991020408163265,0,0.303030303030303,22,48,0
9459,Aa en Hunze,2.6,1.68355221540092,1,0,0.198408140763541,22,2,1
9461,Aa en Hunze,2.2,1.26906362283037,0.901936710364767,0,0.280241935483871,19.1,499,1
9462,Aa en Hunze,2.1,1.39351916373896,0.927488396080453,0,0.284182305630026,19.8,163,1
9463,Aa en Hunze,2.3,1.52244112830409,0.959232118897719,0,0.301038062283737,23.2,128,0
9464,Aa en Hunze,2.2,1.56239139717379,0.994306860233418,0,0.44,22,19,0
9465,Aa en Hunze,2.3,1.72281638248956,0.983852364475201,0,0.411764705882352,36.4,32,0
9466,Aa en Hunze,2.1,1.45205746668181,0.963940759819703,0,0.363636363636363,36,54,1
9467,Aa en Hunze,2.4,1.56683365932575,0.967824967824967,0,0.358974358974359,28.1,57,1
9468,Aa en Hunze,2.2,1.29803583758057,0.896766082279807,0,0.302228412256267,23.5,395,1
9469,Aa en Hunze,2.2,1.53426096944511,0.919439579684763,0,0.260162601626016,26.6,209,0
9471,Tynaarlo,2.1,1.14827804270941,0.837971771160568,0,0.2640625,20.3,505,1
9472,Tynaarlo,2.4,1.25720262905337,0.805207328833172,0,0.285714285714285,20.9,458,0
9473,Tynaarlo,2.3,1.4153427838968,0.904715127701375,0,0.422222222222222,27.3,58,0
9474,Tynaarlo,2.4,1.81293048013288,0.975639464068209,0,0.348484848484848,35.8,31,0
9475,Tynaarlo,2.1,1.32395094075366,0.932915921288014,0,0.3,37.8,102,1
9479,Groningen,2.1,1.44424337734417,0.944856839872746,0,0.339449541284403,31.4,71,1
9481,Tynaarlo,2.1,1.10350350432871,0.827912604085118,0,0.288598574821852,20.5,423,1
9482,Tynaarlo,2.3,1.03306736286041,0.886623690572119,0,0.306493506493506,26.3,171,0
9483,Tynaarlo,2.1,1.395700033709,0.962492787074437,0,0.341463414634146,34.4,118,0
9484,Tynaarlo,2,1.48390137805051,0.994069681245367,0,0.365927847255024,22,14,0
9485,Tynaarlo,2.5,1.37988665451759,0.998892171344165,0,0.391304347826087,22,14,0
9486,Assen,2.5,1.49994851830236,0.995884773662551,0,0.25,22,54,1
9487,Assen,2.5,1.34016174414041,0.967001434720229,0,0.35,22,124,1
9488,Assen,2.6,1.50245816549206,0.963926174496644,0,0.35,22,11,0
9489,Assen,2.4,1.22378496758497,0.998730964467005,0,0.273286110999635,22,405,0
9491,Tynaarlo,2.4,1.41805256113147,0.958886780518659,0,0.356643356643356,28.2,85,0
9492,Assen,2.4,1.59752735025768,0.979831316464979,0,0.352941176470588,22,30,1
9493,Tynaarlo,2.4,1.51288814952319,0.987911025145067,0,0.297872340425531,22,76,1
9494,Tynaarlo,2.2,1.55717386714849,0.917641764176417,0,0.305389221556886,21.8,133,0
9495,Tynaarlo,2.5,1.81633351726409,1,0,0.473684210526315,22,23,0
9496,Tynaarlo,2.4,1.86247436589972,0.997000856898029,0,0.355555555555555,22,33,1
9497,Tynaarlo,2.3,1.54496146548163,0.980851063829787,0,0.34375,26.5,44,1
9501,Stadskanaal,2,1.02297154990814,0.827858195371413,0,0.260802469135802,9.3,1267,0
9502,Stadskanaal,2.2,1.22378496758497,0.770916000670653,0,0.295774647887323,13.6,830,1
9503,Stadskanaal,2,1.21199378471279,0.828419010669253,0,0.306532663316582,13.5,983,1
9511,Aa en Hunze,2.3,1.36926797941004,0.958936908895007,0,0.315,23.1,78,0
9512,Aa en Hunze,2.4,1.43337748635607,0.990528233151184,0,0.351851851851851,25.7,115,1
9514,Aa en Hunze,2.3,1.33632108835987,0.895551257253384,0,0.317333333333333,11.6,213,1
9515,Aa en Hunze,2.3,1.31087687687236,0.931877082562014,0,0.313432835820895,16.6,120,1
9521,Borger-Odoorn,2.3,1.22378496758497,0.882281971733884,0,0.295477386934673,12.5,422,1
9523,Borger-Odoorn,2.5,1.54496388393712,0.967256214149139,0,0.302521008403361,19.7,240,0
9524,Borger-Odoorn,2.5,1.22378496758497,0.974970760233918,0,0.359550561797752,21.8,56,1
9525,Borger-Odoorn,2.6,1.46988469651857,0.987047619047619,0,0.31578947368421,25.2,39,0
9526,Borger-Odoorn,2.5,1.29292332568083,0.999152901313002,0,0.294117647058823,22,16,0
9527,Borger-Odoorn,2.5,1.62041447492452,0.997108632796365,0,0.304347826086956,22,18,0
9528,Borger-Odoorn,2.4,1.79482727365006,0.964905889496053,0,0.383647798742138,27.2,92,1
9531,Borger-Odoorn,2.1,1.41395801654126,0.885502049180327,0,0.261477045908183,14.7,503,1
9533,Borger-Odoorn,2.3,1.52918910381157,0.798171900339083,0,0.333333333333333,26.2,113,0
9534,Borger-Odoorn,2.4,1.64961674432476,0.974758723088344,0,0.36,22,13,0
9535,Borger-Odoorn,2.8,1.38266860248582,0.972057578323454,0,0.333333333333333,22,4,0
9536,Borger-Odoorn,2.2,1.3050181848131,0.989800954104293,0,0.352941176470588,24.5,141,1
9537,Borger-Odoorn,2.1,1.49780946712233,0.99742334449884,0,0.361111111111111,22,15,0
9541,Westerwolde,2.2,1.40312070976031,0.944270531400966,0,0.294378698224852,14.1,251,0
9545,Westerwolde,2.1,1.52993770606894,0.895924598433559,0,0.345323741007194,13.9,68,1
9551,Westerwolde,2.2,1.58678548306743,0.958706096752816,0,0.299999999999999,15,93,1
9561,Westerwolde,2.1,1.4765161751569,0.884512,0,0.260542168674698,12.2,524,1
9563,Westerwolde,2.3,2.04039971820756,0.875167246454375,0,0.326633165829145,17.1,80,0
9564,Borger-Odoorn,1.8,0.970591000240786,0.981191222570532,0,0.264544187684721,22,151,1
9566,Westerwolde,2.1,1.53615222721899,0.972228202368137,0,0.352941176470588,11.7,55,0
9571,Borger-Odoorn,2.3,1.42612760423244,0.866290550070521,0,0.309050772626931,13.5,129,1
9573,Borger-Odoorn,2.5,1.54755329300635,0.977341389728096,0,0.36986301369863,20,25,0
9574,Borger-Odoorn,2.1,1.12159992870009,0.998130841121495,0,0.444444444444444,22,23,0
9581,Stadskanaal,2.1,1.24339537487597,0.846880109710427,0,0.273224043715847,10.4,532,1
9584,Stadskanaal,2.6,1.22378496758497,0.952199661590524,0,0.294354838709677,19.7,73,1
9585,Stadskanaal,2.4,1.22378496758497,0.992842942345924,0,0.350877192982456,24.4,21,1
9591,Stadskanaal,2.3,1.40117398391201,0.954129765113592,0,0.287958115183246,17.5,195,1
9601,Midden-Groningen,1.8,0.889026356515675,0.736187576915603,0,0.263157894736842,7,1565,1
9602,Midden-Groningen,2,0.927524049527477,0.797177251971772,0,0.270069808027923,5.4,1619,1
9603,Midden-Groningen,2.3,1.15268836374669,0.788757932910244,0,0.251709986320109,19.8,1380,1
9605,Midden-Groningen,2.2,1.37632979909597,0.946340157901779,0,0.372781065088757,21.6,42,0
9606,Midden-Groningen,2.2,1.22927150817214,0.722756193312576,0,0.373040752351097,36.1,214,0
9607,Midden-Groningen,1.9,1.40733875339887,0.70552016985138,0,0.31979695431472,7.3,295,1
9608,Midden-Groningen,2.2,1.66497459483724,0.889387984278495,0,0.354285714285714,19.2,68,1
9609,Midden-Groningen,1.3,1.22378496758497,0.839135654261704,0,0.450707207018397,22,19,1
9611,Midden-Groningen,2.2,1.11691871378376,0.820441247517311,0,0.294717887154861,11.9,1073,1
9613,Groningen,3.1,1.27785476494057,0.781667652276759,0,0.169512195121951,53.2,271,1
9614,Groningen,2.3,1.19141044174332,0.978860294117647,0,0.285714285714285,22,123,0
9615,Midden-Groningen,2.3,1.35361732316633,0.791625,0,0.29520295202952,13.8,235,1
9616,Midden-Groningen,2.2,1.24635862672821,0.981527864746399,0,0.359223300970873,28.7,118,1
9617,Midden-Groningen,2.4,1.34739562513201,0.769964841788046,0,0.30983606557377,26.3,368,1
9618,Midden-Groningen,1.9,1.34574336300556,0.978131212723658,0,0.263157894736842,22,13,0
9619,Midden-Groningen,2.3,1.7052495786047,0.887946167349327,0,0.384146341463414,21.5,92,1
9621,Midden-Groningen,2.1,1.52371502684388,0.908246225319396,0,0.293216630196936,13.8,202,1
9622,Groningen,2.6,1.79256115546677,0.997603833865814,0,0.375,22,106,0
9623,Midden-Groningen,2.4,1.76786599369834,0.988173455978975,0,0.38235294117647,22,24,0
9624,Midden-Groningen,2.5,1.22378496758497,0.997642899233942,0,0.454545454545454,22,7,0
9625,Midden-Groningen,2.2,1.29252047626483,0.976034858387799,0,0.323529411764705,19.2,35,0
9626,Midden-Groningen,2.3,1.63590116800935,0.914495114006514,0,0.32,21.8,181,1
9627,Midden-Groningen,2.3,1.24260691699763,0.95007299270073,0,0.3,27,85,0
9628,Midden-Groningen,2.2,1.24628335766673,0.911054149311118,0,0.295774647887324,16.4,353,1
9629,Midden-Groningen,2.1,1.46947760202195,0.981598062953995,0,0.365853658536585,22,63,1
9631,Veendam,2.4,1.57919355821984,0.953261927945472,0,0.34090909090909,22.4,31,1
9632,Midden-Groningen,2,2.68666005174741,0.983940042826552,0,0.326610997321569,22,14,0
9633,Midden-Groningen,2.4,1.66856180478228,0.993609149007736,0,0.38095238095238,22,13,0
9635,Midden-Groningen,2.2,1.17862761543464,0.944010831474992,0,0.308108108108108,15.1,187,1
9636,Midden-Groningen,2.2,1.30643654650269,0.875,0,0.33005617977528,15.8,326,1
9641,Veendam,1.8,0.974719125025678,0.68360672757475,0,0.258575197889182,8.4,1349,1
9642,Veendam,2.2,1.19306951716915,0.747732893652102,0,0.247736093143596,7.3,1154,1
9644,Veendam,2.3,1.84826009076004,0.923884715621646,0,0.365930599369085,16.7,96,0
9645,Veendam,2.1,1.0824683997766,0.733079762837006,0,0.288723667905824,7.8,1058,1
9646,Veendam,2.3,1.32074751372999,0.722068328716528,0,0.321285140562249,23,1047,1
9648,Veendam,2.2,1.30009615927616,0.883009933604405,0,0.321911632100991,18.1,603,1
9649,Midden-Groningen,2.1,1.05173208849016,0.829883246185803,0,0.292811839323467,10,566,1
9651,Midden-Groningen,2.2,1.58424037922248,0.929894586019854,0,0.313782991202346,17.9,140,1
9654,Aa en Hunze,2.1,1.50965503662951,0.934541792547834,0,0.4125,23.2,40,0
9655,Aa en Hunze,2.3,1.62607026557172,0.977051460361613,0,0.409090909090909,22,28,0
9656,Aa en Hunze,2.3,1.63657885409296,0.94625,0,0.366666666666666,22,34,0
9657,Aa en Hunze,2.5,1.8358823096633,0.986666666666666,0,0.318181818181818,22,20,0
9658,Aa en Hunze,2.4,1.22378496758497,0.965825614819546,0,0.369565217391304,30,43,0
9659,Aa en Hunze,2.1,1.71109385602932,0.95679012345679,0,0.311111111111111,7.5,89,1
9661,Stadskanaal,2.3,1.46014585063844,0.959621535181236,0,0.333333333333333,17.5,88,1
9663,Pekela,2.2,1.31262864403381,0.890657729367406,0,0.277426160337552,10.8,338,1
9665,Pekela,2.1,1.25130187033286,0.828619100587954,0,0.287732819524727,9.1,655,1
9671,Oldambt,1.7,0.856337423726423,0.671997491376607,0.30013476097958,0.251121076233183,6.1,1788,1
9672,Oldambt,2,1.37917088724146,0.761421731721171,0,0.329896907216494,15.6,620,0
9673,Oldambt,2,1.22378496758497,0.740702479338842,0,0.247295208655332,6.1,1136,1
9674,Oldambt,2.1,1.17056537223902,0.815707888391319,0,0.289473684210526,10.1,1173,1
9675,Oldambt,2.1,1.15859550344291,0.719508169664961,0,0.287037037037037,10.8,1377,1
9677,Oldambt,2.2,1.28931108577371,0.802914872474329,0,0.323024054982817,11.8,493,1
9678,Oldambt,2.4,1.30254361946051,0.949619667070885,0,0.328859060402684,16.9,160,1
9679,Oldambt,2.1,1.12612234278379,0.872606845871204,0,0.276199804113614,13.1,565,1
9681,Oldambt,2.2,1.31521412569814,0.886547811993517,0,0.300925925925925,11.8,204,1
9682,Oldambt,2.2,1.33718997321761,0.901984126984127,0,0.343434343434343,13.1,115,1
9684,Oldambt,2.1,1.43172117960158,0.941428480081846,0,0.325892857142857,10.2,160,0
9685,Oldambt,2.4,1.69521680937315,0.932280768499144,0,0.401408450704225,39.2,179,0
9686,Oldambt,2,1.14748372285613,0.93401833383701,0,0.285012285012285,7.7,273,0
9687,Oldambt,2.1,1.40716956805748,0.976638023630504,0,0.382978723404255,10.3,26,0
9688,Oldambt,2.1,1.20187204838124,0.973970251716247,0,0.316455696202531,7,48,0
9691,Oldambt,1.6,1.40696798334134,0.95,0,0.264544187684721,22,180,1
9693,Oldambt,1.9,1.03776770782605,0.800811829515801,0,0.33206106870229,6.4,243,0
9695,Westerwolde,2.2,1.31780239351553,0.94802505303566,0,0.293352601156069,11.5,133,1
9696,Westerwolde,2,1.17518193299818,0.977685521536066,0,0.342857142857142,22,17,1
9697,Westerwolde,2.1,1.08824689557161,0.935411049100144,0,0.291746641074856,14.4,274,1
9698,Westerwolde,2.2,1.50941504346235,0.962210443659206,0,0.327868852459016,16.2,90,1
9699,Westerwolde,2.1,1.44263967857272,0.976778115501519,0,0.340425531914893,11.9,65,0
9711,Groningen,1.2,0.158945429337634,0.464935064935064,1,0.0984081041968162,5.9,6571,1
9712,Groningen,1.2,0.205904619266995,0.489319965126416,0.976741625760702,0.119363395225464,9.4,7008,1
9713,Groningen,1.4,0.411116874278151,0.628256246677299,0.944579836056177,0.177315147164393,7.4,4570,1
9714,Groningen,1.4,0.332660977702403,0.708211143695014,0.989133119168172,0.118501529051987,10.6,5448,1
9715,Groningen,1.4,0.346335142780307,0.901479915433403,1,0.173578199052132,3.9,5189,1
9716,Groningen,1.5,0.391003169155307,0.884,0.842335972850678,0.182367149758454,2.4,5326,1
9717,Groningen,1.4,0.400772475080264,0.893939393939393,0.996372180087851,0.192219679633867,12.7,6204,1
9718,Groningen,1.3,0.301680941623094,0.703188879803761,0.912120879496148,0.132210311383358,10.4,5492,1
9721,Groningen,1.8,0.669492260490095,0.794940644431882,0.621443059913342,0.225820763087843,15.8,3174,1
9722,Groningen,1.7,0.700689014669453,0.632183908045977,0.847171717171717,0.230496453900709,22,2640,1
9723,Groningen,1.7,0.651138249449923,0.533175914994096,0.0887953941541186,0.214285714285714,21.4,1995,1
9724,Groningen,1.4,0.339009367959134,0.789818548387096,1,0.164878048780487,8.1,4492,1
9725,Groningen,1.4,0.371563403297418,0.792512943050577,0.995979899497487,0.137767220902612,8.2,4402,1
9726,Groningen,1.3,0.28665108323798,0.73227969348659,0.694584684988365,0.0986460348162475,7.4,4599,1
9727,Groningen,1.6,1.22378496758497,0.349970640046975,0.412891498881431,0.201000834028356,16.6,2967,1
9728,Groningen,1.7,0.641630367731537,0.516460108443067,0.746685504324732,0.256410256410256,14.9,2193,1
9731,Groningen,2.2,0.998117140357028,0.66559879393197,0.0387174405436013,0.28598848368522,23.7,1683,1
9732,Groningen,2.1,0.863119004305751,0.819092627599243,0,0.249510763209393,7.9,1496,1
9733,Groningen,1.9,0.706092208310022,0.862161437382676,0,0.230027548209366,4.7,1391,1
9734,Groningen,2.3,1.18884006400113,0.74679905931539,0,0.323420074349442,25,1126,1
9735,Groningen,2.4,1.16494658989083,0.761026463512429,0,0.325581395348837,22,1336,1
9736,Groningen,1.9,0.661786341132432,0.828966077594962,0,0.275890637945319,5.1,1522,1
9737,Groningen,1.9,0.739122782392991,0.785248278361725,0,0.285349233390119,6.6,1684,1
9738,Groningen,2.1,1.06930887816825,0.697388171720204,0,0.346666666666666,24,1079,1
9741,Groningen,1.5,0.3627299141061,0.794828744123572,0.90758343895226,0.151975683890577,4.2,4639,1
9742,Groningen,1.5,0.418894161200678,0.819684886208908,0.987661055205492,0.172095070422535,6.5,4504,1
9743,Groningen,1.7,0.470071830959996,0.809443725743855,0.027968675083906,0.176703645007923,6,2982,1
9744,Groningen,2.1,1.24700564663011,0.78295435117114,0,0.262635379061371,10.1,856,1
9745,Groningen,2,0.928174039629274,0.725376196990424,0,0.30718954248366,16.4,922,1
9746,Groningen,2.4,0.902741117774701,0.652786220871327,0,0.283524904214559,40.5,1184,1
9747,Groningen,1.4,1.22378496758497,0.775,0,0.588623161704343,22,983,1
9749,Noordenveld,2.3,1.20029080849719,0.925795053003533,0,0.420472594217414,22,102,0
9751,Groningen,2.3,1.04466958017921,0.900913168856135,0.0280519249577665,0.241709183673469,34.4,1094,1
9752,Groningen,2,1.04488497012731,0.871888006053726,0.0379274431522305,0.246624662466246,28.6,940,1
9753,Groningen,2.2,1.08886978035393,0.930213655364607,0,0.293532338308457,21.4,986,1
9755,Groningen,2.5,1.80263743107052,0.94384858044164,0,0.346666666666666,41.7,120,1
9756,Groningen,2.3,1.33516312272231,0.850824766913698,0,0.339483394833948,34.8,160,1
9761,Tynaarlo,2.2,1.23432946413351,0.775697685966828,0,0.265867418899859,21.7,908,1
9765,Tynaarlo,2.3,1.2147150823115,0.787994448299791,0,0.278337531486146,27.6,745,1
9766,Tynaarlo,3.2,1.31270253230144,0.778197064989517,0,0.329173166926677,74.9,310,1
9771,Het Hogeland,2.3,1.20432493468522,0.815284552845528,0,0.273127753303964,17.1,165,1
9773,Het Hogeland,2.8,1.34259814326801,0.97976501305483,0,0.259259259259259,22,58,1
9774,Het Hogeland,2.3,1.28665031315709,0.921995224197399,0,0.273381294964028,19.1,81,1
9781,Het Hogeland,2.3,1.08206109300782,0.800282618935468,0,0.266514806378132,15.6,815,1
9784,Het Hogeland,2.5,1.37500007080794,0.963133640552995,0,0.350877192982456,33.3,62,0
9785,Het Hogeland,2.2,1.26555010694215,0.916339012669287,0,0.28780487804878,21.4,353,1
9791,Groningen,2.3,1.20376402338975,0.783365930893173,0,0.264293419633225,15.9,572,1
9792,Groningen,2.3,1.41753415813728,0.930608941938094,0,0.302469135802469,16.7,106,0
9793,Groningen,2.3,1.50218961079353,0.907386990077177,0,0.333333333333333,22,43,1
9794,Groningen,2.4,1.57494874835361,0.98816199376947,0,0.428571428571428,22,40,0
9795,Groningen,2.2,1.4753054561872,0.943896424167694,0,0.397058823529411,18.4,60,1
9796,Groningen,2.4,1.27999686544082,0.950782997762863,0,0.333333333333333,22,19,1
9797,Groningen,2.3,1.26020396130856,0.923790322580645,0,0.345794392523364,23.9,56,0
9798,Groningen,2.2,1.42721224803658,0.86459286367795,0,0.333333333333333,22.4,83,1
9801,Westerkwartier,2.4,1.15268140594526,0.778873818331278,0,0.232089994079336,25.4,751,1
9804,Westerkwartier,2.4,1.31452696123056,0.854580397181294,0,0.294117647058823,20.5,267,1
9805,Westerkwartier,2.8,1.44880987219477,0.890550239234449,0,0.344444444444444,44.5,508,1
9811,Westerkwartier,2.5,1.23591921744484,0.959079283887468,0,0.275862068965517,18.4,39,1
9812,Westerkwartier,2.6,1.26726090800258,0.962025316455696,0,0.333333333333333,22,41,1
9821,Westerkwartier,2.6,1.4526915511989,0.857111209570226,0,0.267148014440433,21.5,189,1
9822,Westerkwartier,2.3,1.29262220369321,0.837691808947482,0,0.306709265175718,16,235,1
9824,Westerkwartier,2.4,1.40731168346455,0.952513966480447,0,0.358695652173913,24.1,41,0
9825,Westerkwartier,2.7,1.5209294403796,0.996857816182246,0,0.35,22,21,0
9827,Westerkwartier,2.2,1.32408750326273,0.991578947368421,0,0.321428571428571,22,23,1
9828,Westerkwartier,2.3,1.22378496758497,0.915976331360946,0,0.314685314685314,19.5,113,1
9831,Westerkwartier,2.2,1.21551658046016,0.818230925050641,0,0.276404494382022,17.3,298,1
9832,Westerkwartier,2.5,1.38834825682744,0.96993234778251,0,0.325301204819277,27.6,29,0
9833,Westerkwartier,2.5,1.54590131192943,0.97457627118644,0,0.327272727272727,28.8,33,1
9841,Westerkwartier,3.1,1.25121541078826,0.692307692307692,0,0.204431522872582,22,67,1
9842,Westerkwartier,2.2,1.39824504207214,0.836518046709129,0,0.303370786516853,15.1,69,1
9843,Westerkwartier,2.2,1.22031725146869,0.819150036190673,0,0.266544117647058,17.8,333,0
9844,Westerkwartier,2.2,1.3223088799157,0.968536251709986,0,0.326086956521739,13.5,28,0
9845,Westerkwartier,1.9,1.20129746423168,0.941594718131031,0,0.344262295081967,16,49,0
9851,Noardeast-FryslÃ¢n,2.4,1.55604054711914,0.947748099044648,0,0.276422764227642,16.3,73,1
9852,Noardeast-FryslÃ¢n,2.2,1.41564055164613,0.984554900308902,0,0.375,22,20,0
9853,Noardeast-FryslÃ¢n,2,1.57717800566202,0.912784398699891,0,0.297872340425531,8.8,67,0
9861,Westerkwartier,2.2,1.30701105444301,0.835958631662688,0,0.272089761570827,13.3,452,1
9862,Westerkwartier,2.5,1.68567337268877,0.956770502225047,0,0.328571428571428,23.4,59,1
9863,Westerkwartier,2.6,1.62180300399727,0.950334011036886,0,0.308035714285714,22.7,75,1
9864,Westerkwartier,2.3,1.42629370861319,0.826899128268991,0,0.264,13.7,91,1
9865,Westerkwartier,2.5,1.44164788020059,0.920123008989118,0,0.310276679841897,22.2,139,1
9866,Westerkwartier,2.6,1.55009951462139,0.948403291033328,0,0.275675675675675,20.6,79,1
9871,Achtkarspelen,2.4,1.5070251074014,0.666160849772382,0,0.206896551724137,22,131,1
9872,Achtkarspelen,2.5,2.05719014935397,0.968017057569296,0,0.303030303030303,22,117,1
9873,Achtkarspelen,2.3,1.53724034003648,0.882410106899902,0,0.291139240506329,12.4,133,1
9881,Westerkwartier,2.3,1.39026100399441,0.944254835039818,0,0.3125,15,67,1
9882,Westerkwartier,2.2,1.39892871459256,0.688022284122562,0,0.288888888888888,6,76,1
9883,Westerkwartier,2.4,1.35104874875883,0.904271391292404,0,0.277591973244147,15.8,169,1
9884,Westerkwartier,2.4,1.4522744187106,0.979372197309417,0,0.326530612244897,25.2,24,0
9885,Westerkwartier,2.4,1.52773106665415,0.972972972972973,0,0.394736842105263,22,23,0
9886,Westerkwartier,2,1.69859077065954,0.89090909090909,0,0.333333333333333,22,22,1
9891,Westerkwartier,2,1.23646695543153,0.927047781569965,0,0.320261437908496,15.1,113,1
9892,Westerkwartier,2.1,1.34137835472476,0.978862819699852,0,0.317460317460317,22.2,40,0
9893,Westerkwartier,2.2,1.37971636712554,0.952407772458462,0,0.329411764705882,19.7,55,0
9901,Eemsdelta,1.9,0.993244902066491,0.846712165529195,0,0.271832718327183,10.7,1085,1
9902,Eemsdelta,2.1,1.25660635891085,0.790535129231889,0,0.27743271221532,7.7,1162,1
9903,Eemsdelta,2.3,1.28972767516669,0.795852235904082,0,0.350877192982456,23.5,929,0
9904,Eemsdelta,2.1,1.23455167668667,0.976829268292682,0,0.333333333333333,22,19,0
9905,Eemsdelta,2.2,1.37378118789149,0.877246420956442,0,0.297029702970297,17.7,128,1
9906,Eemsdelta,2.3,1.33083585599808,0.881278538812785,0,0.32,16.5,100,1
9907,Eemsdelta,2.1,1.26378363784672,0.969754253308128,0,0.333333333333333,22,38,1
9908,Eemsdelta,2.2,1.31223122970633,0.976966292134831,0,0.360655737704918,13.1,42,1
9909,Eemsdelta,2.3,1.44186619411428,0.906481994459833,0,0.302238805970149,15.3,159,1
9911,Eemsdelta,2.1,1.55457726917076,0.975520833333333,0,0.4,22,30,0
9912,Eemsdelta,2.1,1.45501863077198,0.98155505107832,0,0.36734693877551,21.5,36,0
9913,Eemsdelta,2.1,1.6763486825432,0.974223784417106,0,0.347826086956521,22,27,0
9914,Eemsdelta,2.4,1.52687173138071,0.974234826214767,0,0.35576923076923,22.5,65,1
9915,Eemsdelta,2.1,1.40729969084649,0.952095808383233,0,0.325757575757575,12.5,101,1
9917,Eemsdelta,2,1.32268183761114,0.967320261437908,0,0.31578947368421,17.8,59,1
9918,Eemsdelta,2.2,1.34082114335065,0.953325554259043,0,0.330188679245283,16.9,76,1
9919,Eemsdelta,2.2,1.22949739608624,0.848002235261246,0,0.27801724137931,16.2,378,1
9921,Eemsdelta,2.2,1.21464094699168,0.941390728476821,0,0.287292817679558,13.2,130,1
9922,Eemsdelta,2.4,1.23764536154018,0.9378045285182,0,0.28235294117647,23.7,54,0
9923,Eemsdelta,2.1,1.38420568226408,0.964332318399304,0,0.275,22,32,1
9924,Eemsdelta,2.2,1.18318315901199,0.96551724137931,0,0.225262992747405,22,35,1
9925,Het Hogeland,3.2,1.81555189368655,1,0,0.31535444566306,22,20,1
9931,Eemsdelta,2.1,0.897190181918237,0.863594470046082,0,0.26625386996904,7.3,1020,1
9932,Eemsdelta,2.2,1.18098259487881,0.738229981938591,0,0.277161862527716,13.9,617,1
9933,Eemsdelta,1.9,0.823607350979564,0.86065366100836,0,0.249419953596287,5.7,994,1
9934,Eemsdelta,1.9,0.94048835523503,0.784639608117564,0,0.255511022044088,10.3,1169,1
9936,Eemsdelta,2,1.01480839259679,0.773708257494149,0,0.282282282282282,7.7,539,1
9937,Eemsdelta,2.2,1.36948428167603,0.97565179918121,0,0.350877192982456,19.8,60,0
9939,Midden-Groningen,2.1,1.96760960117341,0.973557692307692,0,0.365384615384615,19.8,29,0
9942,Oldambt,1.9,1.23284445224193,0.952380952380952,0,0.38095238095238,22,28,0
9943,Oldambt,1.9,1.15547153862791,0.979864253393665,0,0.417910447761194,16.4,39,0
9944,Oldambt,2.1,1.17989960881233,0.942793645567536,0,0.313207547169811,12.2,113,1
9945,Eemsdelta,2.2,1.2581328894856,0.86890951276102,0,0.314447592067988,14.2,237,1
9946,Eemsdelta,2.2,1.24821174964003,0.955835213106969,0,0.308900523560209,11.1,118,0
9947,Eemsdelta,2.1,1.27296265944051,0.932654216185625,0,0.426666666666666,20.8,78,1
9948,Eemsdelta,2.1,1.22815681649159,0.90625,0,0.269841269841269,9.7,96,1
9949,Eemsdelta,2.2,1.37388317914433,0.967524509803921,0,0.366666666666666,22,37,0
9951,Het Hogeland,2.2,1.30424894224754,0.838392268833736,0,0.273825503355704,16.8,689,1
9953,Het Hogeland,2.1,1.03897746666991,0.812380222307397,0,0.294906166219839,11.7,322,1
9954,Het Hogeland,2.4,1.04941335974999,0.991078355314197,0,0.333333333333333,22,38,0
9955,Het Hogeland,2.3,1.19561316773603,0.972631578947368,0,0.34090909090909,22,208,0
9956,Het Hogeland,1.9,1.17873217721,0.937926330150068,0,0.333333333333333,11.7,60,0
9957,Het Hogeland,2,1.1940785021799,0.985294117647058,0,0.449090121317157,22,9,0
9959,Het Hogeland,2.2,1.23280326136302,0.933844406587166,0,0.318965517241379,17.6,81,1
9961,Het Hogeland,2.2,1.29281677584964,0.984692375625552,0,0.405405405405405,22,77,1
9962,Het Hogeland,1.9,1.32603301179252,0.85929648241206,0,0.321297429620563,22,21,0
9963,Het Hogeland,2,1.313349197716,0.950039032006245,0,0.333333333333333,13.3,37,1
9964,Het Hogeland,2,1.11890089666783,0.882455702520588,0,0.317567567567567,9.7,107,1
9965,Het Hogeland,2.1,1.01851217219185,0.865168539325842,0,0.256410256410256,11.8,267,1
9966,Het Hogeland,2,1.18289845795293,0.988891572084037,0,0.333333333333333,22,18,1
9967,Het Hogeland,2.1,1.08421415409745,0.897569978468163,0,0.269360269360269,10.3,219,1
9968,Het Hogeland,2,1.17404458161013,0.965363581122138,0,0.321428571428571,12.4,48,1
9969,Het Hogeland,2,1.13825615221367,0.948166431593794,0,0.306122448979591,14.6,38,0
9971,Het Hogeland,2.1,1.05700998152109,0.889603429796355,0,0.268115942028985,8.5,214,1
9972,Het Hogeland,2.2,1.20636352305342,0.979301423027166,0,0.179636048526863,22,37,0
9973,Het Hogeland,2,1.28721782444611,0.932042022324359,0,0.375,18.8,39,1
9974,Het Hogeland,2.1,1.08874493648485,0.796982569210487,0,0.289256198347107,11.7,212,0
9975,Het Hogeland,1.9,1.17773473095367,0.98133270321361,0,0.351351351351351,22,25,0
9976,Het Hogeland,1.7,1.19423076923096,0.951086956521739,0,0.321428571428571,22,77,1
9977,Het Hogeland,2.1,1.07663535851122,0.918582110218776,0,0.284584980237154,11.4,125,1
9978,Het Hogeland,2.3,1.34084237855709,0.952819591103122,0,0.289473684210526,22,49,0
9981,Het Hogeland,2,0.986838872787901,0.871367787463677,0,0.264840182648401,9.7,613,0
9982,Het Hogeland,2.2,1.17094149922723,0.904596874386974,0,0.28006329113924,12,315,0
9983,Het Hogeland,2.3,1.34771769208026,0.875248015873015,0,0.295652173913043,12.2,119,1
9984,Het Hogeland,2.2,1.54462998030878,0.990410433448408,0,0.306122448979591,16.7,21,0
9985,Het Hogeland,2.9,1.71891766641137,0.970282317979197,0,0.285714285714285,22,31,0
9986,Het Hogeland,2.1,1.13051918685162,0.984037075180226,0,0.285714285714285,22,17,0
9987,Eemsdelta,1.9,1.32449233921512,0.942540322580645,0,0.348837209302325,5.9,37,0
9988,Het Hogeland,2.1,1.23573192251296,0.924663299663299,0,0.29090909090909,12.2,167,0
9989,Het Hogeland,2,1.03241561004537,0.90930745478606,0,0.298901098901098,11.7,306,1
9991,Eemsdelta,2.1,1.08195312078116,0.886547042627931,0,0.271889400921659,12.2,335,1
9992,Eemsdelta,2,1.37857465253253,0.973032714412024,0,0.375,22,22,0
9993,Eemsdelta,2.3,1.51431041173085,0.971830985915493,0,0.375,22,67,0
9994,Eemsdelta,2.6,1.66332110765959,0.969529085872576,0,0.3125,22,203,1
9995,Het Hogeland,2.3,1.27989005692729,0.921148036253776,0,0.303030303030303,14.6,96,1
9996,Het Hogeland,2.2,1.68106489690695,0.973193473193473,0,0.357142857142857,22,19,1
9997,Het Hogeland,2.3,1.36535607493855,0.944873949579832,0,0.347826086956521,16.9,91,1
9998,Het Hogeland,2.3,1.36887692658151,0.984409799554565,0,0.314285714285714,22,16,1
9999,Het Hogeland,2.2,1.36165799755973,0.980228136882129,0,0.31578947368421,22,12,0
